s_q_norm,s_q_hp,s_energy,s_age_norm,s_age_hp,s_neighbors,q_val_0,q_val_1,q_val_2,q_val_3,q_val_4,action,reward
0.06666667014360428,0.03333333507180214,0.9997599720954895,0.0,0.0,0.5555555820465088,-0.03110937774181366,0.10801034420728683,0.030767083168029785,-0.12232509255409241,-0.04370010271668434,1.0,-0.581361087039113
0.10000000149011612,0.06666667014360428,0.9990065693855286,0.019999999552965164,0.05000000074505806,0.5555555820465088,-0.030603859573602676,0.10677293688058853,0.03207974135875702,-0.1201038733124733,-0.042907968163490295,1.0,-0.7673457022756338
0.10000000149011612,0.06666667014360428,0.9984132051467896,0.019999999552965164,0.10000000149011612,0.5555555820465088,-0.032320499420166016,0.10962776094675064,0.03242676332592964,-0.12008344382047653,-0.04216068238019943,1.0,-1.1113611124455929
0.13333334028720856,0.10000000149011612,0.9976598024368286,0.03999999910593033,0.15000000596046448,0.5555555820465088,-0.03315151482820511,0.10725279152393341,0.033961620181798935,-0.11744698882102966,-0.040629059076309204,1.0,-1.2973695509135723
0.13333334028720856,0.10000000149011612,0.9970663785934448,0.03999999910593033,0.20000000298023224,0.5555555820465088,-0.03491249307990074,0.10936389863491058,0.03405794873833656,-0.11705325543880463,-0.03933002054691315,1.0,-1.5153499208390713
0.10000000149011612,0.10000000149011612,0.9965530037879944,0.03999999910593033,0.25,0.5555555820465088,-0.036741893738508224,0.11376802623271942,0.03238328546285629,-0.11731323599815369,-0.038951508700847626,1.0,-1.8273695949465036
0.10000000149011612,0.10000000149011612,0.9959595799446106,0.05999999865889549,0.30000001192092896,0.5555555820465088,-0.03754875808954239,0.1157403290271759,0.03275684267282486,-0.11613523215055466,-0.03847961872816086,1.0,-2.0773695055395365
0.10000000149011612,0.10000000149011612,0.9953661561012268,0.05999999865889549,0.3499999940395355,0.5555555820465088,-0.03907599300146103,0.11843620240688324,0.03375312313437462,-0.115302175283432,-0.03800874948501587,1.0,-2.2653499506413937
0.06666667014360428,0.10000000149011612,0.9948527812957764,0.03999999910593033,0.4000000059604645,0.5555555820465088,-0.0406537801027298,0.12361519038677216,0.03190735727548599,-0.11582052707672119,-0.038146667182445526,1.0,-2.5473694764077663
0.03333333507180214,0.13333334028720856,0.9942593574523926,0.03999999910593033,0.44999998807907104,0.5555555820465088,-0.042131565511226654,0.12723353505134583,0.029152827337384224,-0.11482589691877365,-0.03945356607437134,1.0,-2.7693653106689453
0.06666667014360428,0.13333334028720856,0.9935859441757202,0.0,0.5,0.5555555820465088,-0.0438193753361702,0.1284497082233429,0.03340538591146469,-0.11469748616218567,-0.037326861172914505,1.0,-2.9853499811142683
0.03333333507180214,0.13333334028720856,0.9930725693702698,0.019999999552965164,0.550000011920929,0.5555555820465088,-0.044915925711393356,0.13168510794639587,0.03167616203427315,-0.11417006701231003,-0.040025494992733,1.0,-3.237369656562805
0.0,0.1666666716337204,0.992479145526886,0.0,0.6000000238418579,0.5555555820465088,-0.046466439962387085,0.13339298963546753,0.030319329351186752,-0.1139279454946518,-0.04115116223692894,1.0,-3.3460110425949097
0.06666667014360428,0.20000000298023224,0.9922391176223755,0.0,0.6499999761581421,0.5555555820465088,-0.047957539558410645,0.13215067982673645,0.0334915891289711,-0.11175531893968582,-0.04020155221223831,1.0,-3.7993652503937483
0.06666667014360428,0.23333333432674408,0.9915657043457031,0.019999999552965164,0.699999988079071,0.5555555820465088,-0.048395492136478424,0.13356482982635498,0.032108843326568604,-0.11095709353685379,-0.04327334463596344,1.0,-4.017345694825053
0.06666667014360428,0.23333333432674408,0.9909723401069641,0.019999999552965164,0.75,0.5555555820465088,-0.049250077456235886,0.13592901825904846,0.03247171267867088,-0.11115026473999023,-0.04521065205335617,1.0,-4.299365369603038
0.10000000149011612,0.23333333432674408,0.9902989268302917,0.019999999552965164,0.800000011920929,0.5555555820465088,-0.05014468729496002,0.13724644482135773,0.034607790410518646,-0.11121862381696701,-0.04529288411140442,1.0,-4.517369655892253
0.06666667014360428,0.2666666805744171,0.989705502986908,0.019999999552965164,0.8500000238418579,0.5555555820465088,-0.050510749220848083,0.14013592898845673,0.032990530133247375,-0.11163865029811859,-0.04898509010672569,1.0,-4.829365190118551
0.10000000149011612,0.2666666805744171,0.9890320897102356,0.03999999910593033,0.8999999761581421,0.5555555820465088,-0.05167132243514061,0.1412573605775833,0.03443503379821777,-0.11155922710895538,-0.050307102501392365,1.0,-5.017345635220408
0.06666667014360428,0.30000001192092896,0.9884387254714966,0.019999999552965164,0.949999988079071,0.5555555820465088,-0.05217067524790764,0.1432833969593048,0.0350160226225853,-0.11308687180280685,-0.05264001339673996,1.0,0.0
0.13333334028720856,0.0,0.9996799826622009,0.0,0.0,0.5555555820465088,-0.031025219708681107,0.10576248168945312,0.034366317093372345,-0.12050202488899231,-0.04063674807548523,1.0,-0.22989013604819775
0.13333334028720856,0.06666667014360428,0.999180257320404,0.019999999552965164,0.0,0.5555555820465088,-0.029129136353731155,0.10138404369354248,0.033407632261514664,-0.11910991370677948,-0.042473502457141876,1.0,-0.509913980960846
0.20000000298023224,0.06666667014360428,0.9986804723739624,0.03999999910593033,0.05000000074505806,0.5555555820465088,-0.029788244515657425,0.1013893336057663,0.03779913857579231,-0.11608525365591049,-0.039602700620889664,1.0,-0.7258985955268145
0.20000000298023224,0.06666667014360428,0.9983407258987427,0.05999999865889549,0.10000000149011612,0.5555555820465088,-0.03071209043264389,0.10323522239923477,0.03767397254705429,-0.11574581265449524,-0.03935794532299042,1.0,-1.0399140063673258
0.23333333432674408,0.10000000149011612,0.997840940952301,0.05999999865889549,0.15000000596046448,0.5555555820465088,-0.03128524497151375,0.10210955888032913,0.03987295925617218,-0.11359978467226028,-0.03831414505839348,1.0,-1.2898901496082544
0.30000001192092896,0.10000000149011612,0.9973412156105042,0.05999999865889549,0.20000000298023224,0.5555555820465088,-0.03212636336684227,0.10114521533250809,0.04474590718746185,-0.11164972186088562,-0.03652666509151459,1.0,-1.5059224292635918
0.30000001192092896,0.10000000149011612,0.9970014095306396,0.07999999821186066,0.25,0.5555555820465088,-0.034115321934223175,0.1030733734369278,0.044897936284542084,-0.11157115548849106,-0.036858994513750076,1.0,-1.8818859718739986
0.3333333432674408,0.1666666716337204,0.9964216947555542,0.10000000149011612,0.30000001192092896,0.5555555820465088,-0.03484548628330231,0.09937693178653717,0.04827851057052612,-0.10852479934692383,-0.038093045353889465,1.0,-2.0359224043786526
0.3333333432674408,0.1666666716337204,0.9960818886756897,0.10000000149011612,0.3499999940395355,0.5555555820465088,-0.03623463213443756,0.10203710943460464,0.04893451929092407,-0.10793972760438919,-0.03793395310640335,1.0,-2.285898622125387
0.3333333432674408,0.1666666716337204,0.99574214220047,0.10000000149011612,0.4000000059604645,0.5555555820465088,-0.037654705345630646,0.10484764724969864,0.049637287855148315,-0.10732167959213257,-0.037906747311353683,1.0,-2.597894299775362
0.36666667461395264,0.1666666716337204,0.9953224062919617,0.11999999731779099,0.44999998807907104,0.5555555820465088,-0.03893420845270157,0.10539238154888153,0.05256587266921997,-0.10529083013534546,-0.038769178092479706,1.0,-2.8159224279224873
0.3333333432674408,0.20000000298023224,0.9949826002120972,0.11999999731779099,0.5,0.5555555820465088,-0.04058632627129555,0.1099051684141159,0.04942946881055832,-0.1050475612282753,-0.03999345004558563,1.0,-3.095898650586605
0.3333333432674408,0.20000000298023224,0.9946428537368774,0.14000000059604645,0.550000011920929,0.5555555820465088,-0.04182202368974686,0.11316531896591187,0.048424072563648224,-0.10478010028600693,-0.04155202582478523,1.0,-3.407894477248192
0.36666667461395264,0.20000000298023224,0.9942231178283691,0.1599999964237213,0.6000000238418579,0.5555555820465088,-0.04272923991084099,0.11424651741981506,0.05022098869085312,-0.10417013615369797,-0.04338318482041359,1.0,-3.625922307372093
0.3333333432674408,0.23333333432674408,0.9938833117485046,0.1599999964237213,0.6499999761581421,0.5555555820465088,-0.04420579969882965,0.11854526400566101,0.04614725708961487,-0.10479024052619934,-0.04496617615222931,1.0,-3.9078942984342575
0.36666667461395264,0.23333333432674408,0.9934635758399963,0.1599999964237213,0.699999988079071,0.5555555820465088,-0.04505515843629837,0.12033869326114655,0.049199022352695465,-0.10476179420948029,-0.04548593983054161,1.0,-4.219913989305496
0.4333333373069763,0.23333333432674408,0.9929637908935547,0.18000000715255737,0.75,0.5555555820465088,-0.04466245323419571,0.12039889395236969,0.05544353276491165,-0.10403695702552795,-0.047128159552812576,1.0,-4.373902887105942
0.4000000059604645,0.23333333432674408,0.9927040338516235,0.18000000715255737,0.800000011920929,0.5555555820465088,-0.046414606273174286,0.12599816918373108,0.05206727236509323,-0.10481411218643188,-0.04738559201359749,1.0,-4.687894493341446
0.4000000059604645,0.2666666805744171,0.9922842979431152,0.18000000715255737,0.8500000238418579,0.5555555820465088,-0.04760274291038513,0.1281966269016266,0.051016002893447876,-0.1050378605723381,-0.04915931448340416,1.0,-4.8739027082920074
0.36666667461395264,0.2666666805744171,0.9920245409011841,0.18000000715255737,0.8999999761581421,0.5555555820465088,-0.04884945601224899,0.13338282704353333,0.047600820660591125,-0.10583098232746124,-0.04932359978556633,1.0,0.0
0.06666667014360428,0.0,0.9998400211334229,0.0,0.0,0.5555555820465088,-0.031781360507011414,0.10980601608753204,0.031055759638547897,-0.12324178963899612,-0.0430026575922966,1.0,-0.1749346535652876
0.06666667014360428,0.0,0.9994776844978333,0.019999999552965164,0.0,0.5555555820465088,-0.03126789629459381,0.10889271646738052,0.03044600412249565,-0.12317809462547302,-0.04287397488951683,1.0,-0.2389023583382368
0.13333334028720856,0.0,0.9989554286003113,0.019999999552965164,0.0,0.5555555820465088,-0.030588530004024506,0.10502847284078598,0.033935077488422394,-0.12038522958755493,-0.04047667980194092,1.0,-0.23892620019614697
0.20000000298023224,0.0,0.9984331130981445,0.019999999552965164,0.0,0.5555555820465088,-0.03096308559179306,0.10215921700000763,0.03769402205944061,-0.11782339215278625,-0.03717678785324097,1.0,-0.23693042621016502
0.23333333432674408,0.0,0.9979907870292664,0.03999999910593033,0.0,0.5555555820465088,-0.030885763466358185,0.09962980449199677,0.03903349116444588,-0.11635230481624603,-0.03590233623981476,1.0,-0.23491081036627293
0.20000000298023224,0.03333333507180214,0.9976285099983215,0.05999999865889549,0.0,0.5555555820465088,-0.029733974486589432,0.09915196895599365,0.03692106902599335,-0.11647246778011322,-0.03863725811243057,1.0,-0.4849108140915632
0.20000000298023224,0.03333333507180214,0.9972662329673767,0.05999999865889549,0.05000000074505806,0.5555555820465088,-0.03043234348297119,0.10213668644428253,0.03737999126315117,-0.11650534719228745,-0.03861946612596512,1.0,-0.7649346590042114
0.1666666716337204,0.06666667014360428,0.9969038963317871,0.07999999821186066,0.10000000149011612,0.5555555820465088,-0.030849512666463852,0.10381707549095154,0.035058632493019104,-0.11683482676744461,-0.04075488820672035,1.0,-1.0129150710999966
0.13333334028720856,0.06666667014360428,0.9966216087341309,0.10000000149011612,0.15000000596046448,0.5555555820465088,-0.03277912735939026,0.10654282569885254,0.03230269253253937,-0.11775339394807816,-0.04118675738573074,1.0,-1.3269066028296947
0.1666666716337204,0.06666667014360428,0.9961793422698975,0.10000000149011612,0.20000000298023224,0.5555555820465088,-0.03356592357158661,0.10735155642032623,0.03511834144592285,-0.11636482179164886,-0.03996935114264488,1.0,-1.5749346502125263
0.1666666716337204,0.06666667014360428,0.9958170056343079,0.11999999731779099,0.25,0.5555555820465088,-0.03462184965610504,0.10940402746200562,0.035460103303194046,-0.11546038091182709,-0.04021023213863373,1.0,-1.858902420848608
0.20000000298023224,0.10000000149011612,0.9952947497367859,0.10000000149011612,0.30000001192092896,0.5555555820465088,-0.03596145659685135,0.10918546468019485,0.039247334003448486,-0.11337228864431381,-0.039198171347379684,1.0,-1.9849346224218607
0.20000000298023224,0.10000000149011612,0.9949324131011963,0.05999999865889549,0.3499999940395355,0.5555555820465088,-0.038048114627599716,0.1131804883480072,0.040950462222099304,-0.11333594471216202,-0.036850471049547195,1.0,-2.2969066128134727
0.20000000298023224,0.13333334028720856,0.9944901466369629,0.07999999821186066,0.4000000059604645,0.5555555820465088,-0.03939861059188843,0.11368444561958313,0.04098321497440338,-0.11121766269207001,-0.03796232119202614,1.0,-2.5469303652644157
0.23333333432674408,0.13333334028720856,0.9940478205680847,0.07999999821186066,0.44999998807907104,0.5555555820465088,-0.04081469029188156,0.1147771030664444,0.043620601296424866,-0.1099286824464798,-0.037750549614429474,1.0,-2.7649108096957207
0.23333333432674408,0.13333334028720856,0.9936855435371399,0.07999999821186066,0.5,0.5555555820465088,-0.0428430438041687,0.11785173416137695,0.04400422051548958,-0.10933457314968109,-0.03781674802303314,1.0,-3.0769066475331783
0.20000000298023224,0.20000000298023224,0.9932432770729065,0.10000000149011612,0.550000011920929,0.5555555820465088,-0.04440510645508766,0.12071072310209274,0.03987189382314682,-0.10734430700540543,-0.04028540849685669,1.0,-3.358926322311163
0.23333333432674408,0.23333333432674408,0.9927209615707397,0.10000000149011612,0.6000000238418579,0.5555555820465088,-0.04481129348278046,0.12129583954811096,0.041036978363990784,-0.10665542632341385,-0.04207577556371689,1.0,-3.576930310577154
0.23333333432674408,0.2666666805744171,0.9922786355018616,0.10000000149011612,0.6499999761581421,0.5555555820465088,-0.04564519226551056,0.12348154187202454,0.03970858454704285,-0.1067170649766922,-0.04412953555583954,1.0,-3.826906528323889
0.2666666805744171,0.2666666805744171,0.9918363690376282,0.10000000149011612,0.699999988079071,0.5555555820465088,-0.04665457457304001,0.1249609887599945,0.04163827747106552,-0.10667237639427185,-0.044140204787254333,1.0,0.0
0.06666667014360428,0.0,0.9996654391288757,0.0,0.0,0.5555555820465088,-0.03178224340081215,0.10979631543159485,0.031054046005010605,-0.12324519455432892,-0.04299755394458771,1.0,-0.2222845833748579
0.06666667014360428,0.0,0.9991847276687622,0.019999999552965164,0.0,0.5555555820465088,-0.03126926347613335,0.10887651890516281,0.03044338896870613,-0.12318384647369385,-0.04286561906337738,1.0,-0.2542803566902876
0.10000000149011612,0.0,0.9986240267753601,0.019999999552965164,0.0,0.5555555820465088,-0.03058873489499092,0.10654385387897491,0.03203972429037094,-0.1219911053776741,-0.04208919778466225,1.0,-0.2862761300057173
0.10000000149011612,0.06666667014360428,0.9979833364486694,0.019999999552965164,0.0,0.5555555820465088,-0.029219791293144226,0.10305720567703247,0.03169538825750351,-0.12057322263717651,-0.043544504791498184,1.0,-0.5023084282875061
0.10000000149011612,0.06666667014360428,0.9975025653839111,0.03999999910593033,0.05000000074505806,0.5555555820465088,-0.030304845422506332,0.10567691922187805,0.03139141947031021,-0.11983532458543777,-0.04302460327744484,1.0,-0.8482719101011753
0.1666666716337204,0.10000000149011612,0.9967818856239319,0.03999999910593033,0.10000000149011612,0.5555555820465088,-0.030834004282951355,0.10339540243148804,0.03580372780561447,-0.1164376512169838,-0.04095356911420822,1.0,-1.0342803858220577
0.20000000298023224,0.10000000149011612,0.9962211847305298,0.03999999910593033,0.15000000596046448,0.5555555820465088,-0.03196229040622711,0.10411642491817474,0.03816007077693939,-0.11504839360713959,-0.03882110118865967,1.0,-1.2522845976054668
0.1666666716337204,0.13333334028720856,0.9957404732704163,0.03999999910593033,0.20000000298023224,0.5555555820465088,-0.03404262661933899,0.10583548247814178,0.035979852080345154,-0.11491125077009201,-0.03858219087123871,1.0,-1.6282957438379526
0.23333333432674408,0.1666666716337204,0.9950197339057922,0.05999999865889549,0.25,0.5555555820465088,-0.034376464784145355,0.10248588025569916,0.04053342714905739,-0.11159369349479675,-0.03788008540868759,1.0,-1.8442804142832756
0.2666666805744171,0.1666666716337204,0.9944590330123901,0.07999999821186066,0.30000001192092896,0.5555555820465088,-0.03534289449453354,0.10292111337184906,0.043458715081214905,-0.11017148196697235,-0.03817564249038696,1.0,-2.0622845515608788
0.2666666805744171,0.1666666716337204,0.9939783215522766,0.07999999821186066,0.3499999940395355,0.5555555820465088,-0.03692810609936714,0.10573576390743256,0.04442320764064789,-0.10964355617761612,-0.037845179438591,1.0,-2.4063000045716763
0.30000001192092896,0.20000000298023224,0.9933375716209412,0.10000000149011612,0.4000000059604645,0.5555555820465088,-0.03795542195439339,0.10539736598730087,0.046984411776065826,-0.10674819350242615,-0.038216009736061096,1.0,-2.594280295073986
0.30000001192092896,0.23333333432674408,0.9927768707275391,0.07999999821186066,0.44999998807907104,0.5555555820465088,-0.0401996374130249,0.10754621028900146,0.04809500277042389,-0.10567542910575867,-0.03800685703754425,1.0,-2.8422845862805843
0.30000001192092896,0.23333333432674408,0.9922961592674255,0.10000000149011612,0.5,0.5555555820465088,-0.0410945899784565,0.11079680174589157,0.04691996052861214,-0.10540515184402466,-0.03992976248264313,1.0,-3.186300028115511
0.36666667461395264,0.23333333432674408,0.9916554093360901,0.11999999731779099,0.550000011920929,0.5555555820465088,-0.04157160222530365,0.11002569645643234,0.0510064922273159,-0.10430748015642166,-0.04178449884057045,1.0,-3.372284699231386
0.36666667461395264,0.23333333432674408,0.9911746978759766,0.11999999731779099,0.6000000238418579,0.5555555820465088,-0.04315433278679848,0.11340351402759552,0.05059017613530159,-0.10459323227405548,-0.04253166541457176,1.0,-3.6522844657301903
0.36666667461395264,0.23333333432674408,0.990693986415863,0.14000000059604645,0.6499999761581421,0.5555555820465088,-0.04415447637438774,0.1167006567120552,0.049856655299663544,-0.10468736290931702,-0.0440717488527298,1.0,-3.9342802986502647
0.4000000059604645,0.23333333432674408,0.9901332855224609,0.14000000059604645,0.699999988079071,0.5555555820465088,-0.04466567561030388,0.11886996030807495,0.05329059064388275,-0.10465095937252045,-0.04448787122964859,1.0,-4.1842803582549095
0.4000000059604645,0.2666666805744171,0.9895725846290588,0.14000000059604645,0.75,0.5555555820465088,-0.045851342380046844,0.12106141448020935,0.0522436685860157,-0.10487540066242218,-0.04626487195491791,1.0,-4.432284638285637
0.4000000059604645,0.2666666805744171,0.9890918731689453,0.1599999964237213,0.800000011920929,0.5555555820465088,-0.04669458419084549,0.12453751266002655,0.05168674886226654,-0.10496548563241959,-0.04775498807430267,1.0,0.0
0.10000000149011612,0.0,0.9995748400688171,0.0,0.0,0.5454545617103577,-0.03136176988482475,0.10720106959342957,0.03274480998516083,-0.12175474315881729,-0.042269833385944366,1.0,-0.37844875268638134
0.1666666716337204,0.03333333507180214,0.9987037181854248,0.019999999552965164,0.0,0.5454545617103577,-0.03036770224571228,0.10173667222261429,0.035848069936037064,-0.1181926280260086,-0.040026456117630005,1.0,-0.5944333672523499
0.20000000298023224,0.03333333507180214,0.9979926347732544,0.03999999910593033,0.05000000074505806,0.5454545617103577,-0.030670713633298874,0.10252845287322998,0.038021210581064224,-0.1166749969124794,-0.038906630128622055,1.0,-0.8124375976622105
0.20000000298023224,0.03333333507180214,0.9973615407943726,0.03999999910593033,0.10000000149011612,0.5454545617103577,-0.03137463331222534,0.10570231825113297,0.038566239178180695,-0.11669435352087021,-0.03863309323787689,1.0,-1.1244572345167398
0.20000000298023224,0.06666667014360428,0.9966503977775574,0.05999999865889549,0.15000000596046448,0.5454545617103577,-0.032091666013002396,0.10537004470825195,0.03840082138776779,-0.11559271812438965,-0.03945833817124367,1.0,-1.3724376037716866
0.1666666716337204,0.10000000149011612,0.9960193037986755,0.07999999821186066,0.20000000298023224,0.5454545617103577,-0.03357752040028572,0.10581640899181366,0.03580356389284134,-0.1155371144413948,-0.04045352712273598,1.0,-1.6224375888705254
0.1666666716337204,0.10000000149011612,0.9953882098197937,0.07999999821186066,0.25,0.5454545617103577,-0.0348701998591423,0.10842762142419815,0.03656351938843727,-0.11478357017040253,-0.039646830409765244,1.0,-1.8704418800771236
0.13333334028720856,0.10000000149011612,0.9948371052742004,0.10000000149011612,0.30000001192092896,0.5454545617103577,-0.03662966936826706,0.11263351142406464,0.034542016685009,-0.11467187106609344,-0.04026823490858078,1.0,-2.152437563985586
0.10000000149011612,0.13333334028720856,0.9942060112953186,0.10000000149011612,0.3499999940395355,0.5454545617103577,-0.03860091790556908,0.11630165576934814,0.03234024718403816,-0.11348976194858551,-0.040055520832538605,1.0,-2.4344333969056606
0.10000000149011612,0.1666666716337204,0.9934949278831482,0.10000000149011612,0.4000000059604645,0.5454545617103577,-0.04032842442393303,0.11819513887166977,0.032449185848236084,-0.11128859221935272,-0.039833590388298035,1.0,-2.6544333025813103
0.10000000149011612,0.20000000298023224,0.9927838444709778,0.07999999821186066,0.44999998807907104,0.5454545617103577,-0.04241906851530075,0.12011536955833435,0.03296805918216705,-0.11008839309215546,-0.039366722106933594,1.0,-2.8444572053849697
0.10000000149011612,0.23333333432674408,0.9920727014541626,0.03999999910593033,0.5,0.5454545617103577,-0.04439964145421982,0.12184400856494904,0.03403463214635849,-0.10958106070756912,-0.038242895156145096,1.0,-3.1584249697625637
0.20000000298023224,0.23333333432674408,0.991201639175415,0.03999999910593033,0.550000011920929,0.5454545617103577,-0.044803157448768616,0.11982898414134979,0.041363682597875595,-0.10810166597366333,-0.039153650403022766,1.0,-3.2804419361054897
0.1666666716337204,0.23333333432674408,0.9906505346298218,0.03999999910593033,0.6000000238418579,0.5454545617103577,-0.046144187450408936,0.12445981055498123,0.038239508867263794,-0.10859941691160202,-0.03992476686835289,1.0,-3.5624374710023403
0.1666666716337204,0.23333333432674408,0.9900194406509399,0.03999999910593033,0.6499999761581421,0.5454545617103577,-0.04715799540281296,0.12743838131427765,0.03761885315179825,-0.10870979726314545,-0.0408308245241642,1.0,-3.8744571451097727
0.20000000298023224,0.23333333432674408,0.9893082976341248,0.05999999865889549,0.699999988079071,0.5454545617103577,-0.04801420494914055,0.12895306944847107,0.039038293063640594,-0.10808935761451721,-0.04198986291885376,1.0,-4.154433362185955
0.23333333432674408,0.23333333432674408,0.9885972142219543,0.07999999821186066,0.75,0.5454545617103577,-0.04887102171778679,0.13037195801734924,0.04047402739524841,-0.10767866671085358,-0.04284517467021942,1.0,-4.434433426707983
0.2666666805744171,0.23333333432674408,0.9878861308097839,0.10000000149011612,0.800000011920929,0.5454545617103577,-0.049624793231487274,0.13167983293533325,0.04204518347978592,-0.10744766891002655,-0.043955326080322266,1.0,-4.622437708079815
0.2666666805744171,0.23333333432674408,0.9872550368309021,0.07999999821186066,0.8500000238418579,0.5454545617103577,-0.050541460514068604,0.13459515571594238,0.04334254190325737,-0.10829397290945053,-0.0436023510992527,1.0,-4.840441696345806
0.23333333432674408,0.23333333432674408,0.9867039322853088,0.07999999821186066,0.8999999761581421,0.5454545617103577,-0.0518818274140358,0.13786602020263672,0.04144253581762314,-0.10938728600740433,-0.04543972387909889,1.0,-180.0
0.06666667014360428,0.0,0.991604745388031,0.0,0.0,0.5555555820465088,-0.03182348236441612,0.10934850573539734,0.03097406029701233,-0.12340229749679565,-0.042761318385601044,1.0,-0.13390281610190868
0.03333333507180214,0.0,0.9913449883460999,0.019999999552965164,0.0,0.5555555820465088,-0.032185591757297516,0.11078698933124542,0.02861633710563183,-0.12441462278366089,-0.0431925430893898,1.0,-0.13589859008789062
0.03333333507180214,0.0,0.9910052418708801,0.0,0.0,0.5555555820465088,-0.03274424746632576,0.11164689064025879,0.029147891327738762,-0.1244388222694397,-0.043242476880550385,1.0,-0.19991397857666016
0.06666667014360428,0.03333333507180214,0.9905054569244385,0.0,0.0,0.5555555820465088,-0.031157169491052628,0.1075286716222763,0.030682839453220367,-0.12243152409791946,-0.043394897133111954,1.0,-0.5118859130889177
0.13333334028720856,0.06666667014360428,0.989925742149353,0.019999999552965164,0.05000000074505806,0.5555555820465088,-0.030540354549884796,0.10472133010625839,0.03396753594279289,-0.11891266703605652,-0.04152173548936844,1.0,-0.6979182120412588
0.1666666716337204,0.06666667014360428,0.9895059466362,0.019999999552965164,0.10000000149011612,0.5555555820465088,-0.03151506558060646,0.10589483380317688,0.036453891545534134,-0.11744913458824158,-0.03973109647631645,1.0,-0.9458986185491085
0.13333334028720856,0.10000000149011612,0.9891662001609802,0.03999999910593033,0.15000000596046448,0.5555555820465088,-0.03314798325300217,0.10689780116081238,0.033978089690208435,-0.11745577305555344,-0.04041939228773117,1.0,-1.225898602977395
0.13333334028720856,0.10000000149011612,0.9888264536857605,0.05999999865889549,0.20000000298023224,0.5555555820465088,-0.034456029534339905,0.10824602842330933,0.033511724323034286,-0.11699217557907104,-0.039859589189291,1.0,-1.571909749880433
0.23333333432674408,0.10000000149011612,0.9882466793060303,0.05999999865889549,0.25,0.5555555820465088,-0.034814536571502686,0.1060953289270401,0.04088170826435089,-0.11338919401168823,-0.03679130971431732,1.0,-1.7558986470103264
0.20000000298023224,0.13333334028720856,0.9879069328308105,0.07999999821186066,0.30000001192092896,0.5555555820465088,-0.03601246327161789,0.10781620442867279,0.03933655470609665,-0.1125318631529808,-0.03853129222989082,1.0,-2.0079181734472513
0.23333333432674408,0.13333334028720856,0.9874871373176575,0.05999999865889549,0.3499999940395355,0.5555555820465088,-0.037597689777612686,0.10944730788469315,0.04292403906583786,-0.11152249574661255,-0.03683121129870415,1.0,-2.257894391193986
0.23333333432674408,0.1666666716337204,0.9870674014091492,0.05999999865889549,0.4000000059604645,0.5555555820465088,-0.039022669196128845,0.1105804294347763,0.04343365877866745,-0.10999424010515213,-0.03694549947977066,1.0,-2.473902754485607
0.20000000298023224,0.1666666716337204,0.986807644367218,0.07999999821186066,0.44999998807907104,0.5555555820465088,-0.0412803590297699,0.11514254659414291,0.04096469283103943,-0.1093270480632782,-0.03803881257772446,1.0,-2.8499139808118343
0.20000000298023224,0.23333333432674408,0.9863078594207764,0.10000000149011612,0.5,0.5555555820465088,-0.04264992102980614,0.11593884974718094,0.03974109888076782,-0.10671741515398026,-0.04004238545894623,1.0,-3.1299140341579914
0.2666666805744171,0.23333333432674408,0.9858080744743347,0.11999999731779099,0.550000011920929,0.5555555820465088,-0.042559914290905,0.1154688149690628,0.0434349849820137,-0.10572262108325958,-0.042019233107566833,1.0,-3.3498902581632137
0.2666666805744171,0.30000001192092896,0.9853083491325378,0.10000000149011612,0.6000000238418579,0.5555555820465088,-0.043474361300468445,0.11663952469825745,0.04205990582704544,-0.10582651197910309,-0.04449835047125816,1.0,-3.5658984668552876
0.23333333432674408,0.3333333432674408,0.9849686026573181,0.11999999731779099,0.6499999761581421,0.5555555820465088,-0.04433383792638779,0.12038224935531616,0.03755481541156769,-0.10619071125984192,-0.047363460063934326,1.0,-3.879913914948702
0.23333333432674408,0.4000000059604645,0.9844688177108765,0.11999999731779099,0.699999988079071,0.5555555820465088,-0.044666633009910583,0.1206994280219078,0.035469431430101395,-0.10618618130683899,-0.050027888268232346,1.0,-4.035898592323065
0.23333333432674408,0.4000000059604645,0.9841290712356567,0.10000000149011612,0.75,0.5555555820465088,-0.04595866799354553,0.12401749193668365,0.03555116429924965,-0.10671162605285645,-0.049232929944992065,1.0,-4.349914040416479
0.30000001192092896,0.4000000059604645,0.9836292862892151,0.10000000149011612,0.800000011920929,0.5555555820465088,-0.04733242094516754,0.12325921654701233,0.040161073207855225,-0.10635581612586975,-0.04962949454784393,1.0,-162.0
0.06666667014360428,0.03333333507180214,0.9913140535354614,0.0,0.0,0.5555555820465088,-0.03115300089120865,0.10757075995206833,0.03069019317626953,-0.1224222183227539,-0.043421559035778046,1.0,-0.42491081543266773
0.06666667014360428,0.03333333507180214,0.9909517765045166,0.019999999552965164,0.05000000074505806,0.5555555820465088,-0.03146355599164963,0.1100684255361557,0.03062659502029419,-0.12197178602218628,-0.04274939373135567,1.0,-0.7709219809621572
0.1666666716337204,0.03333333507180214,0.9903494715690613,0.019999999552965164,0.10000000149011612,0.5555555820465088,-0.03180147707462311,0.10802920907735825,0.036667048931121826,-0.11829796433448792,-0.03891894221305847,1.0,-0.9569066148251295
0.1666666716337204,0.06666667014360428,0.9899072051048279,0.019999999552965164,0.15000000596046448,0.5555555820465088,-0.03317011520266533,0.10857976227998734,0.03686648979783058,-0.11722876131534576,-0.03867274522781372,1.0,-1.268926214426756
0.23333333432674408,0.06666667014360428,0.9893848896026611,0.03999999910593033,0.20000000298023224,0.5555555820465088,-0.03337372466921806,0.10699112713336945,0.0408555269241333,-0.11457780748605728,-0.03606201708316803,1.0,-1.484910810366273
0.23333333432674408,0.06666667014360428,0.9890226125717163,0.05999999865889549,0.25,0.5555555820465088,-0.03500501811504364,0.10855259001255035,0.04088180139660835,-0.11433755606412888,-0.03602004423737526,1.0,-1.828926257789135
0.30000001192092896,0.06666667014360428,0.9885002970695496,0.07999999821186066,0.30000001192092896,0.5555555820465088,-0.0362682081758976,0.10779249668121338,0.045796312391757965,-0.11209157109260559,-0.03530540317296982,1.0,-2.0149107798933983
0.30000001192092896,0.06666667014360428,0.9881380200386047,0.07999999821186066,0.3499999940395355,0.5555555820465088,-0.03762851282954216,0.10990317165851593,0.04687860235571861,-0.11142652481794357,-0.03535910323262215,1.0,-2.296930454671383
0.3333333432674408,0.06666667014360428,0.9876956939697266,0.07999999821186066,0.4000000059604645,0.5555555820465088,-0.03938794136047363,0.11042755842208862,0.05000302195549011,-0.10982900857925415,-0.03478865325450897,1.0,-2.576906528323889
0.36666667461395264,0.06666667014360428,0.9872534275054932,0.10000000149011612,0.44999998807907104,0.5555555820465088,-0.04084590822458267,0.11057150363922119,0.053062088787555695,-0.10791916400194168,-0.03514811769127846,1.0,-2.8249346502125263
0.3333333432674408,0.10000000149011612,0.9868910908699036,0.11999999731779099,0.5,0.5555555820465088,-0.041374363005161285,0.11253687739372253,0.05129740387201309,-0.10712143033742905,-0.037971217185258865,1.0,-3.1069066412746906
0.3333333432674408,0.13333334028720856,0.9864488244056702,0.11999999731779099,0.550000011920929,0.5555555820465088,-0.04280153289437294,0.11469627916812897,0.05098959803581238,-0.10626573860645294,-0.03934831917285919,1.0,-3.324934769421816
0.3333333432674408,0.13333334028720856,0.9860864877700806,0.11999999731779099,0.6000000238418579,0.5555555820465088,-0.044020891189575195,0.11854924261569977,0.051052920520305634,-0.10644006729125977,-0.03992259129881859,1.0,-3.6369064673781395
0.36666667461395264,0.13333334028720856,0.9856442213058472,0.14000000059604645,0.6499999761581421,0.5555555820465088,-0.04389205947518349,0.12085683643817902,0.053807295858860016,-0.10577274858951569,-0.041092827916145325,1.0,-3.9489261358976364
0.4000000059604645,0.1666666716337204,0.9851219058036804,0.1599999964237213,0.699999988079071,0.5555555820465088,-0.04399706423282623,0.12163330614566803,0.055243875831365585,-0.10487307608127594,-0.042824968695640564,1.0,-4.102915033698082
0.36666667461395264,0.1666666716337204,0.9848396182060242,0.1599999964237213,0.75,0.5555555820465088,-0.04581153765320778,0.12729783356189728,0.0519862063229084,-0.10557746887207031,-0.042926449328660965,1.0,-4.384910866618156
0.36666667461395264,0.1666666716337204,0.9844773411750793,0.1599999964237213,0.800000011920929,0.5555555820465088,-0.046911563724279404,0.1312972605228424,0.052116937935352325,-0.10592031478881836,-0.043042317032814026,1.0,-4.6649347841739655
0.3333333432674408,0.20000000298023224,0.9841150045394897,0.18000000715255737,0.8500000238418579,0.5555555820465088,-0.048274874687194824,0.13424159586429596,0.047253914177417755,-0.10638746619224548,-0.046474654227495193,1.0,-4.946906477212906
0.3333333432674408,0.23333333432674408,0.9836727380752563,0.18000000715255737,0.8999999761581421,0.5555555820465088,-0.049053896218538284,0.13548392057418823,0.04637230187654495,-0.106669120490551,-0.0485781654715538,1.0,-5.194910757243633
0.3333333432674408,0.23333333432674408,0.9833104610443115,0.20000000298023224,0.949999988079071,0.5555555820465088,-0.0497179850935936,0.13801634311676025,0.04657816141843796,-0.1069883480668068,-0.05068359151482582,1.0,-186.0
0.06666667014360428,0.0,0.9884454011917114,0.0,0.0,0.5555555820465088,-0.03185030817985535,0.10918533802032471,0.030940592288970947,-0.1234477162361145,-0.042650166898965836,1.0,-0.19028881005942822
0.03333333507180214,0.0,0.9880446791648865,0.019999999552965164,0.0,0.5555555820465088,-0.032225143164396286,0.1106046512722969,0.028578827157616615,-0.12444230914115906,-0.043108657002449036,1.0,-0.22430419921875
0.06666667014360428,0.0,0.9874839186668396,0.0,0.0,0.5555555820465088,-0.03186313062906265,0.10914107412099838,0.03092949092388153,-0.12345448136329651,-0.04260822385549545,1.0,-0.2542803566902876
0.06666667014360428,0.03333333507180214,0.9869232177734375,0.019999999552965164,0.0,0.5555555820465088,-0.030755039304494858,0.10631655156612396,0.029988188296556473,-0.12258187681436539,-0.043349482119083405,1.0,-0.5042803604155779
0.10000000149011612,0.03333333507180214,0.9863625168800354,0.019999999552965164,0.05000000074505806,0.5555555820465088,-0.03126009553670883,0.10778149962425232,0.03225339204072952,-0.12098096311092377,-0.04184730350971222,1.0,-0.7862761374562979
0.10000000149011612,0.10000000149011612,0.9857218265533447,0.019999999552965164,0.10000000149011612,0.5555555820465088,-0.03213001415133476,0.10683135688304901,0.03194907307624817,-0.11920776963233948,-0.04188651591539383,1.0,-1.0343042276799679
0.13333334028720856,0.10000000149011612,0.9851610660552979,0.03999999910593033,0.15000000596046448,0.5555555820465088,-0.033147528767585754,0.10674400627613068,0.03397073224186897,-0.11745957285165787,-0.04031897336244583,1.0,-1.2842803709208965
0.1666666716337204,0.10000000149011612,0.9846003651618958,0.03999999910593033,0.20000000298023224,0.5555555820465088,-0.03432469069957733,0.10731010138988495,0.03644002974033356,-0.11581326276063919,-0.03812708333134651,1.0,-1.5342803560197353
0.20000000298023224,0.10000000149011612,0.9840396642684937,0.03999999910593033,0.25,0.5555555820465088,-0.035316966474056244,0.10800022631883621,0.03925716131925583,-0.1142851710319519,-0.036212094128131866,1.0,-1.8142804149538279
0.20000000298023224,0.13333334028720856,0.9834789633750916,0.05999999865889549,0.30000001192092896,0.5555555820465088,-0.036263272166252136,0.10821898281574249,0.03974149376153946,-0.11272113025188446,-0.037509623914957047,1.0,-2.064304167404771
0.20000000298023224,0.1666666716337204,0.9829182028770447,0.05999999865889549,0.3499999940395355,0.5555555820465088,-0.03771404176950455,0.10942118614912033,0.04032190516591072,-0.11108581721782684,-0.037474654614925385,1.0,-2.3122846111655235
0.1666666716337204,0.20000000298023224,0.9824374914169312,0.07999999821186066,0.4000000059604645,0.5555555820465088,-0.03968026489019394,0.11263060569763184,0.038008783012628555,-0.10932693630456924,-0.038083188235759735,1.0,-2.6262760683894157
0.20000000298023224,0.23333333432674408,0.9817968010902405,0.07999999821186066,0.44999998807907104,0.5555555820465088,-0.041452374309301376,0.11252805590629578,0.04070662707090378,-0.10720527172088623,-0.03829226642847061,1.0,-2.906299974769354
0.23333333432674408,0.2666666805744171,0.981156051158905,0.10000000149011612,0.5,0.5555555820465088,-0.04150685667991638,0.11260297149419785,0.0414058156311512,-0.1060909628868103,-0.041449226438999176,1.0,-3.1562761925160885
0.30000001192092896,0.2666666805744171,0.9805153608322144,0.10000000149011612,0.550000011920929,0.5555555820465088,-0.04204362630844116,0.11239352822303772,0.04585600271821022,-0.1053912341594696,-0.042168281972408295,1.0,-3.342284705489874
0.30000001192092896,0.2666666805744171,0.9800346493721008,0.10000000149011612,0.6000000238418579,0.5555555820465088,-0.04362697899341583,0.11576515436172485,0.04545215517282486,-0.1055992916226387,-0.04306323453783989,1.0,-3.5942802354693413
0.3333333432674408,0.2666666805744171,0.9794739484786987,0.07999999821186066,0.6499999761581421,0.5555555820465088,-0.04497265815734863,0.11767613142728806,0.04802904278039932,-0.10585722327232361,-0.0423344150185585,1.0,-3.906299915164709
0.4000000059604645,0.2666666805744171,0.9788331985473633,0.10000000149011612,0.699999988079071,0.5555555820465088,-0.04510187357664108,0.11743684113025665,0.0537387877702713,-0.10511786490678787,-0.04387902468442917,1.0,-4.124280359596014
0.4000000059604645,0.30000001192092896,0.9782724976539612,0.10000000149011612,0.75,0.5555555820465088,-0.04606297239661217,0.11970747262239456,0.05259554088115692,-0.10536235570907593,-0.04569118842482567,1.0,-4.372284639626741
0.4000000059604645,0.30000001192092896,0.9777917861938477,0.11999999731779099,0.800000011920929,0.5555555820465088,-0.04683532565832138,0.12308911979198456,0.05201170593500137,-0.1054353415966034,-0.04712039977312088,1.0,-141.0
0.03333333507180214,0.03333333507180214,0.9875031113624573,0.0,0.0,0.5555555820465088,-0.032079339027404785,0.10948410630226135,0.028864998370409012,-0.12396597862243652,-0.044156067073345184,1.0,-0.583356861025095
0.06666667014360428,0.10000000149011612,0.9866697192192078,0.0,0.05000000074505806,0.5555555820465088,-0.030958615243434906,0.10742700099945068,0.030758798122406006,-0.12061480432748795,-0.04335705190896988,1.0,-0.7353499289602041
0.03333333507180214,0.10000000149011612,0.9861563444137573,0.019999999552965164,0.10000000149011612,0.5555555820465088,-0.03282584995031357,0.11085429042577744,0.02750283293426037,-0.1209811270236969,-0.043192267417907715,1.0,-1.0513611137866974
0.10000000149011612,0.10000000149011612,0.9854029417037964,0.0,0.15000000596046448,0.5555555820465088,-0.034396037459373474,0.10999059677124023,0.03250689059495926,-0.11882737278938293,-0.039807818830013275,1.0,-1.2673695515841246
0.10000000149011612,0.10000000149011612,0.9848095178604126,0.019999999552965164,0.20000000298023224,0.5555555820465088,-0.03577842190861702,0.11128206551074982,0.032116275280714035,-0.1184520423412323,-0.03922814130783081,1.0,-1.5473695360124111
0.10000000149011612,0.10000000149011612,0.9842160940170288,0.03999999910593033,0.25,0.5555555820465088,-0.0365096740424633,0.11316675692796707,0.03250489756464958,-0.11738872528076172,-0.03888802230358124,1.0,-1.8293653689324856
0.10000000149011612,0.13333334028720856,0.9835426807403564,0.03999999910593033,0.30000001192092896,0.5555555820465088,-0.03750224411487579,0.11412592232227325,0.032918982207775116,-0.11529111117124557,-0.03777537867426872,1.0,-2.0793652795255184
0.13333334028720856,0.13333334028720856,0.9828692674636841,0.03999999910593033,0.3499999940395355,0.5555555820465088,-0.03867226094007492,0.11506503820419312,0.03640267997980118,-0.11381633579730988,-0.037053968757390976,1.0,-2.329341497272253
0.1666666716337204,0.13333334028720856,0.9821959137916565,0.03999999910593033,0.4000000059604645,0.5555555820465088,-0.040023382753133774,0.11585704982280731,0.03918645530939102,-0.11275845766067505,-0.03686533868312836,1.0,-2.6113610230386257
0.20000000298023224,0.1666666716337204,0.9814425110816956,0.03999999910593033,0.44999998807907104,0.5555555820465088,-0.04153028875589371,0.11503326892852783,0.041822127997875214,-0.11075463145971298,-0.03694188594818115,1.0,-2.827369535341859
0.1666666716337204,0.20000000298023224,0.9808490872383118,0.05999999865889549,0.5,0.5555555820465088,-0.043720804154872894,0.11887428164482117,0.03893842548131943,-0.1089218258857727,-0.03807689994573593,1.0,-3.141361141577363
0.1666666716337204,0.2666666805744171,0.9800956845283508,0.05999999865889549,0.550000011920929,0.5555555820465088,-0.04417931288480759,0.12004213035106659,0.03717177361249924,-0.10784602165222168,-0.04064381122589111,1.0,-3.4213612005114555
0.23333333432674408,0.2666666805744171,0.9793422818183899,0.07999999821186066,0.6000000238418579,0.5555555820465088,-0.04446631297469139,0.11960917711257935,0.04102479666471481,-0.10685160011053085,-0.04256568104028702,1.0,-3.6393651887774467
0.23333333432674408,0.30000001192092896,0.9786688685417175,0.07999999821186066,0.6499999761581421,0.5555555820465088,-0.045199811458587646,0.12144437432289124,0.03965943306684494,-0.10687882453203201,-0.04433952271938324,1.0,-3.983356799930334
0.30000001192092896,0.3333333432674408,0.977835476398468,0.10000000149011612,0.699999988079071,0.5555555820465088,-0.04548237845301628,0.11974701285362244,0.04284651577472687,-0.10605564713478088,-0.04653047025203705,1.0,-4.107369534671307
0.30000001192092896,0.3333333432674408,0.9772420525550842,0.07999999821186066,0.75,0.5555555820465088,-0.046800170093774796,0.12296260893344879,0.042770396918058395,-0.10663928091526031,-0.0455915592610836,1.0,-4.4533569142222404
0.4000000059604645,0.3333333432674408,0.9764086604118347,0.07999999821186066,0.800000011920929,0.5555555820465088,-0.0468912199139595,0.12183070182800293,0.05192963778972626,-0.10580293089151382,-0.04605637863278389,1.0,-4.701361205428839
0.4333333373069763,0.36666667461395264,0.9756552577018738,0.10000000149011612,0.8500000238418579,0.5555555820465088,-0.04691767692565918,0.1221771091222763,0.053768180310726166,-0.10495597124099731,-0.049109287559986115,1.0,-4.949365187436342
0.4333333373069763,0.4000000059604645,0.9749818444252014,0.11999999731779099,0.8999999761581421,0.5555555820465088,-0.04693181812763214,0.12454622983932495,0.05230490863323212,-0.10409978777170181,-0.05185021832585335,1.0,-5.199365247040987
0.4333333373069763,0.4333333373069763,0.974308431148529,0.11999999731779099,0.949999988079071,0.5555555820465088,-0.04695844277739525,0.12706011533737183,0.05157874524593353,-0.10375690460205078,-0.052985213696956635,1.0,0.0
0.06666667014360428,0.0,0.9997524619102478,0.0,0.0,0.5353535413742065,-0.03204215317964554,0.10906697809696198,0.031260740011930466,-0.12321297824382782,-0.04367119446396828,1.0,-0.19877651147544384
0.10000000149011612,0.0,0.9993305206298828,0.019999999552965164,0.0,0.5353535413742065,-0.031222611665725708,0.10604704916477203,0.0322696790099144,-0.12169737368822098,-0.042479947209358215,1.0,-0.16678073816001415
0.10000000149011612,0.0,0.9989885687828064,0.019999999552965164,0.0,0.5353535413742065,-0.031229481101036072,0.10603301227092743,0.03226840868592262,-0.1216987892985344,-0.04246661067008972,1.0,-0.2607722841203213
0.1666666716337204,0.0,0.9984866380691528,0.03999999910593033,0.0,0.5353535413742065,-0.031023848801851273,0.1023520901799202,0.03579491376876831,-0.11846727132797241,-0.039351850748062134,1.0,-0.2287765108048916
0.1666666716337204,0.03333333507180214,0.9980646967887878,0.03999999910593033,0.0,0.5353535413742065,-0.03027331829071045,0.10061641782522202,0.03571448475122452,-0.11772666871547699,-0.04061804339289665,1.0,-0.5107722878456116
0.20000000298023224,0.06666667014360428,0.9975627660751343,0.03999999910593033,0.05000000074505806,0.5353535413742065,-0.029820889234542847,0.10051213949918747,0.038433969020843506,-0.11596129834651947,-0.040683045983314514,1.0,-0.7267807442694902
0.20000000298023224,0.06666667014360428,0.9972208142280579,0.05999999865889549,0.10000000149011612,0.5353535413742065,-0.030627764761447906,0.10270056128501892,0.03849119693040848,-0.1156068816781044,-0.040672656148672104,1.0,-1.1027680858969688
0.23333333432674408,0.13333334028720856,0.9966388940811157,0.07999999821186066,0.15000000596046448,0.5353535413742065,-0.030622750520706177,0.09846411645412445,0.0403163880109787,-0.11242477595806122,-0.04048983007669449,1.0,-1.2567807510495186
0.23333333432674408,0.13333334028720856,0.9962969422340393,0.07999999821186066,0.20000000298023224,0.5353535413742065,-0.03251398354768753,0.10075217485427856,0.040681615471839905,-0.11241760849952698,-0.039995983242988586,1.0,-1.5067568942904472
0.23333333432674408,0.13333334028720856,0.9959550499916077,0.07999999821186066,0.25,0.5353535413742065,-0.03416699543595314,0.10317490249872208,0.04101850837469101,-0.11212188750505447,-0.03971340134739876,1.0,-1.7867808006703854
0.23333333432674408,0.13333334028720856,0.9956130981445312,0.10000000149011612,0.30000001192092896,0.5353535413742065,-0.03543874993920326,0.10537732392549515,0.041616760194301605,-0.11142128705978394,-0.040402721613645554,1.0,-2.036780711263418
0.20000000298023224,0.1666666716337204,0.9952711462974548,0.10000000149011612,0.3499999940395355,0.5353535413742065,-0.03744559735059738,0.10865512490272522,0.03983763977885246,-0.11005817353725433,-0.04028952866792679,1.0,-2.254761155694723
0.1666666716337204,0.1666666716337204,0.9950092434883118,0.10000000149011612,0.4000000059604645,0.5353535413742065,-0.0394684374332428,0.11405326426029205,0.03824019432067871,-0.10974486917257309,-0.0398966446518898,1.0,-2.6627918370068073
0.23333333432674408,0.20000000298023224,0.9944272637367249,0.11999999731779099,0.44999998807907104,0.5353535413742065,-0.04033318907022476,0.11177621781826019,0.0429677814245224,-0.1063474789261818,-0.04005150496959686,1.0,-2.8487526662647724
0.20000000298023224,0.2666666805744171,0.9940053820610046,0.11999999731779099,0.5,0.5353535413742065,-0.04164222627878189,0.11452044546604156,0.03890261799097061,-0.10595456510782242,-0.04320310801267624,1.0,-3.130796182900667
0.20000000298023224,0.3333333432674408,0.9935033917427063,0.11999999731779099,0.550000011920929,0.5353535413742065,-0.042120836675167084,0.11534880101680756,0.0368560366332531,-0.10574647039175034,-0.04692285507917404,1.0,-3.3167570121586323
0.20000000298023224,0.3333333432674408,0.9931614995002747,0.11999999731779099,0.6000000238418579,0.5353535413742065,-0.04351305216550827,0.11872923374176025,0.036353759467601776,-0.10600833594799042,-0.04767429828643799,1.0,-3.506780616939068
0.1666666716337204,0.36666667461395264,0.9928195476531982,0.07999999821186066,0.6499999761581421,0.5353535413742065,-0.044769514352083206,0.12234516441822052,0.03380923345685005,-0.10697668790817261,-0.04734969511628151,1.0,-3.754784908145666
0.13333334028720856,0.36666667461395264,0.9925575852394104,0.10000000149011612,0.699999988079071,0.5353535413742065,-0.04591329023241997,0.12706050276756287,0.03083747625350952,-0.10726585984230042,-0.04970621317625046,1.0,-4.034761119633913
0.10000000149011612,0.36666667461395264,0.9922956824302673,0.11999999731779099,0.75,0.5353535413742065,-0.04702775925397873,0.13085833191871643,0.028978653252124786,-0.10862790048122406,-0.05399025231599808,1.0,-231.670072555542
0.06666667014360428,0.0,0.9831205010414124,0.0,0.0,0.5555555820465088,-0.03192129358649254,0.10894016921520233,0.030879035592079163,-0.12348519265651703,-0.04241792857646942,1.0,-0.19791820459067822
0.10000000149011612,0.0,0.9827007055282593,0.019999999552965164,0.0,0.5555555820465088,-0.030947484076023102,0.10582132637500763,0.0318698026239872,-0.12203632295131683,-0.04148663952946663,1.0,-0.22989013604819775
0.1666666716337204,0.0,0.9822009801864624,0.019999999552965164,0.0,0.5555555820465088,-0.030802015215158463,0.10309140384197235,0.036026887595653534,-0.11891554296016693,-0.038034193217754364,1.0,-0.22791820392012596
0.20000000298023224,0.0,0.9817811846733093,0.03999999910593033,0.0,0.5555555820465088,-0.031011424958705902,0.10062472522258759,0.03723151981830597,-0.11739373207092285,-0.036577194929122925,1.0,-0.19589858874678612
0.20000000298023224,0.0,0.9814414381980896,0.03999999910593033,0.0,0.5555555820465088,-0.03101547807455063,0.10061043500900269,0.037232380360364914,-0.11739028990268707,-0.03656215965747833,1.0,-0.22589858807623386
0.20000000298023224,0.0,0.9811016917228699,0.05999999865889549,0.0,0.5555555820465088,-0.03089071437716484,0.09970134496688843,0.03674511983990669,-0.1170874685049057,-0.03687206283211708,1.0,-0.31991397589445114
0.20000000298023224,0.06666667014360428,0.9806019067764282,0.07999999821186066,0.0,0.5555555820465088,-0.028474926948547363,0.09561395645141602,0.0364372693002224,-0.11545335501432419,-0.039539508521556854,1.0,-0.5378943644464016
0.23333333432674408,0.06666667014360428,0.9801821708679199,0.07999999821186066,0.05000000074505806,0.5555555820465088,-0.029274392873048782,0.0976383239030838,0.03929920867085457,-0.114150270819664,-0.03815669193863869,1.0,-0.8179182149469852
0.23333333432674408,0.10000000149011612,0.9797623753547668,0.10000000149011612,0.10000000149011612,0.5555555820465088,-0.029839541763067245,0.09753008186817169,0.038966450840234756,-0.11292953789234161,-0.03851672634482384,1.0,-1.0358986221253872
0.23333333432674408,0.10000000149011612,0.9794226288795471,0.10000000149011612,0.15000000596046448,0.5555555820465088,-0.031215980648994446,0.09996036440134048,0.03924733027815819,-0.11285945028066635,-0.03797223046422005,1.0,-1.3499139957129955
0.23333333432674408,0.1666666716337204,0.9789228439331055,0.10000000149011612,0.20000000298023224,0.5555555820465088,-0.03240588307380676,0.09829454869031906,0.039349574595689774,-0.11139493435621262,-0.03954366222023964,1.0,-1.5998901389539242
0.30000001192092896,0.1666666716337204,0.9784231185913086,0.10000000149011612,0.25,0.5555555820465088,-0.03355162590742111,0.09779410064220428,0.04515019804239273,-0.1094675287604332,-0.03831873834133148,1.0,-1.7859224937856197
0.2666666805744171,0.20000000298023224,0.9780833125114441,0.10000000149011612,0.30000001192092896,0.5555555820465088,-0.03491881862282753,0.10026971250772476,0.042995527386665344,-0.10853951424360275,-0.03903305158019066,1.0,-2.0978943295776844
0.30000001192092896,0.20000000298023224,0.9776635766029358,0.11999999731779099,0.3499999940395355,0.5555555820465088,-0.03610550984740257,0.10116446018218994,0.04599342122673988,-0.10690227150917053,-0.0390472374856472,1.0,-2.3158986158668995
0.30000001192092896,0.20000000298023224,0.9773238301277161,0.11999999731779099,0.4000000059604645,0.5555555820465088,-0.03756675124168396,0.10433414578437805,0.04682658240199089,-0.10624806582927704,-0.03886905312538147,1.0,-2.597918141633272
0.30000001192092896,0.23333333432674408,0.976904034614563,0.11999999731779099,0.44999998807907104,0.5555555820465088,-0.03901631012558937,0.10649900883436203,0.04684498533606529,-0.10493751615285873,-0.03995392099022865,1.0,-2.815898586064577
0.30000001192092896,0.23333333432674408,0.9765642881393433,0.11999999731779099,0.5,0.5555555820465088,-0.04042758420109749,0.10982006788253784,0.04641794040799141,-0.1051274910569191,-0.04105088859796524,1.0,-3.161909807473421
0.4000000059604645,0.23333333432674408,0.975984513759613,0.11999999731779099,0.550000011920929,0.5555555820465088,-0.04125889018177986,0.1068648099899292,0.05434060096740723,-0.10405593365430832,-0.042567167431116104,1.0,-3.3778944835066795
0.4000000059604645,0.2666666805744171,0.9755647778511047,0.14000000059604645,0.6000000238418579,0.5555555820465088,-0.04217246174812317,0.10863150656223297,0.0526212640106678,-0.10384418815374374,-0.04562865197658539,1.0,-3.7219096273183823
0.46666666865348816,0.30000001192092896,0.9749850034713745,0.1599999964237213,0.6499999761581421,0.5555555820465088,-0.04224027693271637,0.10754222422838211,0.058220937848091125,-0.10297234356403351,-0.04832553490996361,1.0,-159.0
0.03333333507180214,0.0,0.9829481244087219,0.0,0.0,0.5555555820465088,-0.03278546407818794,0.11119930446147919,0.02906794846057892,-0.12459585070610046,-0.04300636053085327,1.0,-0.1449108123779297
0.03333333507180214,0.0,0.9825858473777771,0.0,0.0,0.5555555820465088,-0.032787322998046875,0.1111791804432869,0.02906435914337635,-0.12460292130708694,-0.04299573600292206,1.0,-0.17693042755126953
0.03333333507180214,0.03333333507180214,0.9821435213088989,0.0,0.0,0.5555555820465088,-0.03210807219147682,0.1092044785618782,0.028813883662223816,-0.12402726709842682,-0.04397743567824364,1.0,-0.45890236273407936
0.10000000149011612,0.03333333507180214,0.981621265411377,0.0,0.05000000074505806,0.5555555820465088,-0.03159445524215698,0.10859646648168564,0.03293667733669281,-0.12101184576749802,-0.041277166455984116,1.0,-0.6749346610158682
0.10000000149011612,0.03333333507180214,0.9812589287757874,0.019999999552965164,0.10000000149011612,0.5555555820465088,-0.032523974776268005,0.11082155257463455,0.03272794187068939,-0.12079021334648132,-0.041008200496435165,1.0,-0.9549108408391476
0.10000000149011612,0.03333333507180214,0.9808966517448425,0.03999999910593033,0.15000000596046448,0.5555555820465088,-0.033925630152225494,0.11209602653980255,0.03238082304596901,-0.12051785737276077,-0.04052283614873886,1.0,-1.3009219877421856
0.20000000298023224,0.03333333507180214,0.9802943468093872,0.03999999910593033,0.20000000298023224,0.5555555820465088,-0.03420034050941467,0.11071218550205231,0.03920828551054001,-0.11655260622501373,-0.03596879169344902,1.0,-1.4549108110368252
0.20000000298023224,0.03333333507180214,0.9799320697784424,0.03999999910593033,0.25,0.5555555820465088,-0.03577113896608353,0.11298829317092896,0.039501920342445374,-0.11626136302947998,-0.03473535552620888,1.0,-1.8009220324456692
0.2666666805744171,0.06666667014360428,0.9793297648429871,0.03999999910593033,0.30000001192092896,0.5555555820465088,-0.036465730518102646,0.11025652289390564,0.04457983374595642,-0.11325183510780334,-0.033754996955394745,1.0,-2.04892616905272
0.30000001192092896,0.10000000149011612,0.9788074493408203,0.05999999865889549,0.3499999940395355,0.5555555820465088,-0.03724779933691025,0.1081620454788208,0.04762933403253555,-0.11081859469413757,-0.034906864166259766,1.0,-2.2329150661826134
0.2666666805744171,0.10000000149011612,0.9785251617431641,0.07999999821186066,0.4000000059604645,0.5555555820465088,-0.03872791677713394,0.11108370125293732,0.04639606550335884,-0.11066251993179321,-0.0365704670548439,1.0,-2.6089023016393185
0.30000001192092896,0.13333334028720856,0.9780029058456421,0.10000000149011612,0.44999998807907104,0.5555555820465088,-0.03964303806424141,0.10989774763584137,0.04851619899272919,-0.10811983048915863,-0.03778436407446861,1.0,-2.794934656471014
0.30000001192092896,0.13333334028720856,0.9776405692100525,0.10000000149011612,0.5,0.5555555820465088,-0.04151749610900879,0.11315827071666718,0.04889710620045662,-0.1075766310095787,-0.03814225643873215,1.0,-3.012915100902319
0.2666666805744171,0.13333334028720856,0.9773582816123962,0.10000000149011612,0.550000011920929,0.5555555820465088,-0.043987937271595,0.118336021900177,0.04670277610421181,-0.10752834379673004,-0.03854084759950638,1.0,-3.292915154248476
0.23333333432674408,0.13333334028720856,0.97707599401474,0.11999999731779099,0.6000000238418579,0.5555555820465088,-0.04554896056652069,0.1234619989991188,0.04315367341041565,-0.1076752170920372,-0.04029729962348938,1.0,-3.6369303092360497
0.2666666805744171,0.13333334028720856,0.9766336679458618,0.14000000059604645,0.6499999761581421,0.5555555820465088,-0.04626489803195,0.1250801831483841,0.04461875185370445,-0.10699289292097092,-0.04155762493610382,1.0,-3.918902300298214
0.30000001192092896,0.1666666716337204,0.9761114120483398,0.14000000059604645,0.699999988079071,0.5555555820465088,-0.046700455248355865,0.12605130672454834,0.04635671153664589,-0.10635107755661011,-0.042662911117076874,1.0,-4.134934648871422
0.2666666805744171,0.20000000298023224,0.9757490754127502,0.1599999964237213,0.75,0.5555555820465088,-0.04819786176085472,0.12935949862003326,0.04131747782230377,-0.10662994533777237,-0.04574921354651451,1.0,-4.3229150995612144
0.23333333432674408,0.20000000298023224,0.975466787815094,0.14000000059604645,0.800000011920929,0.5555555820465088,-0.04968956857919693,0.1330932080745697,0.039982497692108154,-0.10796406120061874,-0.04615522921085358,1.0,-4.698902472853661
0.2666666805744171,0.23333333432674408,0.974944531917572,0.1599999964237213,0.8500000238418579,0.5555555820465088,-0.04954776167869568,0.13370031118392944,0.04091082885861397,-0.10745637118816376,-0.048232126981019974,1.0,-141.0
0.03333333507180214,0.0,0.985640287399292,0.0,0.0,0.5454545617103577,-0.03289803862571716,0.11098678410053253,0.02920733019709587,-0.12452954053878784,-0.04342716932296753,1.0,-0.28443336486816406
0.03333333507180214,0.03333333507180214,0.9849292039871216,0.0,0.0,0.5454545617103577,-0.03220636770129204,0.10909882187843323,0.028982842341065407,-0.12377114593982697,-0.04428720846772194,1.0,-0.5344333685934544
0.06666667014360428,0.03333333507180214,0.9842181205749512,0.0,0.05000000074505806,0.5454545617103577,-0.03199264407157898,0.1104753166437149,0.03146613389253616,-0.12216587364673615,-0.04267146810889244,1.0,-0.8464529868215322
0.13333334028720856,0.03333333507180214,0.9834269881248474,0.019999999552965164,0.10000000149011612,0.5454545617103577,-0.032352350652217865,0.10902433097362518,0.03498024120926857,-0.11923998594284058,-0.0401822030544281,1.0,-1.0644333939999342
0.13333334028720856,0.06666667014360428,0.982715904712677,0.019999999552965164,0.15000000596046448,0.5454545617103577,-0.033702366054058075,0.10952559113502502,0.03525403141975403,-0.11818970739841461,-0.040026143193244934,1.0,-1.3764529936015606
0.1666666716337204,0.10000000149011612,0.9819247722625732,0.03999999910593033,0.20000000298023224,0.5454545617103577,-0.03425528109073639,0.10689716041088104,0.03684883192181587,-0.11568134278059006,-0.03870078921318054,1.0,-1.6884249094873667
0.2666666805744171,0.10000000149011612,0.9810537099838257,0.05999999865889549,0.25,0.5454545617103577,-0.03447487950325012,0.10411879420280457,0.04348333925008774,-0.11252011358737946,-0.03691364452242851,1.0,-1.8424376491457224
0.2666666805744171,0.10000000149011612,0.9804226160049438,0.05999999865889549,0.30000001192092896,0.5454545617103577,-0.03591177612543106,0.10672233998775482,0.044616539031267166,-0.11200360208749771,-0.036479175090789795,1.0,-2.1564529482275248
0.3333333432674408,0.10000000149011612,0.9796314835548401,0.05999999865889549,0.3499999940395355,0.5454545617103577,-0.037206679582595825,0.10660853981971741,0.05047496408224106,-0.11018964648246765,-0.03505626693367958,1.0,-2.4044333919882774
0.3333333432674408,0.13333334028720856,0.9789204001426697,0.07999999821186066,0.4000000059604645,0.5454545617103577,-0.03812097758054733,0.10588372498750687,0.05111045762896538,-0.10823661088943481,-0.03672944754362106,1.0,-2.68645291775465
0.4000000059604645,0.13333334028720856,0.9781292676925659,0.07999999821186066,0.44999998807907104,0.5454545617103577,-0.03969069942831993,0.10582350939512253,0.05694686621427536,-0.1056949645280838,-0.03606601804494858,1.0,-2.8704179786145687
0.36666667461395264,0.13333334028720856,0.9775782227516174,0.10000000149011612,0.5,0.5454545617103577,-0.04120679572224617,0.1094193160533905,0.05462746322154999,-0.10567423701286316,-0.037721555680036545,1.0,-3.246453035622835
0.36666667461395264,0.20000000298023224,0.9767870903015137,0.11999999731779099,0.550000011920929,0.5454545617103577,-0.041678499430418015,0.11004093289375305,0.052358269691467285,-0.10472774505615234,-0.04137111455202103,1.0,-3.430441938340664
0.3333333432674408,0.20000000298023224,0.9762359857559204,0.14000000059604645,0.6000000238418579,0.5454545617103577,-0.04325765371322632,0.1153421476483345,0.04873824864625931,-0.10491384565830231,-0.0429697223007679,1.0,-3.776429019868374
0.3333333432674408,0.2666666805744171,0.9754449129104614,0.14000000059604645,0.6499999761581421,0.5454545617103577,-0.04408133774995804,0.11626627296209335,0.04672093689441681,-0.104948028922081,-0.04594472050666809,1.0,-3.9304417595267296
0.30000001192092896,0.2666666805744171,0.9748938083648682,0.14000000059604645,0.699999988079071,0.5454545617103577,-0.04583483934402466,0.12175796926021576,0.04360277205705643,-0.10572616755962372,-0.04635186865925789,1.0,-4.306452974677086
0.3333333432674408,0.30000001192092896,0.9741026759147644,0.1599999964237213,0.75,0.5454545617103577,-0.04662696272134781,0.12132339179515839,0.044538870453834534,-0.10527746379375458,-0.049385156482458115,1.0,-4.586429208517075
0.36666667461395264,0.3333333432674408,0.9733116030693054,0.18000000715255737,0.800000011920929,0.5454545617103577,-0.04689381644129753,0.12137935310602188,0.04630628973245621,-0.10481917858123779,-0.052407246083021164,1.0,-4.8364531099796295
0.4000000059604645,0.36666667461395264,0.9725204706192017,0.18000000715255737,0.8500000238418579,0.5454545617103577,-0.04685550183057785,0.12230637669563293,0.048735715448856354,-0.10391229391098022,-0.05427839607000351,1.0,-5.054433256387711
0.4333333373069763,0.36666667461395264,0.9718093872070312,0.18000000715255737,0.8999999761581421,0.5454545617103577,-0.04686136916279793,0.12490411847829819,0.052239298820495605,-0.1032583937048912,-0.054728440940380096,1.0,-201.0
0.0,0.03333333507180214,0.9773110747337341,0.0,0.0,0.5555555820465088,-0.03306792303919792,0.110992431640625,0.026862693950533867,-0.12556573748588562,-0.04460969567298889,1.0,-0.31401539221405983
0.0,0.10000000149011612,0.9771510362625122,0.0,0.05000000074505806,0.5555555820465088,-0.03196164220571518,0.11074347794055939,0.026069413870573044,-0.1235872134566307,-0.0450190007686615,1.0,-0.6280069425702095
0.10000000149011612,0.13333334028720856,0.9768310189247131,0.0,0.10000000149011612,0.5555555820465088,-0.0322406068444252,0.10537320375442505,0.03181985020637512,-0.11829246580600739,-0.04110211133956909,1.0,-0.9402888398617506
0.06666667014360428,0.13333334028720856,0.9764302968978882,0.019999999552965164,0.15000000596046448,0.5555555820465088,-0.034321852028369904,0.10854172706604004,0.028511764481663704,-0.11899498105049133,-0.04095574468374252,1.0,-1.2842803709208965
0.10000000149011612,0.13333334028720856,0.9758695960044861,0.03999999910593033,0.20000000298023224,0.5555555820465088,-0.03500530496239662,0.10860766470432281,0.031134068965911865,-0.11712891608476639,-0.0397324301302433,1.0,-1.5042803566902876
0.13333334028720856,0.13333334028720856,0.975308895111084,0.019999999552965164,0.25,0.5555555820465088,-0.03612209111452103,0.10995148122310638,0.03511630371212959,-0.1152653694152832,-0.03727106750011444,1.0,-1.7843042574822903
0.1666666716337204,0.13333334028720856,0.9747481346130371,0.03999999910593033,0.30000001192092896,0.5555555820465088,-0.036755599081516266,0.11020498722791672,0.03791213035583496,-0.11355316638946533,-0.03683128580451012,1.0,-2.0022845529019833
0.1666666716337204,0.13333334028720856,0.9742674231529236,0.03999999910593033,0.3499999940395355,0.5555555820465088,-0.03827432170510292,0.11294502019882202,0.03887438029050827,-0.11307967454195023,-0.03659069538116455,1.0,-2.282284611836076
0.1666666716337204,0.13333334028720856,0.9737867116928101,0.05999999865889549,0.4000000059604645,0.5555555820465088,-0.0397505983710289,0.11496740579605103,0.03907483443617821,-0.11222529411315918,-0.03759367763996124,1.0,-2.5322845224291086
0.1666666716337204,0.13333334028720856,0.9733060002326965,0.05999999865889549,0.44999998807907104,0.5555555820465088,-0.04162200540304184,0.11808928102254868,0.03927624225616455,-0.11148485541343689,-0.037625156342983246,1.0,-2.7802888080477715
0.13333334028720856,0.13333334028720856,0.9729052782058716,0.07999999821186066,0.5,0.5555555820465088,-0.04375181347131729,0.12318814545869827,0.036579206585884094,-0.1106821596622467,-0.038669414818286896,1.0,-3.0302888676524162
0.10000000149011612,0.13333334028720856,0.9725045561790466,0.07999999821186066,0.550000011920929,0.5555555820465088,-0.04528618976473808,0.12792666256427765,0.03483891114592552,-0.11094441264867783,-0.04004553705453873,1.0,-3.3122847005724907
0.06666667014360428,0.1666666716337204,0.9720238447189331,0.07999999821186066,0.6000000238418579,0.5555555820465088,-0.046371184289455414,0.12976528704166412,0.03235485777258873,-0.11076907813549042,-0.04237473011016846,1.0,-3.5622844621539116
0.06666667014360428,0.1666666716337204,0.9715431332588196,0.07999999821186066,0.6499999761581421,0.5555555820465088,-0.04716597869992256,0.13179528713226318,0.03269100934267044,-0.11106685549020767,-0.043964847922325134,1.0,-3.722284523770213
0.06666667014360428,0.1666666716337204,0.971062421798706,0.019999999552965164,0.699999988079071,0.5555555820465088,-0.04815039783716202,0.13433092832565308,0.034838318824768066,-0.11259284615516663,-0.042854879051446915,1.0,-4.004280356690288
0.06666667014360428,0.20000000298023224,0.970501720905304,0.019999999552965164,0.75,0.5555555820465088,-0.04892706125974655,0.13556593656539917,0.03394097089767456,-0.11213560402393341,-0.04480885714292526,1.0,-4.286276189610362
0.13333334028720856,0.20000000298023224,0.9698610305786133,0.019999999552965164,0.800000011920929,0.5555555820465088,-0.04992561787366867,0.1361948847770691,0.037829309701919556,-0.1116260513663292,-0.04409446194767952,1.0,-4.504304317757487
0.13333334028720856,0.23333333432674408,0.9693002700805664,0.019999999552965164,0.8500000238418579,0.5555555820465088,-0.050692759454250336,0.13749052584171295,0.037094488739967346,-0.11152449995279312,-0.04548082500696182,1.0,-4.752284463495016
0.13333334028720856,0.23333333432674408,0.9688195586204529,0.03999999910593033,0.8999999761581421,0.5555555820465088,-0.05146372690796852,0.13980454206466675,0.03724265843629837,-0.11160233616828918,-0.04778404161334038,1.0,-5.128271842375398
0.20000000298023224,0.2666666805744171,0.9680988788604736,0.05999999865889549,0.949999988079071,0.5555555820465088,-0.052160583436489105,0.13913121819496155,0.03920359164476395,-0.11062216013669968,-0.04814375564455986,1.0,-177.0
0.03333333507180214,0.0,0.9918661713600159,0.0,0.0,0.5353535413742065,-0.03299253433942795,0.11097060143947601,0.02938176691532135,-0.12439434230327606,-0.04395154118537903,1.0,-0.1687765121459961
0.06666667014360428,0.0,0.9914442300796509,0.0,0.0,0.5353535413742065,-0.032129719853401184,0.10864153504371643,0.03116995096206665,-0.12329378724098206,-0.043355200439691544,1.0,-0.166756896302104
0.06666667014360428,0.0,0.9911023378372192,0.019999999552965164,0.0,0.5353535413742065,-0.03174564242362976,0.10761335492134094,0.030483178794384003,-0.12323363125324249,-0.0434451624751091,1.0,-0.16678073816001415
0.06666667014360428,0.0,0.9907603859901428,0.019999999552965164,0.0,0.5353535413742065,-0.03174964338541031,0.1075933426618576,0.03047945350408554,-0.12323922663927078,-0.04343828931450844,1.0,-0.13478496484458447
0.03333333507180214,0.0,0.990498423576355,0.019999999552965164,0.0,0.5353535413742065,-0.03256627172231674,0.10996870696544647,0.02879229001700878,-0.12430882453918457,-0.043973252177238464,1.0,-0.10476112365722656
0.0,0.0,0.9902365207672119,0.0,0.0,0.5353535413742065,-0.03391857445240021,0.11321178078651428,0.02754536271095276,-0.12545093894004822,-0.04440248757600784,1.0,-0.06401538848876953
0.06666667014360428,0.0,0.99007648229599,0.0,0.0,0.5353535413742065,-0.0321468785405159,0.10857466608285904,0.031154468655586243,-0.12330294400453568,-0.04329841583967209,1.0,-0.19877651147544384
0.03333333507180214,0.06666667014360428,0.989654541015625,0.019999999552965164,0.0,0.5353535413742065,-0.03120412677526474,0.1059984490275383,0.028178716078400612,-0.12327377498149872,-0.04577387869358063,1.0,-0.4507722891867161
0.06666667014360428,0.10000000149011612,0.9891526103019714,0.0,0.05000000074505806,0.5353535413742065,-0.03131788223981857,0.10744302719831467,0.03086356818675995,-0.12008635699748993,-0.04380306228995323,1.0,-0.6667569037526846
0.06666667014360428,0.10000000149011612,0.9888107180595398,0.019999999552965164,0.10000000149011612,0.5353535413742065,-0.03297406807541847,0.1088569164276123,0.029989229515194893,-0.11986243724822998,-0.04321293532848358,1.0,-0.9167807679623365
0.06666667014360428,0.10000000149011612,0.9884687662124634,0.019999999552965164,0.15000000596046448,0.5353535413742065,-0.03473057597875595,0.1107330173254013,0.02970065549015999,-0.11979352682828903,-0.042311470955610275,1.0,-1.198776526376605
0.10000000149011612,0.10000000149011612,0.9880468249320984,0.019999999552965164,0.20000000298023224,0.5353535413742065,-0.03570232167840004,0.11095621436834335,0.03253357857465744,-0.11823771893978119,-0.04053404554724693,1.0,-1.4167807381600142
0.10000000149011612,0.10000000149011612,0.987704873085022,0.019999999552965164,0.25,0.5353535413742065,-0.03687885031104088,0.11351947486400604,0.03346589580178261,-0.11733422428369522,-0.03952233865857124,1.0,-1.7927681170403957
0.1666666716337204,0.13333334028720856,0.9871229529380798,0.03999999910593033,0.30000001192092896,0.5353535413742065,-0.03673996403813362,0.1102074682712555,0.03816460072994232,-0.11349022388458252,-0.03828468173742294,1.0,-1.9787764810025692
0.20000000298023224,0.13333334028720856,0.9867010116577148,0.03999999910593033,0.3499999940395355,0.5353535413742065,-0.03804425895214081,0.11127553880214691,0.04141441732645035,-0.11223302036523819,-0.03753482550382614,1.0,-2.1967807672917843
0.1666666716337204,0.1666666716337204,0.9863590598106384,0.03999999910593033,0.4000000059604645,0.5353535413742065,-0.039907656610012054,0.11428174376487732,0.03935876488685608,-0.11138857901096344,-0.03801742568612099,1.0,-2.4767568353563547
0.1666666716337204,0.1666666716337204,0.9860171675682068,0.05999999865889549,0.44999998807907104,0.5353535413742065,-0.04171568900346756,0.11698288470506668,0.03949961066246033,-0.11042594164609909,-0.03869863599538803,1.0,-2.788776509463787
0.1666666716337204,0.20000000298023224,0.9855952262878418,0.07999999821186066,0.5,0.5353535413742065,-0.04371372610330582,0.11851532012224197,0.03922950476408005,-0.10814140737056732,-0.03953416272997856,1.0,-3.006780795753002
0.1666666716337204,0.20000000298023224,0.9852532744407654,0.07999999821186066,0.550000011920929,0.5353535413742065,-0.045157309621572495,0.12190034985542297,0.03897693008184433,-0.10800798237323761,-0.0403917133808136,1.0,-3.3507724069058895
0.20000000298023224,0.23333333432674408,0.9847513437271118,0.10000000149011612,0.6000000238418579,0.5353535413742065,-0.04522232338786125,0.12219326943159103,0.03950899839401245,-0.10693948715925217,-0.04312334954738617,1.0,0.0
0.03333333507180214,0.0,0.9996546506881714,0.0,0.0,0.5252525210380554,-0.03309255838394165,0.11104672402143478,0.02959347516298294,-0.12423395365476608,-0.04452722519636154,1.0,-0.21126270294189453
0.03333333507180214,0.03333333507180214,0.9991264939308167,0.0,0.0,0.5252525210380554,-0.03239116072654724,0.10928332805633545,0.029380660504102707,-0.12324266135692596,-0.04523890092968941,1.0,-0.3972473181784153
0.0,0.03333333507180214,0.9987583756446838,0.0,0.05000000074505806,0.5252525210380554,-0.03365137428045273,0.11481273174285889,0.028294268995523453,-0.12402808666229248,-0.04527387022972107,1.0,-0.5319957807660103
0.0,0.06666667014360428,0.9986783862113953,0.0,0.10000000149011612,0.5252525210380554,-0.03443141654133797,0.1162397712469101,0.027339572086930275,-0.12264639139175415,-0.04463570937514305,1.0,-0.7500000298023224
0.0,0.06666667014360428,0.9986783862113953,0.0,0.15000000596046448,0.5252525210380554,-0.03633403778076172,0.11818768084049225,0.026963699609041214,-0.12257085740566254,-0.04356586933135986,1.0,-1.0960111767053604
0.03333333507180214,0.13333334028720856,0.9984383583068848,0.0,0.20000000298023224,0.5252525210380554,-0.03727124631404877,0.11445477604866028,0.027784354984760284,-0.11908143758773804,-0.041597526520490646,1.0,-1.4292430877685547
0.03333333507180214,0.13333334028720856,0.9979902505874634,0.0,0.25,0.5252525210380554,-0.038274284452199936,0.11670760065317154,0.02853241190314293,-0.11833097040653229,-0.04087692126631737,1.0,-1.6472473740577698
0.0,0.13333334028720856,0.9976221323013306,0.0,0.30000001192092896,0.5252525210380554,-0.03968255966901779,0.1214514672756195,0.02674097567796707,-0.11845798045396805,-0.04048037528991699,1.0,-1.8140153586864471
0.03333333507180214,0.1666666716337204,0.9974620938301086,0.0,0.3499999940395355,0.5252525210380554,-0.04006683826446533,0.12047792971134186,0.029239241033792496,-0.11558562517166138,-0.03902817517518997,1.0,-2.179243117570877
0.03333333507180214,0.1666666716337204,0.9970139861106873,0.0,0.4000000059604645,0.5252525210380554,-0.0412517711520195,0.12269900739192963,0.029638594016432762,-0.11499058455228806,-0.038296010345220566,1.0,-2.42924302816391
0.03333333507180214,0.1666666716337204,0.9965658783912659,0.0,0.44999998807907104,0.5252525210380554,-0.04295022040605545,0.1253824681043625,0.030147824436426163,-0.11453919857740402,-0.03803325071930885,1.0,-2.647247314453125
0.0,0.1666666716337204,0.9961977601051331,0.0,0.5,0.5252525210380554,-0.04432377219200134,0.12912245094776154,0.028478024527430534,-0.11479060351848602,-0.03952188044786453,1.0,-2.846011221408844
0.06666667014360428,0.20000000298023224,0.9959577322006226,0.0,0.550000011920929,0.5252525210380554,-0.04632153734564781,0.12736324965953827,0.03314562141895294,-0.11162979155778885,-0.03786415979266167,1.0,-3.2412389796227217
0.10000000149011612,0.20000000298023224,0.9954296350479126,0.019999999552965164,0.6000000238418579,0.5252525210380554,-0.047697827219963074,0.1281787008047104,0.03552152216434479,-0.11005482077598572,-0.03884100914001465,1.0,-3.459242967888713
0.10000000149011612,0.20000000298023224,0.9949815273284912,0.019999999552965164,0.6499999761581421,0.5252525210380554,-0.04865520820021629,0.13075566291809082,0.035312049090862274,-0.11033056676387787,-0.04012637585401535,1.0,-3.7392430268228054
0.10000000149011612,0.20000000298023224,0.9945334196090698,0.03999999910593033,0.699999988079071,0.5252525210380554,-0.04942915588617325,0.1329886019229889,0.034983713179826736,-0.11019542813301086,-0.04256243258714676,1.0,-3.98924308642745
0.10000000149011612,0.20000000298023224,0.9940853118896484,0.03999999910593033,0.75,0.5252525210380554,-0.050163187086582184,0.13541163504123688,0.03527665138244629,-0.11070411652326584,-0.04413381591439247,1.0,-4.271238919347525
0.10000000149011612,0.23333333432674408,0.9935572147369385,0.03999999910593033,0.800000011920929,0.5252525210380554,-0.05097983032464981,0.1369391679763794,0.03487563878297806,-0.11042746901512146,-0.04577512666583061,1.0,-4.48924320563674
0.06666667014360428,0.2666666805744171,0.9931091070175171,0.03999999910593033,0.8500000238418579,0.5252525210380554,-0.05135100334882736,0.13979806005954742,0.03336430341005325,-0.11116599291563034,-0.04996974393725395,1.0,-4.707247193902731
0.03333333507180214,0.2666666805744171,0.9927409887313843,0.03999999910593033,0.8999999761581421,0.5252525210380554,-0.05202121287584305,0.14242291450500488,0.03411170840263367,-0.11291344463825226,-0.05247625708580017,1.0,0.0
0.03333333507180214,0.0,0.9995826482772827,0.0,0.0,0.5252525210380554,-0.03309278562664986,0.11104266345500946,0.029592540115118027,-0.12423530220985413,-0.044525060802698135,1.0,-0.15671253204345703
0.03333333507180214,0.0,0.9991908669471741,0.0,0.0,0.5252525210380554,-0.03309403359889984,0.11102059483528137,0.029587434604763985,-0.12424264848232269,-0.0445132702589035,1.0,-0.1567363739013672
0.0,0.03333333507180214,0.9987990260124207,0.0,0.0,0.5252525210380554,-0.03335654363036156,0.11143139749765396,0.02759828045964241,-0.124676913022995,-0.04601307958364487,1.0,-0.28199577704072
0.0,0.06666667014360428,0.9987190365791321,0.0,0.05000000074505806,0.5252525210380554,-0.03303997963666916,0.11356929689645767,0.02739063836634159,-0.12293624132871628,-0.045654334127902985,1.0,-0.5320196226239204
0.03333333507180214,0.06666667014360428,0.9986389875411987,0.0,0.10000000149011612,0.5252525210380554,-0.03406986594200134,0.11417075991630554,0.029519032686948776,-0.12178655713796616,-0.04403277486562729,1.0,-0.9067125618457794
0.03333333507180214,0.06666667014360428,0.9982472062110901,0.0,0.15000000596046448,0.5252525210380554,-0.035781364887952805,0.11579228937625885,0.029147882014513016,-0.12168970704078674,-0.04303532838821411,1.0,-1.2527237087488174
0.06666667014360428,0.13333334028720856,0.997615396976471,0.0,0.20000000298023224,0.5252525210380554,-0.03653048723936081,0.11208514869213104,0.030173741281032562,-0.11825550347566605,-0.04130086302757263,1.0,-1.404716758057475
0.03333333507180214,0.13333334028720856,0.9973036050796509,0.019999999552965164,0.25,0.5252525210380554,-0.03795579448342323,0.1160818561911583,0.02799791842699051,-0.11804243922233582,-0.04139776900410652,1.0,-1.6887322068214417
0.06666667014360428,0.13333334028720856,0.9968317747116089,0.0,0.30000001192092896,0.5252525210380554,-0.038748688995838165,0.11723974347114563,0.03199361637234688,-0.11648427695035934,-0.039311785250902176,1.0,-1.9367125015705824
0.06666667014360428,0.13333334028720856,0.9964399933815002,0.019999999552965164,0.3499999940395355,0.5252525210380554,-0.03958579897880554,0.11924926191568375,0.03214069455862045,-0.11539999395608902,-0.03894803673028946,1.0,-2.2507279496639967
0.13333334028720856,0.13333334028720856,0.9958881735801697,0.019999999552965164,0.4000000059604645,0.5252525210380554,-0.04048725962638855,0.11834437400102615,0.03770603612065315,-0.11363013833761215,-0.03804551064968109,1.0,-2.4687320869416
0.1666666716337204,0.13333334028720856,0.9954163432121277,0.019999999552965164,0.44999998807907104,0.5252525210380554,-0.04182150959968567,0.11925223469734192,0.04073221981525421,-0.11277174204587936,-0.03766985610127449,1.0,-2.748708304017782
0.20000000298023224,0.13333334028720856,0.9949445724487305,0.03999999910593033,0.5,0.5252525210380554,-0.04332047700881958,0.11981505155563354,0.04336753487586975,-0.11113514006137848,-0.0382058247923851,1.0,-2.996712589636445
0.20000000298023224,0.13333334028720856,0.9945527911186218,0.05999999865889549,0.550000011920929,0.5252525210380554,-0.045141078531742096,0.12277858704328537,0.04328690469264984,-0.10986305773258209,-0.03896544501185417,1.0,-3.3107280377298594
0.2666666805744171,0.13333334028720856,0.9940009713172913,0.05999999865889549,0.6000000238418579,0.5252525210380554,-0.04617716372013092,0.12240273505449295,0.04865910857915878,-0.10838297009468079,-0.03899536654353142,1.0,-3.590727798640728
0.3333333432674408,0.13333334028720856,0.9934491515159607,0.07999999821186066,0.6499999761581421,0.5252525210380554,-0.04609500616788864,0.12242431938648224,0.05329059064388275,-0.10724520683288574,-0.040037818253040314,1.0,-3.808708243072033
0.36666667461395264,0.13333334028720856,0.9929773807525635,0.07999999821186066,0.699999988079071,0.5252525210380554,-0.04627034813165665,0.1254596710205078,0.056266479194164276,-0.1071721538901329,-0.03977643698453903,1.0,-4.088732149451971
0.4000000059604645,0.13333334028720856,0.9925055503845215,0.10000000149011612,0.75,0.5252525210380554,-0.046187154948711395,0.12799055874347687,0.058866653591394424,-0.10668625682592392,-0.04028404876589775,1.0,-4.338732209056616
0.4000000059604645,0.1666666716337204,0.9920337200164795,0.10000000149011612,0.800000011920929,0.5252525210380554,-0.04695501923561096,0.12993603944778442,0.05771726742386818,-0.1069439947605133,-0.04157290607690811,1.0,-4.5887084268033504
0.4000000059604645,0.20000000298023224,0.9915619492530823,0.10000000149011612,0.8500000238418579,0.5252525210380554,-0.047810230404138565,0.1320570856332779,0.05645476654171944,-0.1066681295633316,-0.042131729423999786,1.0,0.0
0.03333333507180214,0.03333333507180214,0.9993253946304321,0.0,0.0,0.5252525210380554,-0.03239034116268158,0.10929480940103531,0.029383277520537376,-0.12323889136314392,-0.04524432495236397,1.0,-0.5084219016134739
0.06666667014360428,0.03333333507180214,0.9986793398857117,0.0,0.05000000074505806,0.5252525210380554,-0.03233131021261215,0.11028918623924255,0.0317862443625927,-0.12199555337429047,-0.04395224153995514,1.0,-0.8204415198415518
0.13333334028720856,0.03333333507180214,0.9979532361030579,0.019999999552965164,0.10000000149011612,0.5252525210380554,-0.03239881992340088,0.10877299308776855,0.035528600215911865,-0.1191975325345993,-0.041894394904375076,1.0,-1.102413473650813
0.20000000298023224,0.06666667014360428,0.9971472024917603,0.019999999552965164,0.15000000596046448,0.5252525210380554,-0.032219864428043365,0.10602126270532608,0.04008853808045387,-0.11610493808984756,-0.039997685700654984,1.0,-1.2864499799907207
0.20000000298023224,0.06666667014360428,0.9965810775756836,0.03999999910593033,0.20000000298023224,0.5252525210380554,-0.03366293013095856,0.10772566497325897,0.040057722479104996,-0.11561106890439987,-0.03925216197967529,1.0,-1.5664261225610971
0.20000000298023224,0.06666667014360428,0.9960150122642517,0.05999999865889549,0.25,0.5252525210380554,-0.035056643187999725,0.10923168808221817,0.03987732529640198,-0.11488699913024902,-0.0385732501745224,1.0,-1.9124373439699411
0.2666666805744171,0.10000000149011612,0.9952089190483093,0.05999999865889549,0.30000001192092896,0.5252525210380554,-0.03574168682098389,0.10646401345729828,0.04546159878373146,-0.11225235462188721,-0.03830060362815857,1.0,-2.160417638719082
0.30000001192092896,0.13333334028720856,0.9944828748703003,0.07999999821186066,0.3499999940395355,0.5252525210380554,-0.0365968719124794,0.10501082241535187,0.04808647930622101,-0.10982634127140045,-0.03919307887554169,1.0,-2.344430383294821
0.2666666805744171,0.13333334028720856,0.993996798992157,0.10000000149011612,0.4000000059604645,0.5252525210380554,-0.03818189352750778,0.10890790820121765,0.046064846217632294,-0.10960599035024643,-0.040071435272693634,1.0,-2.690441455692053
0.30000001192092896,0.1666666716337204,0.9932706952095032,0.10000000149011612,0.44999998807907104,0.5252525210380554,-0.03943226858973503,0.10900644212961197,0.048888735473155975,-0.10707069933414459,-0.03965435549616814,1.0,-2.972413446754217
0.4000000059604645,0.1666666716337204,0.9924646615982056,0.10000000149011612,0.5,0.5252525210380554,-0.04084410518407822,0.10644982755184174,0.05784499645233154,-0.10449863970279694,-0.039529383182525635,1.0,-3.1904415749013424
0.4333333373069763,0.20000000298023224,0.9917385578155518,0.10000000149011612,0.550000011920929,0.5252525210380554,-0.04146037995815277,0.10724474489688873,0.060271840542554855,-0.10386411845684052,-0.041424460709095,1.0,-3.4384220130741596
0.4333333373069763,0.23333333432674408,0.9910925030708313,0.11999999731779099,0.6000000238418579,0.5252525210380554,-0.04217413812875748,0.1090574562549591,0.0586421862244606,-0.10382772982120514,-0.043943434953689575,1.0,-3.686426006257534
0.4333333373069763,0.23333333432674408,0.9905264377593994,0.14000000059604645,0.6499999761581421,0.5252525210380554,-0.04317091405391693,0.11264438927173615,0.05784241855144501,-0.1036267951130867,-0.04506309702992439,1.0,-3.904430292546749
0.4000000059604645,0.23333333432674408,0.9900403618812561,0.14000000059604645,0.699999988079071,0.5252525210380554,-0.044792983680963516,0.11798644810914993,0.05414479225873947,-0.10446029156446457,-0.04545358568429947,1.0,-4.184430345892906
0.36666667461395264,0.23333333432674408,0.9895542860031128,0.1599999964237213,0.75,0.5252525210380554,-0.046261534094810486,0.12317806482315063,0.050194501876831055,-0.10496614128351212,-0.046865276992321014,1.0,-4.436426185071468
0.3333333432674408,0.2666666805744171,0.9889882206916809,0.14000000059604645,0.800000011920929,0.5252525210380554,-0.048176415264606476,0.12691038846969604,0.046280279755592346,-0.10576377809047699,-0.04704109579324722,1.0,-4.716450080275536
0.30000001192092896,0.30000001192092896,0.9884220957756042,0.1599999964237213,0.8500000238418579,0.5252525210380554,-0.04931926354765892,0.12978461384773254,0.04117908328771591,-0.1060471460223198,-0.04969816654920578,1.0,-4.998421773314476
0.30000001192092896,0.3333333432674408,0.9877760410308838,0.1599999964237213,0.8999999761581421,0.5252525210380554,-0.05005219206213951,0.13119840621948242,0.04034353047609329,-0.10634792596101761,-0.05162198841571808,1.0,-5.246426075696945
0.30000001192092896,0.3333333432674408,0.9872099757194519,0.18000000715255737,0.949999988079071,0.5252525210380554,-0.050679005682468414,0.13387294113636017,0.04074062407016754,-0.1065618172287941,-0.05396531894803047,1.0,0.0
0.06666667014360428,0.03333333507180214,0.9992321729660034,0.0,0.0,0.5252525210380554,-0.03159608319401741,0.10688062757253647,0.03097553923726082,-0.12217792868614197,-0.04460933804512024,1.0,-0.39591911621391773
0.06666667014360428,0.03333333507180214,0.9989423751831055,0.019999999552965164,0.05000000074505806,0.5252525210380554,-0.032223381102085114,0.1094682514667511,0.03113425523042679,-0.1217372864484787,-0.044112429022789,1.0,-0.7099106665700674
0.06666667014360428,0.10000000149011612,0.9984925985336304,0.019999999552965164,0.10000000149011612,0.5252525210380554,-0.03303560987114906,0.10919734835624695,0.030180295929312706,-0.1196461096405983,-0.04395870864391327,1.0,-0.9599106889218092
0.06666667014360428,0.1666666716337204,0.9980428218841553,0.019999999552965164,0.15000000596046448,0.5252525210380554,-0.03424516320228577,0.10734131187200546,0.028479304164648056,-0.1172538623213768,-0.04290521517395973,1.0,-1.1459191273897886
0.03333333507180214,0.20000000298023224,0.9977530241012573,0.019999999552965164,0.20000000298023224,0.5252525210380554,-0.03610270470380783,0.11006944626569748,0.026254547759890556,-0.11631447821855545,-0.04212115705013275,1.0,-1.3658952713012695
0.03333333507180214,0.20000000298023224,0.9974632859230042,0.0,0.25,0.5252525210380554,-0.03778964281082153,0.11352831870317459,0.027451228350400925,-0.11593200266361237,-0.040676966309547424,1.0,-1.679934561252594
0.06666667014360428,0.23333333432674408,0.9970134496688843,0.0,0.30000001192092896,0.5252525210380554,-0.0380740612745285,0.11257509142160416,0.030356522649526596,-0.11288470029830933,-0.03899582847952843,1.0,-1.9278910141438246
0.06666667014360428,0.2666666805744171,0.9966437220573425,0.019999999552965164,0.3499999940395355,0.5252525210380554,-0.03945121914148331,0.11325275897979736,0.03050026297569275,-0.1111363098025322,-0.03929342329502106,1.0,-2.14591914229095
0.06666667014360428,0.2666666805744171,0.9963539242744446,0.019999999552965164,0.4000000059604645,0.5252525210380554,-0.041184306144714355,0.11589071154594421,0.031181149184703827,-0.11091005057096481,-0.039181750267744064,1.0,-2.3959190528839827
0.03333333507180214,0.30000001192092896,0.9960641264915466,0.019999999552965164,0.44999998807907104,0.5252525210380554,-0.043064914643764496,0.1190444678068161,0.02839563973248005,-0.1103462278842926,-0.039307475090026855,1.0,-2.6159191131591797
0.03333333507180214,0.30000001192092896,0.9957743287086487,0.0,0.5,0.5252525210380554,-0.04481388255953789,0.12234638631343842,0.02945074811577797,-0.11000587046146393,-0.038394782692193985,1.0,-2.897914946079254
0.06666667014360428,0.30000001192092896,0.9954045414924622,0.0,0.550000011920929,0.5252525210380554,-0.04565620422363281,0.12380916625261307,0.03171406686306,-0.10926467180252075,-0.03903643414378166,1.0,-3.2099107783287764
0.10000000149011612,0.3333333432674408,0.9949547648429871,0.019999999552965164,0.6000000238418579,0.5252525210380554,-0.045441433787345886,0.12386848032474518,0.03242591395974159,-0.10836870968341827,-0.04279680550098419,1.0,-3.4279147665947676
0.13333334028720856,0.3333333432674408,0.9945849776268005,0.019999999552965164,0.6499999761581421,0.5252525210380554,-0.04619322717189789,0.12514981627464294,0.03414607048034668,-0.10820551216602325,-0.043503537774086,1.0,-3.6438994370400906
0.10000000149011612,0.3333333432674408,0.9943752288818359,0.03999999910593033,0.699999988079071,0.5252525210380554,-0.04742758721113205,0.12936072051525116,0.03168604150414467,-0.10842619091272354,-0.04620261862874031,1.0,-3.957914885133505
0.13333334028720856,0.3333333432674408,0.9940054416656494,0.03999999910593033,0.75,0.5252525210380554,-0.04847557470202446,0.13067467510700226,0.03352159634232521,-0.10844302922487259,-0.04613126069307327,1.0,-4.205919170752168
0.13333334028720856,0.3333333432674408,0.9937156438827515,0.05999999865889549,0.800000011920929,0.5252525210380554,-0.049479056149721146,0.13315382599830627,0.033256541937589645,-0.10853011906147003,-0.04831730201840401,1.0,-4.425919231027365
0.10000000149011612,0.36666667461395264,0.9934258460998535,0.03999999910593033,0.8500000238418579,0.5252525210380554,-0.05004032701253891,0.13622337579727173,0.032543063163757324,-0.11004398763179779,-0.05177425220608711,1.0,-4.705918991938233
0.10000000149011612,0.36666667461395264,0.9931360483169556,0.05999999865889549,0.8999999761581421,0.5252525210380554,-0.050926197320222855,0.1387205719947815,0.032982222735881805,-0.11081284284591675,-0.05507083609700203,1.0,-4.955919051542878
0.10000000149011612,0.36666667461395264,0.9928462505340576,0.05999999865889549,0.949999988079071,0.5252525210380554,-0.052367642521858215,0.14073151350021362,0.03431570157408714,-0.11148831993341446,-0.05579778924584389,1.0,0.0
0.03333333507180214,0.06666667014360428,0.9991455674171448,0.0,0.0,0.5252525210380554,-0.03173086792230606,0.1072520762681961,0.02903062477707863,-0.1228240355849266,-0.04620014503598213,1.0,-0.455183032900095
0.03333333507180214,0.06666667014360428,0.9986326098442078,0.0,0.05000000074505806,0.5252525210380554,-0.0323801226913929,0.11149279773235321,0.0297227893024683,-0.12187227606773376,-0.04491017013788223,1.0,-0.7691745832562447
0.06666667014360428,0.10000000149011612,0.9979596734046936,0.0,0.10000000149011612,0.5252525210380554,-0.0334165021777153,0.11015177518129349,0.03084961697459221,-0.11978431046009064,-0.043340299278497696,1.0,-0.9531872849911451
0.03333333507180214,0.10000000149011612,0.9975267052650452,0.019999999552965164,0.15000000596046448,0.5252525210380554,-0.035584159195423126,0.11332793533802032,0.027493014931678772,-0.1204419732093811,-0.04315568506717682,1.0,-1.2051830440759659
0.03333333507180214,0.10000000149011612,0.9970137476921082,0.0,0.20000000298023224,0.5252525210380554,-0.03740100562572479,0.11592447757720947,0.028299957513809204,-0.12031392008066177,-0.04173647239804268,1.0,-1.4871788024902344
0.03333333507180214,0.13333334028720856,0.9964208006858826,0.0,0.25,0.5252525210380554,-0.038252413272857666,0.1166280061006546,0.02855098992586136,-0.11833961308002472,-0.04086810722947121,1.0,-1.7691746354103088
0.06666667014360428,0.1666666716337204,0.9957478642463684,0.0,0.30000001192092896,0.5252525210380554,-0.03850787132978439,0.11562681943178177,0.03146146237850189,-0.11529073119163513,-0.03920004516839981,1.0,-1.9531872253865004
0.03333333507180214,0.1666666716337204,0.99531489610672,0.019999999552965164,0.3499999940395355,0.5252525210380554,-0.039825692772865295,0.11971430480480194,0.028910862281918526,-0.11523067206144333,-0.039461832493543625,1.0,-2.205183058977127
0.0,0.20000000298023224,0.994801938533783,0.0,0.4000000059604645,0.5252525210380554,-0.041472990065813065,0.1225748360157013,0.026542775332927704,-0.1149308905005455,-0.03863668441772461,1.0,-2.3460111021995544
0.06666667014360428,0.23333333432674408,0.9945619106292725,0.0,0.44999998807907104,0.5252525210380554,-0.04284711182117462,0.12029120326042175,0.03242778405547142,-0.11184173822402954,-0.038072504103183746,1.0,-2.767178801819682
0.06666667014360428,0.2666666805744171,0.9939689636230469,0.019999999552965164,0.5,0.5252525210380554,-0.04460039734840393,0.12172932922840118,0.032006051391363144,-0.10975292325019836,-0.0386192686855793,1.0,-2.9531873147934675
0.03333333507180214,0.2666666805744171,0.9935359954833984,0.019999999552965164,0.550000011920929,0.5252525210380554,-0.04622868075966835,0.12606798112392426,0.029388297349214554,-0.11007741838693619,-0.03952319547533989,1.0,-3.237178921699524
0.06666667014360428,0.2666666805744171,0.9929430484771729,0.0,0.6000000238418579,0.5252525210380554,-0.04721838980913162,0.12745612859725952,0.0321379229426384,-0.1098528727889061,-0.039348211139440536,1.0,-3.453187135979533
0.03333333507180214,0.2666666805744171,0.9925100803375244,0.019999999552965164,0.6499999761581421,0.5252525210380554,-0.04801246523857117,0.13111382722854614,0.030087685212492943,-0.11015546321868896,-0.042937733232975006,1.0,-3.7371787428855896
0.03333333507180214,0.30000001192092896,0.9919171333312988,0.0,0.699999988079071,0.5252525210380554,-0.04834318906068802,0.1329360455274582,0.030306147411465645,-0.11002994328737259,-0.04452860727906227,1.0,-4.051170349121094
0.13333334028720856,0.30000001192092896,0.9911642074584961,0.0,0.75,0.5252525210380554,-0.04946648329496384,0.13155648112297058,0.03515765815973282,-0.10931175202131271,-0.042680773884058,1.0,-4.235183088108897
0.10000000149011612,0.3333333432674408,0.9906512498855591,0.019999999552965164,0.800000011920929,0.5252525210380554,-0.04992494359612465,0.13431411981582642,0.032643675804138184,-0.10945691168308258,-0.04715239256620407,1.0,-4.51518314704299
0.06666667014360428,0.36666667461395264,0.9901382923126221,0.03999999910593033,0.8500000238418579,0.5252525210380554,-0.04975898563861847,0.13738903403282166,0.031590815633535385,-0.11093523353338242,-0.053719036281108856,1.0,-4.859174454584718
0.10000000149011612,0.4000000059604645,0.9894653558731079,0.05999999865889549,0.8999999761581421,0.5252525210380554,-0.05021941661834717,0.13767918944358826,0.03250609338283539,-0.11075609922409058,-0.056574393063783646,1.0,-5.049198357388377
0.10000000149011612,0.46666666865348816,0.988792359828949,0.019999999552965164,0.949999988079071,0.5252525210380554,-0.05062934756278992,0.13809740543365479,0.03353356942534447,-0.11138638854026794,-0.05716318264603615,1.0,0.0
0.06666667014360428,0.0,0.9989483952522278,0.0,0.0,0.5252525210380554,-0.03219833970069885,0.10855879634618759,0.03129800781607628,-0.12315720319747925,-0.04397042095661163,1.0,-0.11616447381675243
0.03333333507180214,0.0,0.9987329840660095,0.019999999552965164,0.0,0.5252525210380554,-0.032708119601011276,0.11007814109325409,0.029059045016765594,-0.12414770573377609,-0.04458852484822273,1.0,-0.08616447448730469
0.0,0.0,0.9985175728797913,0.0,0.0,0.5252525210380554,-0.0340617410838604,0.11333384364843369,0.027835484594106674,-0.12529870867729187,-0.04501130431890488,1.0,-0.1280069351196289
0.10000000149011612,0.03333333507180214,0.9981975555419922,0.0,0.0,0.5252525210380554,-0.031102389097213745,0.10493732988834381,0.03285284712910652,-0.12081567943096161,-0.043468352407217026,1.0,-0.3661883193999529
0.06666667014360428,0.03333333507180214,0.9979820847511292,0.019999999552965164,0.05000000074505806,0.5252525210380554,-0.032220467925071716,0.10942138731479645,0.03113555908203125,-0.12174305319786072,-0.044083043932914734,1.0,-0.6461644805967808
0.03333333507180214,0.03333333507180214,0.9977666735649109,0.03999999910593033,0.10000000149011612,0.5252525210380554,-0.03371436521410942,0.1132381409406662,0.029039844870567322,-0.12248894572257996,-0.04482661932706833,1.0,-0.9321756660938263
0.06666667014360428,0.06666667014360428,0.9973112344741821,0.0,0.15000000596046448,0.5252525210380554,-0.03506235033273697,0.1133420467376709,0.03144778683781624,-0.12078666687011719,-0.042691752314567566,1.0,-1.1161644887179136
0.03333333507180214,0.06666667014360428,0.9970958232879639,0.019999999552965164,0.20000000298023224,0.5252525210380554,-0.037004534155130386,0.11677056550979614,0.02830399014055729,-0.12128791958093643,-0.04269157722592354,1.0,-1.4001798629760742
0.03333333507180214,0.10000000149011612,0.9967203736305237,0.0,0.25,0.5252525210380554,-0.03847403824329376,0.1182045191526413,0.029089070856571198,-0.11953852325677872,-0.04097624495625496,1.0,-1.7141714692115784
0.06666667014360428,0.1666666716337204,0.9961849451065063,0.0,0.30000001192092896,0.5252525210380554,-0.03851395845413208,0.11564898490905762,0.03145629167556763,-0.11528832465410233,-0.0392024964094162,1.0,-1.9621756058186293
0.10000000149011612,0.20000000298023224,0.9957295060157776,0.019999999552965164,0.3499999940395355,0.5252525210380554,-0.03911358118057251,0.11434943228960037,0.0339343324303627,-0.11211486160755157,-0.03871425241231918,1.0,-2.1481602769345045
0.10000000149011612,0.20000000298023224,0.9954341053962708,0.019999999552965164,0.4000000059604645,0.5252525210380554,-0.04085535556077957,0.11724227666854858,0.03457959368824959,-0.1119280606508255,-0.03866984322667122,1.0,-2.4281840287148952
0.10000000149011612,0.20000000298023224,0.9951386451721191,0.03999999910593033,0.44999998807907104,0.5252525210380554,-0.04256501421332359,0.12023594230413437,0.03470700979232788,-0.11109377443790436,-0.03909269720315933,1.0,-2.6461644731462
0.06666667014360428,0.20000000298023224,0.9949232339859009,0.03999999910593033,0.5,0.5252525210380554,-0.04453694820404053,0.1247011348605156,0.032091543078422546,-0.11108877509832382,-0.0392623096704483,1.0,-2.9601799212396145
0.10000000149011612,0.20000000298023224,0.9945477843284607,0.03999999910593033,0.550000011920929,0.5252525210380554,-0.046101298183202744,0.12551096081733704,0.035116519778966904,-0.10980913788080215,-0.03909569978713989,1.0,-3.1481603663414717
0.10000000149011612,0.20000000298023224,0.9942523837089539,0.019999999552965164,0.6000000238418579,0.5252525210380554,-0.047684598714113235,0.12811818718910217,0.03553401678800583,-0.11005327850580215,-0.038840483874082565,1.0,-3.4281839691102505
0.10000000149011612,0.20000000298023224,0.9939569234848022,0.03999999910593033,0.6499999761581421,0.5252525210380554,-0.04849105328321457,0.13055419921875,0.03486962616443634,-0.10986615717411041,-0.041101276874542236,1.0,-3.7421517334878445
0.10000000149011612,0.2666666805744171,0.9935015439987183,0.03999999910593033,0.699999988079071,0.5252525210380554,-0.04858506843447685,0.13119497895240784,0.0330810621380806,-0.10903945565223694,-0.04389442503452301,1.0,-3.8961883150041103
0.06666667014360428,0.2666666805744171,0.9932860732078552,0.03999999910593033,0.75,0.5252525210380554,-0.04980359226465225,0.13485834002494812,0.031856030225753784,-0.10982697457075119,-0.04628957435488701,1.0,-4.178160306066275
0.06666667014360428,0.2666666805744171,0.9929906725883484,0.03999999910593033,0.800000011920929,0.5252525210380554,-0.05052206292748451,0.13730721175670624,0.03248855099081993,-0.11033043265342712,-0.047862421721220016,1.0,0.0
0.03333333507180214,0.0,0.9989423155784607,0.0,0.0,0.5252525210380554,-0.03309483081102371,0.11100660264492035,0.029584188014268875,-0.12424729764461517,-0.04450578987598419,1.0,-0.22895336151123047
0.03333333507180214,0.06666667014360428,0.9983699321746826,0.0,0.0,0.5252525210380554,-0.03173327445983887,0.107211172580719,0.029021380469202995,-0.12283240258693695,-0.046174123883247375,1.0,-0.3829660452902317
0.0,0.06666667014360428,0.9980375170707703,0.0,0.05000000074505806,0.5252525210380554,-0.033043887466192245,0.11352801322937012,0.02738977037370205,-0.12295026332139969,-0.04565132409334183,1.0,-0.5319957807660103
0.0,0.10000000149011612,0.9979575276374817,0.0,0.10000000149011612,0.5252525210380554,-0.0343741774559021,0.11435715854167938,0.02634717896580696,-0.12149781733751297,-0.0442485436797142,1.0,-0.8140154182910919
0.03333333507180214,0.13333334028720856,0.9977974891662598,0.0,0.15000000596046448,0.5252525210380554,-0.03573876619338989,0.11242471635341644,0.027385788038372993,-0.11940394341945648,-0.042394861578941345,1.0,-1.196957603096962
0.06666667014360428,0.13333334028720856,0.9973050951957703,0.0,0.20000000298023224,0.5252525210380554,-0.036524638533592224,0.11207003891468048,0.03017680160701275,-0.11825740337371826,-0.04129926860332489,1.0,-1.4769814293831587
0.06666667014360428,0.1666666716337204,0.996812641620636,0.019999999552965164,0.25,0.5252525210380554,-0.037162408232688904,0.11246710270643234,0.03002653270959854,-0.11587247997522354,-0.0407169908285141,1.0,-1.758953420445323
0.13333334028720856,0.1666666716337204,0.9962402582168579,0.019999999552965164,0.30000001192092896,0.5252525210380554,-0.0372084304690361,0.11104929447174072,0.03590695932507515,-0.11332651972770691,-0.038776662200689316,1.0,-2.008977172896266
0.1666666716337204,0.20000000298023224,0.9956678152084351,0.019999999552965164,0.3499999940395355,0.5252525210380554,-0.038420602679252625,0.11054956167936325,0.03878074139356613,-0.11094247549772263,-0.03827258199453354,1.0,-2.2889533899724483
0.23333333432674408,0.20000000298023224,0.995095431804657,0.03999999910593033,0.4000000059604645,0.5252525210380554,-0.039198704063892365,0.10920100659132004,0.0441274493932724,-0.10906434059143066,-0.03830720856785774,1.0,-2.5369575265794992
0.23333333432674408,0.23333333432674408,0.9946030378341675,0.05999999865889549,0.44999998807907104,0.5252525210380554,-0.0410509817302227,0.1108250543475151,0.044368043541908264,-0.10726496577262878,-0.039180152118206024,1.0,-2.786981428042054
0.2666666805744171,0.23333333432674408,0.9941105842590332,0.05999999865889549,0.5,0.5252525210380554,-0.042459841817617416,0.11234501004219055,0.04700419306755066,-0.10639895498752594,-0.039603959769010544,1.0,-3.034961871802807
0.2666666805744171,0.23333333432674408,0.9936981797218323,0.07999999821186066,0.550000011920929,0.5252525210380554,-0.04338002949953079,0.11560717225074768,0.04583770036697388,-0.10612845420837402,-0.04149278253316879,1.0,-3.2849619314074516
0.2666666805744171,0.23333333432674408,0.9932857751846313,0.07999999821186066,0.6000000238418579,0.5252525210380554,-0.04497528076171875,0.11902084946632385,0.04543861746788025,-0.10629776120185852,-0.04230629652738571,1.0,-3.5649616979062557
0.2666666805744171,0.23333333432674408,0.9928733706474304,0.10000000149011612,0.6499999761581421,0.5252525210380554,-0.04613987356424332,0.12228122353553772,0.04432111606001854,-0.10620011389255524,-0.04349629580974579,1.0,-3.844961751252413
0.2666666805744171,0.23333333432674408,0.9924609661102295,0.11999999731779099,0.699999988079071,0.5252525210380554,-0.04719061031937599,0.12525036931037903,0.04314330592751503,-0.10625707358121872,-0.044772759079933167,1.0,-4.158953357487917
0.30000001192092896,0.2666666805744171,0.9918885827064514,0.11999999731779099,0.75,0.5252525210380554,-0.04766785725951195,0.12543122470378876,0.04423775523900986,-0.10606663674116135,-0.045831214636564255,1.0,-4.440973032265902
0.4000000059604645,0.2666666805744171,0.99123615026474,0.11999999731779099,0.800000011920929,0.5252525210380554,-0.04736439138650894,0.12429556250572205,0.05363078415393829,-0.10527543723583221,-0.04617476463317871,1.0,-4.592966161668301
0.36666667461395264,0.2666666805744171,0.9909037351608276,0.14000000059604645,0.8500000238418579,0.5252525210380554,-0.048600178211927414,0.12905526161193848,0.04958696290850639,-0.10568904876708984,-0.0473029762506485,1.0,-4.906957469880581
0.36666667461395264,0.30000001192092896,0.9904113411903381,0.14000000059604645,0.8999999761581421,0.5252525210380554,-0.049360983073711395,0.1308416724205017,0.04837170988321304,-0.10584157705307007,-0.048808399587869644,1.0,0.0
0.03333333507180214,0.03333333507180214,0.9986099600791931,0.0,0.0,0.5252525210380554,-0.032393284142017365,0.10925348103046417,0.029373852536082268,-0.12325243651866913,-0.04522480070590973,1.0,-0.4867973364889622
0.03333333507180214,0.03333333507180214,0.9980179667472839,0.0,0.05000000074505806,0.5252525210380554,-0.0329899936914444,0.11261308193206787,0.03013310395181179,-0.12295743823051453,-0.04456096515059471,1.0,-0.8007888868451118
0.06666667014360428,0.06666667014360428,0.9972659945487976,0.0,0.10000000149011612,0.5252525210380554,-0.03349924087524414,0.11173064261674881,0.0317242369055748,-0.12091662734746933,-0.043504439294338226,1.0,-1.016797361895442
0.06666667014360428,0.06666667014360428,0.9966740012168884,0.019999999552965164,0.15000000596046448,0.5252525210380554,-0.03481197729706764,0.11254099011421204,0.03079073131084442,-0.1207045167684555,-0.04323025047779083,1.0,-1.2348015736788511
0.03333333507180214,0.06666667014360428,0.9961619973182678,0.019999999552965164,0.20000000298023224,0.5252525210380554,-0.03698812797665596,0.11673228442668915,0.02831813506782055,-0.12129040062427521,-0.04268207401037216,1.0,-1.5507888793945312
0.10000000149011612,0.06666667014360428,0.9954100251197815,0.0,0.25,0.5252525210380554,-0.037604138255119324,0.11633363366127014,0.03468378260731697,-0.11855726689100266,-0.038908615708351135,1.0,-1.8307889383286238
0.1666666716337204,0.06666667014360428,0.9946580529212952,0.019999999552965164,0.30000001192092896,0.5252525210380554,-0.03740440309047699,0.11472396552562714,0.03966161236166954,-0.11557785421609879,-0.036498237401247025,1.0,-2.0787930749356747
0.20000000298023224,0.06666667014360428,0.9939860701560974,0.03999999910593033,0.3499999940395355,0.5252525210380554,-0.03828692436218262,0.11521259695291519,0.042643144726753235,-0.11412018537521362,-0.03654565289616585,1.0,-2.2967973612248898
0.20000000298023224,0.06666667014360428,0.9933940768241882,0.03999999910593033,0.4000000059604645,0.5252525210380554,-0.03986513242125511,0.11780297756195068,0.04340997338294983,-0.1136275976896286,-0.03650952875614166,1.0,-2.5767972711473703
0.20000000298023224,0.06666667014360428,0.992802083492279,0.05999999865889549,0.44999998807907104,0.5252525210380554,-0.04120999574661255,0.11973430216312408,0.04353027790784836,-0.11291950196027756,-0.037819717079401016,1.0,-2.9208127185702324
0.2666666805744171,0.06666667014360428,0.992050051689148,0.07999999821186066,0.5,0.5252525210380554,-0.042063530534505844,0.11878174543380737,0.04836936295032501,-0.11037429422140121,-0.03773181885480881,1.0,-3.170788936316967
0.3333333432674408,0.06666667014360428,0.9912980794906616,0.07999999821186066,0.550000011920929,0.5252525210380554,-0.043326303362846375,0.11826612055301666,0.05402248725295067,-0.10817395150661469,-0.036893248558044434,1.0,-3.3867974542081356
0.3333333432674408,0.06666667014360428,0.9907060861587524,0.10000000149011612,0.6000000238418579,0.5252525210380554,-0.044632524251937866,0.12156255543231964,0.05460604280233383,-0.10734452307224274,-0.037996552884578705,1.0,-3.6367972157895565
0.30000001192092896,0.10000000149011612,0.9901140928268433,0.10000000149011612,0.6499999761581421,0.5252525210380554,-0.04656081646680832,0.12484709918498993,0.0508139505982399,-0.10777882486581802,-0.04018618166446686,1.0,-3.8867972753942013
0.2666666805744171,0.13333334028720856,0.9895220994949341,0.10000000149011612,0.699999988079071,0.5252525210380554,-0.04842637479305267,0.12867087125778198,0.04670332372188568,-0.10780967026948929,-0.041451144963502884,1.0,-4.168793108314276
0.30000001192092896,0.13333334028720856,0.9888501167297363,0.10000000149011612,0.75,0.5252525210380554,-0.04846920818090439,0.1311374008655548,0.04954051971435547,-0.10794835537672043,-0.04134164750576019,1.0,-4.416797388345003
0.2666666805744171,0.1666666716337204,0.9882581233978271,0.11999999731779099,0.800000011920929,0.5252525210380554,-0.04985138773918152,0.1336073875427246,0.04528217017650604,-0.10784947127103806,-0.04379042983055115,1.0,-4.696797452867031
0.2666666805744171,0.1666666716337204,0.987666130065918,0.14000000059604645,0.8500000238418579,0.5252525210380554,-0.05042722076177597,0.13641078770160675,0.04552171379327774,-0.10802927613258362,-0.04542634263634682,1.0,-4.946797214448452
0.2666666805744171,0.1666666716337204,0.9870741367340088,0.14000000059604645,0.8999999761581421,0.5252525210380554,-0.051134832203388214,0.13933813571929932,0.04622699320316315,-0.10854178667068481,-0.04615429788827896,1.0,-5.226797267794609
0.2666666805744171,0.1666666716337204,0.9864821434020996,0.1599999964237213,0.949999988079071,0.5252525210380554,-0.05177196115255356,0.14220678806304932,0.046036168932914734,-0.1086752712726593,-0.04809345304965973,1.0,-217.77731227874756
0.0,0.0,0.9745388627052307,0.0,0.0,0.5555555820465088,-0.03369933366775513,0.11285459995269775,0.027113446965813637,-0.1259469985961914,-0.04326283931732178,1.0,-0.03199577331542969
0.03333333507180214,0.0,0.9744588732719421,0.0,0.0,0.5555555820465088,-0.03282890468835831,0.11072768270969391,0.028983714058995247,-0.12476131319999695,-0.04275757074356079,1.0,-0.16791820526123047
0.03333333507180214,0.03333333507180214,0.9740390777587891,0.0,0.0,0.5555555820465088,-0.03215152397751808,0.10878162831068039,0.028736604377627373,-0.12411995232105255,-0.04370730370283127,1.0,-0.4498901404440403
0.06666667014360428,0.06666667014360428,0.9735393524169922,0.0,0.05000000074505806,0.5555555820465088,-0.03127187490463257,0.10884266346693039,0.031243473291397095,-0.12139853090047836,-0.04255224019289017,1.0,-0.6339028235524893
0.03333333507180214,0.06666667014360428,0.973279595375061,0.019999999552965164,0.10000000149011612,0.5555555820465088,-0.03292214125394821,0.11186651140451431,0.028645822778344154,-0.1221437007188797,-0.04294262081384659,1.0,-0.9819097816944122
0.10000000149011612,0.10000000149011612,0.9726998209953308,0.0,0.15000000596046448,0.5555555820465088,-0.03438638150691986,0.10940568894147873,0.03259208798408508,-0.11884109675884247,-0.039499688893556595,1.0,-1.1978943776339293
0.10000000149011612,0.13333334028720856,0.9722800850868225,0.019999999552965164,0.20000000298023224,0.5555555820465088,-0.03530965745449066,0.10901951789855957,0.03172929584980011,-0.11741629987955093,-0.039160631597042084,1.0,-1.477918203920126
0.10000000149011612,0.1666666716337204,0.9718602895736694,0.03999999910593033,0.25,0.5555555820465088,-0.035935092717409134,0.10940424352884293,0.03158104047179222,-0.11505171656608582,-0.038602620363235474,1.0,-1.7278944216668606
0.10000000149011612,0.20000000298023224,0.9714405536651611,0.03999999910593033,0.30000001192092896,0.5555555820465088,-0.03718790411949158,0.11055126041173935,0.03205742686986923,-0.11303482204675674,-0.03782325237989426,1.0,-1.913902785629034
0.06666667014360428,0.20000000298023224,0.97118079662323,0.03999999910593033,0.3499999940395355,0.5555555820465088,-0.03889735788106918,0.11540073156356812,0.03013436868786812,-0.11330647766590118,-0.03778095543384552,1.0,-2.2279182337224483
0.10000000149011612,0.20000000298023224,0.9707610011100769,0.03999999910593033,0.4000000059604645,0.5555555820465088,-0.04046925902366638,0.11638392508029938,0.03350077569484711,-0.11201715469360352,-0.03756373003125191,1.0,-2.479890076443553
0.1666666716337204,0.20000000298023224,0.97026127576828,0.019999999552965164,0.44999998807907104,0.5555555820465088,-0.04185575991868973,0.11543597280979156,0.03954550623893738,-0.1109076738357544,-0.036688193678855896,1.0,-2.727918203920126
0.1666666716337204,0.23333333432674408,0.969841480255127,0.03999999910593033,0.5,0.5555555820465088,-0.04375016689300537,0.11748586595058441,0.03928279131650925,-0.10851738601922989,-0.03778756037354469,1.0,-2.945898648351431
0.1666666716337204,0.23333333432674408,0.9695017337799072,0.03999999910593033,0.550000011920929,0.5555555820465088,-0.04485403001308441,0.12061318755149841,0.038723528385162354,-0.10860242694616318,-0.03872870281338692,1.0,-3.2579183224588633
0.1666666716337204,0.2666666805744171,0.9690819382667542,0.05999999865889549,0.6000000238418579,0.5555555820465088,-0.045050494372844696,0.12233924865722656,0.03667246922850609,-0.10805468261241913,-0.041800372302532196,1.0,-3.5378942415118217
0.1666666716337204,0.30000001192092896,0.9686622023582458,0.07999999821186066,0.6499999761581421,0.5555555820465088,-0.04555215314030647,0.12398676574230194,0.03473182022571564,-0.10770557820796967,-0.04479195177555084,1.0,-3.7878943011164665
0.20000000298023224,0.30000001192092896,0.9682424664497375,0.07999999821186066,0.699999988079071,0.5555555820465088,-0.046565063297748566,0.12545982003211975,0.03668290004134178,-0.10759547352790833,-0.04496362805366516,1.0,-4.0379182025790215
0.23333333432674408,0.30000001192092896,0.9678226709365845,0.07999999821186066,0.75,0.5555555820465088,-0.047574616968631744,0.12694060802459717,0.0386122390627861,-0.10755068808794022,-0.044973958283662796,1.0,-4.287894420325756
0.23333333432674408,0.3333333432674408,0.9674029350280762,0.07999999821186066,0.800000011920929,0.5555555820465088,-0.04826998710632324,0.128700390458107,0.03717772290110588,-0.10772272944450378,-0.04626380652189255,1.0,-4.537918321788311
0.2666666805744171,0.3333333432674408,0.9669831395149231,0.07999999821186066,0.8500000238418579,0.5555555820465088,-0.049281444400548935,0.1300477236509323,0.03922567516565323,-0.10771048069000244,-0.046396404504776,1.0,-147.0
0.03333333507180214,0.0,0.974003791809082,0.0,0.0,0.5555555820465088,-0.032831232994794846,0.11070241034030914,0.028979212045669556,-0.12477017939090729,-0.0427442342042923,1.0,-0.20890235900878906
0.10000000149011612,0.0,0.9734815359115601,0.0,0.0,0.5555555820465088,-0.03147106617689133,0.1064445823431015,0.03251073136925697,-0.12205502390861511,-0.04091925919055939,1.0,-0.1749346535652876
0.10000000149011612,0.0,0.9731191992759705,0.019999999552965164,0.0,0.5555555820465088,-0.031152479350566864,0.10546048730611801,0.03184151649475098,-0.12207664549350739,-0.04110248386859894,1.0,-0.26890235766768456
0.10000000149011612,0.06666667014360428,0.9725969433784485,0.03999999910593033,0.0,0.5555555820465088,-0.029353901743888855,0.10071823000907898,0.03084433823823929,-0.12077032029628754,-0.04316353052854538,1.0,-0.518926203250885
0.1666666716337204,0.06666667014360428,0.9720746278762817,0.03999999910593033,0.05000000074505806,0.5555555820465088,-0.03013227880001068,0.10160601884126663,0.03571229428052902,-0.11722198128700256,-0.039941903203725815,1.0,-0.7369304336607456
0.1666666716337204,0.10000000149011612,0.9716323018074036,0.03999999910593033,0.10000000149011612,0.5555555820465088,-0.030925612896680832,0.1021781638264656,0.035810746252536774,-0.11633900552988052,-0.040106892585754395,1.0,-0.9869066141545773
0.20000000298023224,0.10000000149011612,0.9711900353431702,0.03999999910593033,0.15000000596046448,0.5555555820465088,-0.03197329863905907,0.10316058248281479,0.038225144147872925,-0.1148948073387146,-0.038202229887247086,1.0,-1.2349108252674341
0.20000000298023224,0.10000000149011612,0.9708277583122253,0.05999999865889549,0.20000000298023224,0.5555555820465088,-0.03342597931623459,0.10464005172252655,0.038165368139743805,-0.11445900797843933,-0.03757870942354202,1.0,-1.5469304248690605
0.23333333432674408,0.10000000149011612,0.9703854322433472,0.07999999821186066,0.25,0.5555555820465088,-0.03436991572380066,0.10498353093862534,0.04064527899026871,-0.11298728734254837,-0.037533652037382126,1.0,-1.7649108693003654
0.23333333432674408,0.10000000149011612,0.9700231552124023,0.07999999821186066,0.30000001192092896,0.5555555820465088,-0.03586423397064209,0.10742925107479095,0.04193930700421333,-0.11252045631408691,-0.0373268648982048,1.0,-2.0149346217513084
0.23333333432674408,0.10000000149011612,0.9696608185768127,0.07999999821186066,0.3499999940395355,0.5555555820465088,-0.03734801709651947,0.1098785549402237,0.04324612021446228,-0.11198179423809052,-0.03707786649465561,1.0,-2.2949108444154263
0.20000000298023224,0.13333334028720856,0.9692985415458679,0.10000000149011612,0.4000000059604645,0.5555555820465088,-0.038896430283784866,0.1124044805765152,0.04089083522558212,-0.11049123108386993,-0.038660928606987,1.0,-2.6409219168126583
0.30000001192092896,0.13333334028720856,0.9686962366104126,0.10000000149011612,0.44999998807907104,0.5555555820465088,-0.03961765766143799,0.10951370000839233,0.048656996339559555,-0.10795599967241287,-0.03767087310552597,1.0,-2.8589023612439632
0.3333333432674408,0.1666666716337204,0.9681739807128906,0.10000000149011612,0.5,0.5555555820465088,-0.041240233927965164,0.10957304388284683,0.051274411380290985,-0.10587344318628311,-0.03858591616153717,1.0,-3.074934709817171
0.3333333432674408,0.1666666716337204,0.967811644077301,0.11999999731779099,0.550000011920929,0.5555555820465088,-0.042358994483947754,0.1127517819404602,0.05031853914260864,-0.10574784129858017,-0.040260180830955505,1.0,-3.3249109275639057
0.3333333432674408,0.1666666716337204,0.9674493670463562,0.11999999731779099,0.6000000238418579,0.5555555820465088,-0.04369175061583519,0.11647539585828781,0.0502542108297348,-0.10592510551214218,-0.040870580822229385,1.0,-3.670921850949526
0.4000000059604645,0.20000000298023224,0.9668470621109009,0.11999999731779099,0.6499999761581421,0.5555555820465088,-0.04327703267335892,0.11590501666069031,0.05574997514486313,-0.10490290820598602,-0.04211420565843582,1.0,-3.794910755008459
0.36666667461395264,0.23333333432674408,0.966484785079956,0.10000000149011612,0.699999988079071,0.5555555820465088,-0.04544968903064728,0.12023302912712097,0.05181514471769333,-0.10572847723960876,-0.04262948036193848,1.0,-4.106930423527956
0.4000000059604645,0.23333333432674408,0.9660424590110779,0.11999999731779099,0.75,0.5555555820465088,-0.045631639659404755,0.1220521330833435,0.05472348630428314,-0.1054227277636528,-0.04409593343734741,1.0,-4.354910872876644
0.4000000059604645,0.23333333432674408,0.9656801819801331,0.14000000059604645,0.800000011920929,0.5555555820465088,-0.046457648277282715,0.1255609691143036,0.05419670790433884,-0.10551702976226807,-0.045531660318374634,1.0,-267.0
0.0,0.03333333507180214,0.9732744693756104,0.0,0.0,0.5555555820465088,-0.033091917634010315,0.11078700423240662,0.026825902983546257,-0.12561212480068207,-0.04447329044342041,1.0,-0.28201961889863014
0.03333333507180214,0.03333333507180214,0.973194420337677,0.0,0.05000000074505806,0.5555555820465088,-0.032412439584732056,0.1122002974152565,0.029454143717885017,-0.1234617531299591,-0.04283988103270531,1.0,-0.8333568647503853
0.13333334028720856,0.03333333507180214,0.9723610281944275,0.0,0.10000000149011612,0.5555555820465088,-0.03257574141025543,0.10990513861179352,0.03536535054445267,-0.11949577927589417,-0.038905732333660126,1.0,-0.9853499513119459
0.10000000149011612,0.03333333507180214,0.971847653388977,0.019999999552965164,0.15000000596046448,0.5555555820465088,-0.03419084846973419,0.11286041140556335,0.033049918711185455,-0.12054433673620224,-0.0396595373749733,1.0,-1.2653737775981426
0.06666667014360428,0.03333333507180214,0.9713342189788818,0.03999999910593033,0.20000000298023224,0.5555555820465088,-0.03538389503955841,0.11557018756866455,0.03078741952776909,-0.12142682820558548,-0.04085546359419823,1.0,-1.545349920168519
0.03333333507180214,0.03333333507180214,0.9708208441734314,0.05999999865889549,0.25,0.5555555820465088,-0.03617884963750839,0.11875312775373459,0.02889518439769745,-0.12151426821947098,-0.042147621512413025,1.0,-1.8333807587623596
0.10000000149011612,0.06666667014360428,0.9699873924255371,0.0,0.30000001192092896,0.5555555820465088,-0.03855141997337341,0.11885075271129608,0.03552354872226715,-0.11783209443092346,-0.035499997437000275,1.0,-2.017345665022731
0.10000000149011612,0.06666667014360428,0.9693940281867981,0.019999999552965164,0.3499999940395355,0.5555555820465088,-0.0392485074698925,0.12032666057348251,0.03590620309114456,-0.11689488589763641,-0.036047227680683136,1.0,-2.2973695658147335
0.10000000149011612,0.06666667014360428,0.9688006043434143,0.03999999910593033,0.4000000059604645,0.5555555820465088,-0.040367335081100464,0.12196973711252213,0.03608739748597145,-0.11622469872236252,-0.03742646425962448,1.0,-2.5473694764077663
0.10000000149011612,0.06666667014360428,0.9682071805000305,0.03999999910593033,0.44999998807907104,0.5555555820465088,-0.04164085537195206,0.12510055303573608,0.03667463734745979,-0.11573714017868042,-0.038024380803108215,1.0,-2.797345694154501
0.10000000149011612,0.06666667014360428,0.9676138162612915,0.03999999910593033,0.5,0.5555555820465088,-0.04298138990998268,0.12823279201984406,0.037293173372745514,-0.11522151529788971,-0.03860406205058098,1.0,-3.047369595617056
0.10000000149011612,0.06666667014360428,0.9670203924179077,0.03999999910593033,0.550000011920929,0.5555555820465088,-0.044293083250522614,0.13074539601802826,0.037944480776786804,-0.1147279292345047,-0.03915407136082649,1.0,-3.3933569751679897
0.1666666716337204,0.10000000149011612,0.9661870002746582,0.03999999910593033,0.6000000238418579,0.5555555820465088,-0.04636508971452713,0.12841257452964783,0.04158875346183777,-0.11195826530456543,-0.03769692778587341,1.0,-3.611360963433981
0.20000000298023224,0.13333334028720856,0.9654335975646973,0.03999999910593033,0.6499999761581421,0.5555555820465088,-0.047586116939783096,0.1283390372991562,0.042888540774583817,-0.11028044670820236,-0.038111478090286255,1.0,-3.8613610230386257
0.23333333432674408,0.1666666716337204,0.9646801948547363,0.03999999910593033,0.699999988079071,0.5555555820465088,-0.04832202196121216,0.12865759432315826,0.0440756157040596,-0.10928596556186676,-0.03916016221046448,1.0,-4.077369535341859
0.23333333432674408,0.1666666716337204,0.9640867710113525,0.05999999865889549,0.75,0.5555555820465088,-0.04931332916021347,0.13140404224395752,0.043554723262786865,-0.10926148295402527,-0.040780410170555115,1.0,-4.421361140906811
0.30000001192092896,0.1666666716337204,0.9633333683013916,0.07999999821186066,0.800000011920929,0.5555555820465088,-0.048286695033311844,0.1332961916923523,0.04907593876123428,-0.10857594758272171,-0.040815502405166626,1.0,-4.639365427196026
0.2666666805744171,0.23333333432674408,0.9626599550247192,0.07999999821186066,0.8500000238418579,0.5555555820465088,-0.04984339326620102,0.13376423716545105,0.04389958828687668,-0.10858370363712311,-0.04381739720702171,1.0,-4.88734557852149
0.2666666805744171,0.23333333432674408,0.9620665907859802,0.10000000149011612,0.8999999761581421,0.5555555820465088,-0.05038132146000862,0.1364477276802063,0.04402654618024826,-0.10891176760196686,-0.04575276002287865,1.0,-5.137369479984045
0.2666666805744171,0.23333333432674408,0.9614731669425964,0.10000000149011612,0.949999988079071,0.5555555820465088,-0.05091649666428566,0.1392510086297989,0.04488664120435715,-0.10950346291065216,-0.046718284487724304,1.0,-126.0
0.06666667014360428,0.0,0.9925342798233032,0.0,0.0,0.5252525210380554,-0.03227875009179115,0.10824518650770187,0.031225375831127167,-0.12320016324520111,-0.043704163283109665,1.0,-0.21217563562095165
0.13333334028720856,0.0,0.9920788407325745,0.019999999552965164,0.0,0.5252525210380554,-0.03143712133169174,0.10391741991043091,0.03442075476050377,-0.11993133276700974,-0.04074043408036232,1.0,-0.14816024713218212
0.13333334028720856,0.0,0.9917834401130676,0.019999999552965164,0.0,0.5252525210380554,-0.03144305199384689,0.10390529781579971,0.034419648349285126,-0.11993256211280823,-0.040728915482759476,1.0,-0.2101798616349697
0.13333334028720856,0.03333333507180214,0.9914079904556274,0.03999999910593033,0.0,0.5252525210380554,-0.030504334717988968,0.10126177221536636,0.03360654041171074,-0.11914202570915222,-0.04214964434504509,1.0,-0.5221517961472273
0.20000000298023224,0.03333333507180214,0.9909526109695435,0.05999999865889549,0.05000000074505806,0.5252525210380554,-0.030616827309131622,0.10071149468421936,0.038269635289907455,-0.11613867431879044,-0.03987279161810875,1.0,-0.7721756417304277
0.20000000298023224,0.10000000149011612,0.9904971718788147,0.05999999865889549,0.10000000149011612,0.5252525210380554,-0.030142057687044144,0.10007622092962265,0.03886296600103378,-0.11482001096010208,-0.04199296981096268,1.0,-0.9581841174513102
0.20000000298023224,0.10000000149011612,0.9902017116546631,0.05999999865889549,0.15000000596046448,0.5252525210380554,-0.031669408082962036,0.10234144330024719,0.03915075212717056,-0.1146271675825119,-0.04112342745065689,1.0,-1.2401560340076685
0.23333333432674408,0.10000000149011612,0.9898263216018677,0.05999999865889549,0.20000000298023224,0.5252525210380554,-0.0326787494122982,0.10283169895410538,0.041670650243759155,-0.11340244114398956,-0.03935779631137848,1.0,-1.5201798602938652
0.2666666805744171,0.10000000149011612,0.9894508719444275,0.07999999821186066,0.25,0.5252525210380554,-0.0342203751206398,0.1033233255147934,0.04418525844812393,-0.1123579889535904,-0.039322905242443085,1.0,-1.8641714714467525
0.36666667461395264,0.10000000149011612,0.9889154434204102,0.10000000149011612,0.30000001192092896,0.5252525210380554,-0.035584043711423874,0.10072275996208191,0.05133809894323349,-0.10919062048196793,-0.03798332437872887,1.0,-2.050179835408926
0.36666667461395264,0.13333334028720856,0.98853999376297,0.10000000149011612,0.3499999940395355,0.5252525210380554,-0.036534786224365234,0.10138335824012756,0.05302442982792854,-0.10788734257221222,-0.03864084929227829,1.0,-2.3001560531556606
0.36666667461395264,0.1666666716337204,0.9881646037101746,0.10000000149011612,0.4000000059604645,0.5252525210380554,-0.037521690130233765,0.10256294906139374,0.05380120873451233,-0.10647336393594742,-0.03930441662669182,1.0,-2.5501798056066036
0.4000000059604645,0.1666666716337204,0.9877891540527344,0.10000000149011612,0.44999998807907104,0.5252525210380554,-0.03897377476096153,0.10358845442533493,0.05717712640762329,-0.10486798733472824,-0.03924594074487686,1.0,-2.8621756322681904
0.46666666865348816,0.1666666716337204,0.9873337149620056,0.11999999731779099,0.5,0.5252525210380554,-0.04058230668306351,0.10354333370923996,0.06426779925823212,-0.1023867055773735,-0.03948557749390602,1.0,-3.112175691872835
0.5333333611488342,0.1666666716337204,0.9868782758712769,0.11999999731779099,0.550000011920929,0.5252525210380554,-0.04179706424474716,0.10484892129898071,0.07114624977111816,-0.10070954263210297,-0.03870787099003792,1.0,-3.392175756394863
0.5333333611488342,0.23333333432674408,0.9864228367805481,0.14000000059604645,0.6000000238418579,0.5252525210380554,-0.041714105755090714,0.10506996512413025,0.06902556866407394,-0.10085449367761612,-0.04317557439208031,1.0,-3.610155902802944
0.5666666626930237,0.23333333432674408,0.9860474467277527,0.14000000059604645,0.6499999761581421,0.5252525210380554,-0.042877450585365295,0.10746940970420837,0.07226692885160446,-0.10017701238393784,-0.04273058474063873,1.0,-3.8581840246915817
0.5666666626930237,0.23333333432674408,0.9857519865036011,0.1599999964237213,0.699999988079071,0.5252525210380554,-0.0434909388422966,0.11112130433320999,0.07159793376922607,-0.10006941109895706,-0.044218264520168304,1.0,-4.170156031847
0.5666666626930237,0.2666666805744171,0.9853765964508057,0.18000000715255737,0.75,0.5252525210380554,-0.04307056590914726,0.11355786770582199,0.07008103281259537,-0.09965405613183975,-0.048003487288951874,1.0,-4.450179927051067
0.6000000238418579,0.2666666805744171,0.9850011467933655,0.20000000298023224,0.800000011920929,0.5252525210380554,-0.04332897067070007,0.11621904373168945,0.07284028828144073,-0.09802883863449097,-0.048337217420339584,1.0,-177.0
0.03333333507180214,0.0,0.9923648238182068,0.0,0.0,0.5252525210380554,-0.033116333186626434,0.11063623428344727,0.029499374330043793,-0.12437077611684799,-0.04430805891752243,1.0,-0.11591911315917969
0.03333333507180214,0.0,0.9920750260353088,0.0,0.0,0.5252525210380554,-0.03311782330274582,0.11062014847993851,0.029496490955352783,-0.12437643110752106,-0.04429956525564194,1.0,-0.17991065979003906
0.03333333507180214,0.06666667014360428,0.9916252493858337,0.0,0.0,0.5252525210380554,-0.03175856173038483,0.10685691237449646,0.028946921229362488,-0.12290669232606888,-0.04594910144805908,1.0,-0.42991066351532936
0.06666667014360428,0.10000000149011612,0.9911754727363586,0.0,0.05000000074505806,0.5252525210380554,-0.03154146298766136,0.10737788677215576,0.030976444482803345,-0.11995777487754822,-0.04417426139116287,1.0,-0.6779148932546377
0.06666667014360428,0.13333334028720856,0.9908056855201721,0.019999999552965164,0.10000000149011612,0.5252525210380554,-0.0326911136507988,0.10692458599805832,0.029432600364089012,-0.11858369410037994,-0.04377490282058716,1.0,-0.9599106889218092
0.06666667014360428,0.20000000298023224,0.990355908870697,0.019999999552965164,0.15000000596046448,0.5252525210380554,-0.03389856591820717,0.10508944094181061,0.028015606105327606,-0.11615630984306335,-0.04271697252988815,1.0,-1.113923354074359
0.03333333507180214,0.20000000298023224,0.9901461005210876,0.019999999552965164,0.20000000298023224,0.5252525210380554,-0.035998597741127014,0.10978546738624573,0.026360314339399338,-0.11633624881505966,-0.04201861098408699,1.0,-1.429910659790039
0.06666667014360428,0.23333333432674408,0.9896963238716125,0.0,0.25,0.5252525210380554,-0.037018969655036926,0.10952417552471161,0.029607921838760376,-0.1137905940413475,-0.0399358794093132,1.0,-1.677914945408702
0.10000000149011612,0.23333333432674408,0.989326536655426,0.019999999552965164,0.30000001192092896,0.5252525210380554,-0.037448734045028687,0.10964500904083252,0.032583825290203094,-0.11170998215675354,-0.03915892541408539,1.0,-1.9279148560017347
0.13333334028720856,0.23333333432674408,0.9889567494392395,0.019999999552965164,0.3499999940395355,0.5252525210380554,-0.03883117064833641,0.11061158031225204,0.03631819039583206,-0.11035657674074173,-0.03859063237905502,1.0,-2.2719064615666866
0.20000000298023224,0.2666666805744171,0.9884269833564758,0.03999999910593033,0.4000000059604645,0.5252525210380554,-0.03980253264307976,0.1082538291811943,0.04147526994347572,-0.1074640303850174,-0.03895803540945053,1.0,-2.45791482552886
0.20000000298023224,0.30000001192092896,0.9880571961402893,0.03999999910593033,0.44999998807907104,0.5252525210380554,-0.04167858511209488,0.11017002165317535,0.041800357401371,-0.10654284060001373,-0.039715297520160675,1.0,-2.6739233378320932
0.1666666716337204,0.30000001192092896,0.9878473877906799,0.05999999865889549,0.5,0.5252525210380554,-0.042800065129995346,0.11522170156240463,0.038145408034324646,-0.10703116655349731,-0.04187268763780594,1.0,-2.9879149440675974
0.20000000298023224,0.30000001192092896,0.9874776005744934,0.05999999865889549,0.550000011920929,0.5252525210380554,-0.04348970949649811,0.11656484007835388,0.040023479610681534,-0.10675650835037231,-0.042917124927043915,1.0,-3.26791500300169
0.20000000298023224,0.3333333432674408,0.9871078133583069,0.07999999821186066,0.6000000238418579,0.5252525210380554,-0.04391385614871979,0.11819454282522202,0.03803906962275505,-0.10644952952861786,-0.04591014236211777,1.0,-3.547914769500494
0.23333333432674408,0.3333333432674408,0.9867380261421204,0.10000000149011612,0.6499999761581421,0.5252525210380554,-0.04473177343606949,0.1196022778749466,0.039380401372909546,-0.10614477097988129,-0.04695487394928932,1.0,-3.8299106024205685
0.2666666805744171,0.36666667461395264,0.9862882494926453,0.10000000149011612,0.699999988079071,0.5252525210380554,-0.04524596035480499,0.11975451558828354,0.040497876703739166,-0.10595210641622543,-0.04806593805551529,1.0,-4.04991065710783
0.30000001192092896,0.4000000059604645,0.9858384728431702,0.07999999821186066,0.75,0.5252525210380554,-0.04630861058831215,0.11962573230266571,0.04244879633188248,-0.1060013547539711,-0.04868106171488762,1.0,-4.233923401683569
0.2666666805744171,0.4000000059604645,0.9856286644935608,0.10000000149011612,0.800000011920929,0.5252525210380554,-0.04735306277871132,0.12444687634706497,0.038759078830480576,-0.10637771338224411,-0.05005231127142906,1.0,-4.579910781234503
0.3333333432674408,0.4000000059604645,0.9851788878440857,0.10000000149011612,0.8500000238418579,0.5252525210380554,-0.04871506989002228,0.12373009324073792,0.04344013333320618,-0.1059962660074234,-0.050513990223407745,1.0,-120.0
0.06666667014360428,0.0,0.9916567802429199,0.0,0.0,0.5252525210380554,-0.032289765775203705,0.10820228606462479,0.031215444207191467,-0.12320604920387268,-0.043667715042829514,1.0,-0.2732346337288618
0.06666667014360428,0.06666667014360428,0.9910486936569214,0.019999999552965164,0.0,0.5252525210380554,-0.030690182000398636,0.10389497131109238,0.03014291450381279,-0.12139798700809479,-0.045064639300107956,1.0,-0.5232584793120623
0.10000000149011612,0.10000000149011612,0.9904405474662781,0.019999999552965164,0.05000000074505806,0.5252525210380554,-0.030358709394931793,0.10387328267097473,0.03261426463723183,-0.11900626122951508,-0.04472004249691963,1.0,-0.709243094548583
0.06666667014360428,0.13333334028720856,0.9899924397468567,0.019999999552965164,0.10000000149011612,0.5252525210380554,-0.0326874740421772,0.1068880707025528,0.02944277971982956,-0.11859285831451416,-0.043760959059000015,1.0,-1.053234662860632
0.13333334028720856,0.13333334028720856,0.9893843531608582,0.03999999910593033,0.15000000596046448,0.5252525210380554,-0.03274891898036003,0.10441290587186813,0.034056372940540314,-0.11615170538425446,-0.04237084090709686,1.0,-1.177247328683734
0.10000000149011612,0.13333334028720856,0.9890162348747253,0.019999999552965164,0.20000000298023224,0.5252525210380554,-0.0353972390294075,0.10908444225788116,0.03224251791834831,-0.11705528199672699,-0.04121873527765274,1.0,-1.4892430864274502
0.10000000149011612,0.13333334028720856,0.988568127155304,0.03999999910593033,0.25,0.5252525210380554,-0.03620685636997223,0.11106384545564651,0.032614629715681076,-0.11587639153003693,-0.040747612714767456,1.0,-1.833234691992402
0.1666666716337204,0.13333334028720856,0.9879600405693054,0.05999999865889549,0.30000001192092896,0.5252525210380554,-0.03636844456195831,0.10939846187829971,0.03804360702633858,-0.11321057379245758,-0.03995617479085922,1.0,-1.989266898483038
0.1666666716337204,0.13333334028720856,0.9875118732452393,0.03999999910593033,0.3499999940395355,0.5252525210380554,-0.038214705884456635,0.11275636404752731,0.03933382406830788,-0.11291496455669403,-0.03868500515818596,1.0,-2.2392431162297726
0.13333334028720856,0.1666666716337204,0.9870637655258179,0.03999999910593033,0.4000000059604645,0.5252525210380554,-0.04026515781879425,0.11595821380615234,0.03719014301896095,-0.11183589696884155,-0.03889791667461395,1.0,-2.615230346098542
0.23333333432674408,0.1666666716337204,0.9863756895065308,0.05999999865889549,0.44999998807907104,0.5252525210380554,-0.04070677235722542,0.11264678835868835,0.04482929781079292,-0.10947009921073914,-0.03879358991980553,1.0,-2.8312388584017754
0.2666666805744171,0.1666666716337204,0.9858475923538208,0.07999999821186066,0.5,0.5252525210380554,-0.0421181321144104,0.11388624459505081,0.047292593866586685,-0.10762820392847061,-0.03952736407518387,1.0,-3.0492431446909904
0.23333333432674408,0.20000000298023224,0.9853994846343994,0.07999999821186066,0.550000011920929,0.5252525210380554,-0.04422580450773239,0.1179949939250946,0.04427744448184967,-0.10704942047595978,-0.04080830514431,1.0,-3.2692432049661875
0.20000000298023224,0.23333333432674408,0.984951376914978,0.05999999865889549,0.6000000238418579,0.5252525210380554,-0.04562601447105408,0.12187676876783371,0.041079696267843246,-0.10751473903656006,-0.04160875082015991,1.0,-3.6132583543658257
0.2666666805744171,0.23333333432674408,0.9843432307243347,0.07999999821186066,0.6499999761581421,0.5252525210380554,-0.046268463134765625,0.12179100513458252,0.04503457248210907,-0.10653355717658997,-0.042677972465753555,1.0,-3.829243030399084
0.2666666805744171,0.23333333432674408,0.9838951230049133,0.10000000149011612,0.699999988079071,0.5252525210380554,-0.047315746545791626,0.12480875849723816,0.0438569113612175,-0.10654717683792114,-0.043863024562597275,1.0,-4.109243083745241
0.2666666805744171,0.23333333432674408,0.9834470152854919,0.11999999731779099,0.75,0.5252525210380554,-0.04834996163845062,0.1277814507484436,0.04267268255352974,-0.10660570859909058,-0.04514255374670029,1.0,-4.359243143349886
0.2666666805744171,0.23333333432674408,0.9829989075660706,0.11999999731779099,0.800000011920929,0.5252525210380554,-0.04949996992945671,0.130740225315094,0.04232744872570038,-0.10702046751976013,-0.04549580439925194,1.0,-4.607247434556484
0.23333333432674408,0.23333333432674408,0.9826307892799377,0.14000000059604645,0.8500000238418579,0.5252525210380554,-0.050691697746515274,0.13401634991168976,0.03986409306526184,-0.10785040259361267,-0.04831421747803688,1.0,-4.893234517425299
0.23333333432674408,0.30000001192092896,0.9820227026939392,0.10000000149011612,0.8999999761581421,0.5252525210380554,-0.05132222920656204,0.13450512290000916,0.03882722184062004,-0.10830165445804596,-0.048773691058158875,1.0,-135.0
0.03333333507180214,0.0,0.9837895631790161,0.0,0.0,0.5353535413742065,-0.03303386643528938,0.11052191257476807,0.029301635921001434,-0.12455175817012787,-0.043714847415685654,1.0,-0.20077228546142578
0.06666667014360428,0.03333333507180214,0.9832876324653625,0.0,0.0,0.5353535413742065,-0.031543418765068054,0.10644751042127609,0.030815578997135162,-0.1225007176399231,-0.04380936548113823,1.0,-0.44877651520073414
0.10000000149011612,0.03333333507180214,0.9828656911849976,0.019999999552965164,0.05000000074505806,0.5353535413742065,-0.03160090371966362,0.10683753341436386,0.032496530562639236,-0.12071752548217773,-0.04234052449464798,1.0,-0.6987765189260244
0.13333334028720856,0.03333333507180214,0.9824437499046326,0.019999999552965164,0.10000000149011612,0.5353535413742065,-0.032380297780036926,0.10853104293346405,0.035274263471364975,-0.11914069205522537,-0.0407252199947834,1.0,-0.9467807672917843
0.13333334028720856,0.03333333507180214,0.9821017980575562,0.03999999910593033,0.15000000596046448,0.5353535413742065,-0.0335664302110672,0.11059677600860596,0.035411033779382706,-0.11885497719049454,-0.040460728108882904,1.0,-1.2287765257060528
0.1666666716337204,0.03333333507180214,0.9816798567771912,0.03999999910593033,0.20000000298023224,0.5353535413742065,-0.03462117910385132,0.11165237426757812,0.03787413239479065,-0.11753369122743607,-0.03839429095387459,1.0,-1.5087765101343393
0.20000000298023224,0.03333333507180214,0.9812579154968262,0.05999999865889549,0.25,0.5353535413742065,-0.035185448825359344,0.11167419701814651,0.03989819437265396,-0.11577358841896057,-0.0368487685918808,1.0,-1.7907723430544138
0.2666666805744171,0.03333333507180214,0.9807559847831726,0.05999999865889549,0.30000001192092896,0.5353535413742065,-0.03644070029258728,0.11180420219898224,0.0453311987221241,-0.11399966478347778,-0.0351523831486702,1.0,-2.0407722536474466
0.3333333432674408,0.03333333507180214,0.980254054069519,0.05999999865889549,0.3499999940395355,0.5353535413742065,-0.03844751417636871,0.11074505001306534,0.050420649349689484,-0.11174719035625458,-0.03411967307329178,1.0,-2.22478499263525
0.30000001192092896,0.03333333507180214,0.9799920916557312,0.07999999821186066,0.4000000059604645,0.5353535413742065,-0.039504311978816986,0.11389471590518951,0.04881669208407402,-0.11121213436126709,-0.03536400943994522,1.0,-2.4747610613703728
0.2666666805744171,0.03333333507180214,0.9797301888465881,0.07999999821186066,0.44999998807907104,0.5353535413742065,-0.040656134486198425,0.1176501214504242,0.047721169888973236,-0.11168648302555084,-0.036321453750133514,1.0,-2.8187765143811703
0.2666666805744171,0.06666667014360428,0.9793082475662231,0.10000000149011612,0.5,0.5353535413742065,-0.04181235283613205,0.11802909523248672,0.04783804714679718,-0.10979855060577393,-0.038118455559015274,1.0,-3.0367808006703854
0.2666666805744171,0.06666667014360428,0.9789662957191467,0.10000000149011612,0.550000011920929,0.5353535413742065,-0.043593183159828186,0.1210874542593956,0.04810585081577301,-0.1092190369963646,-0.038276564329862595,1.0,-3.3167570121586323
0.23333333432674408,0.10000000149011612,0.9786244034767151,0.11999999731779099,0.6000000238418579,0.5353535413742065,-0.045738186687231064,0.1244308352470398,0.044891104102134705,-0.10797600448131561,-0.04011416435241699,1.0,-3.5967806205153465
0.20000000298023224,0.13333334028720856,0.9782824516296387,0.14000000059604645,0.6499999761581421,0.5353535413742065,-0.04706205427646637,0.12824776768684387,0.040681205689907074,-0.1077592521905899,-0.04293007776141167,1.0,-3.8467806801199913
0.20000000298023224,0.13333334028720856,0.9779404997825623,0.14000000059604645,0.699999988079071,0.5353535413742065,-0.04840487241744995,0.1310034841299057,0.040834955871105194,-0.10808893293142319,-0.04396160691976547,1.0,-4.158776506781578
0.23333333432674408,0.13333334028720856,0.9775185585021973,0.1599999964237213,0.75,0.5353535413742065,-0.04910697042942047,0.132396399974823,0.042546916753053665,-0.10771569609642029,-0.04506118595600128,1.0,-4.406756967306137
0.23333333432674408,0.13333334028720856,0.9771766662597656,0.18000000715255737,0.800000011920929,0.5353535413742065,-0.049853332340717316,0.13506564497947693,0.04263230413198471,-0.10789690166711807,-0.04672567918896675,1.0,-4.596780858933926
0.23333333432674408,0.13333334028720856,0.9768347144126892,0.14000000059604645,0.8500000238418579,0.5353535413742065,-0.050821058452129364,0.138126939535141,0.04447060078382492,-0.10916119813919067,-0.045601893216371536,1.0,-4.8467806205153465
0.23333333432674408,0.13333334028720856,0.9764927625656128,0.14000000059604645,0.8999999761581421,0.5353535413742065,-0.05116979032754898,0.1411963254213333,0.04501640051603317,-0.10971085727214813,-0.04686979949474335,1.0,0.0
0.03333333507180214,0.0,0.9992147088050842,0.0,0.0,0.5151515007019043,-0.03326961025595665,0.11067992448806763,0.029779767617583275,-0.12424751371145248,-0.04487605392932892,1.0,-0.08838176727294922
0.0,0.0,0.9989937543869019,0.0,0.0,0.5151515007019043,-0.034235868602991104,0.11301864683628082,0.02803371101617813,-0.12529510259628296,-0.04538770765066147,1.0,-0.03199577331542969
0.03333333507180214,0.0,0.9989137649536133,0.0,0.0,0.5151515007019043,-0.033270567655563354,0.11066296696662903,0.029775850474834442,-0.12425315380096436,-0.04486699402332306,1.0,-0.1523733139038086
0.03333333507180214,0.03333333507180214,0.9985328316688538,0.0,0.0,0.5151515007019043,-0.03260962292551994,0.10886944830417633,0.029502347111701965,-0.12325283885002136,-0.04557424411177635,1.0,-0.43439293280243874
0.03333333507180214,0.10000000149011612,0.9980718493461609,0.0,0.05000000074505806,0.5151515007019043,-0.032362475991249084,0.10993003845214844,0.028972119092941284,-0.12060349434614182,-0.04499337449669838,1.0,-0.6843690946698189
0.03333333507180214,0.1666666716337204,0.9976109266281128,0.0,0.10000000149011612,0.5151515007019043,-0.0335707888007164,0.10825809836387634,0.02701532281935215,-0.11848084628582001,-0.04402622580528259,1.0,-0.902373343706131
0.03333333507180214,0.20000000298023224,0.9972299933433533,0.0,0.15000000596046448,0.5151515007019043,-0.03513014316558838,0.10849127173423767,0.026582300662994385,-0.11693514883518219,-0.04285210371017456,1.0,-1.0883817821741104
0.0,0.20000000298023224,0.9970090389251709,0.0,0.20000000298023224,0.5151515007019043,-0.037270113825798035,0.11315237730741501,0.024898644536733627,-0.11715437471866608,-0.04213801026344299,1.0,-1.345987319946289
0.10000000149011612,0.20000000298023224,0.9967690706253052,0.0,0.25,0.5151515007019043,-0.03666439652442932,0.109200119972229,0.03283846005797386,-0.11389285326004028,-0.040158461779356,1.0,-1.7463887613266706
0.13333334028720856,0.2666666805744171,0.9962280988693237,0.019999999552965164,0.30000001192092896,0.5151515007019043,-0.03715984895825386,0.10641380399465561,0.03490223363041878,-0.10957396030426025,-0.039710529148578644,1.0,-1.9623732827603817
0.13333334028720856,0.30000001192092896,0.9958471655845642,0.03999999910593033,0.3499999940395355,0.5151515007019043,-0.038867950439453125,0.10713110864162445,0.03533896803855896,-0.10801432281732559,-0.040500156581401825,1.0,-2.180377569049597
0.13333334028720856,0.30000001192092896,0.9955462217330933,0.03999999910593033,0.4000000059604645,0.5151515007019043,-0.04073980823159218,0.11020813882350922,0.036431968212127686,-0.10770034790039062,-0.04046855866909027,1.0,-2.5243690256029367
0.1666666716337204,0.3333333432674408,0.9950852990150452,0.05999999865889549,0.44999998807907104,0.5151515007019043,-0.041345514357089996,0.11038366705179214,0.0380873829126358,-0.1061578318476677,-0.04281735420227051,1.0,-2.6783817652612925
0.13333334028720856,0.3333333432674408,0.9948643445968628,0.05999999865889549,0.5,0.5151515007019043,-0.04266679286956787,0.11542054265737534,0.03495633602142334,-0.10711926221847534,-0.043540120124816895,1.0,-3.0243691448122263
0.20000000298023224,0.3333333432674408,0.9944034218788147,0.05999999865889549,0.550000011920929,0.5151515007019043,-0.04302368313074112,0.11533685028553009,0.03952383995056152,-0.10636308044195175,-0.04446614533662796,1.0,-3.2103776577860117
0.20000000298023224,0.3333333432674408,0.9941024780273438,0.05999999865889549,0.6000000238418579,0.5151515007019043,-0.04422453045845032,0.1183723658323288,0.03894466534256935,-0.10658475756645203,-0.044990092515945435,1.0,-3.5543689653277397
0.2666666805744171,0.3333333432674408,0.9936415553092957,0.07999999821186066,0.6499999761581421,0.5151515007019043,-0.044824808835983276,0.11820489168167114,0.04281406104564667,-0.1059173196554184,-0.0458025261759758,1.0,-3.8063886407762766
0.2666666805744171,0.4333333373069763,0.9931005835533142,0.05999999865889549,0.699999988079071,0.5151515007019043,-0.044857390224933624,0.11720806360244751,0.04042129963636398,-0.10597378760576248,-0.048470642417669296,1.0,-3.99037753790617
0.2666666805744171,0.4333333373069763,0.9927996397018433,0.07999999821186066,0.75,0.5151515007019043,-0.04596935212612152,0.12022136151790619,0.03952781483530998,-0.10602845996618271,-0.050093237310647964,1.0,-4.3023733757436275
0.30000001192092896,0.4333333373069763,0.9924187064170837,0.10000000149011612,0.800000011920929,0.5151515007019043,-0.04716397076845169,0.1212264820933342,0.041054874658584595,-0.10572907328605652,-0.051629841327667236,1.0,0.0
0.0,0.03333333507180214,0.9989941120147705,0.0,0.0,0.5151515007019043,-0.0334356464445591,0.11124525964260101,0.027794212102890015,-0.12450216710567474,-0.04642738401889801,1.0,-0.31401539221405983
0.06666667014360428,0.03333333507180214,0.9988340735435486,0.0,0.05000000074505806,0.5151515007019043,-0.03253939747810364,0.10991740226745605,0.03198593109846115,-0.12189961969852448,-0.04430460184812546,1.0,-0.8067324515432119
0.03333333507180214,0.10000000149011612,0.9981422424316406,0.019999999552965164,0.10000000149011612,0.5151515007019043,-0.03385242074728012,0.11128711700439453,0.02804798260331154,-0.12038980424404144,-0.04458116739988327,1.0,-1.0267563164234161
0.06666667014360428,0.10000000149011612,0.9974503517150879,0.0,0.15000000596046448,0.5151515007019043,-0.034893520176410675,0.11150545626878738,0.03090456873178482,-0.1195775717496872,-0.04317997023463249,1.0,-1.3387282323092222
0.10000000149011612,0.13333334028720856,0.9966785311698914,0.019999999552965164,0.20000000298023224,0.5151515007019043,-0.03545377403497696,0.10922709107398987,0.03240383416414261,-0.11689914762973785,-0.04191392660140991,1.0,-1.4927647393196821
0.06666667014360428,0.13333334028720856,0.9961466193199158,0.019999999552965164,0.25,0.5151515007019043,-0.03724963217973709,0.11376982927322388,0.03078106790781021,-0.11698973178863525,-0.041473839432001114,1.0,-1.8047367297112942
0.06666667014360428,0.13333334028720856,0.9955347776412964,0.03999999910593033,0.30000001192092896,0.5151515007019043,-0.0380561538040638,0.11574123799800873,0.03115478903055191,-0.11581183969974518,-0.04100187122821808,1.0,-2.0247366409748793
0.03333333507180214,0.1666666716337204,0.994922935962677,0.019999999552965164,0.3499999940395355,0.5151515007019043,-0.039861083030700684,0.11939561367034912,0.029237788170576096,-0.11510419845581055,-0.04007411003112793,1.0,-2.2447367012500763
0.03333333507180214,0.1666666716337204,0.9943110942840576,0.0,0.4000000059604645,0.5151515007019043,-0.04123445227742195,0.12212224304676056,0.02996574342250824,-0.11483496427536011,-0.03886110335588455,1.0,-2.4947604537010193
0.03333333507180214,0.1666666716337204,0.9936991930007935,0.0,0.44999998807907104,0.5151515007019043,-0.04291960597038269,0.12483184039592743,0.030497558414936066,-0.11442042887210846,-0.038551799952983856,1.0,-2.744736671447754
0.03333333507180214,0.1666666716337204,0.9930873513221741,0.0,0.5,0.5151515007019043,-0.044607359915971756,0.127529114484787,0.031018607318401337,-0.11382442712783813,-0.03855418413877487,1.0,-2.9947367310523987
0.03333333507180214,0.1666666716337204,0.9924755096435547,0.0,0.550000011920929,0.5151515007019043,-0.04620719328522682,0.12974661588668823,0.03195331245660782,-0.11324405670166016,-0.039001017808914185,1.0,-3.308752179145813
0.06666667014360428,0.20000000298023224,0.9917036294937134,0.0,0.6000000238418579,0.5151515007019043,-0.04791764169931412,0.1292034089565277,0.03387626260519028,-0.11116214096546173,-0.03880470246076584,1.0,-3.5887280981987715
0.13333334028720856,0.20000000298023224,0.9909318089485168,0.019999999552965164,0.6499999761581421,0.5151515007019043,-0.04819505661725998,0.12920551002025604,0.03784151375293732,-0.10979504138231277,-0.04016835242509842,1.0,-3.774760453030467
0.13333334028720856,0.20000000298023224,0.9903199076652527,0.019999999552965164,0.699999988079071,0.5151515007019043,-0.049144335091114044,0.13175693154335022,0.03770885616540909,-0.11012934893369675,-0.0415104404091835,1.0,-4.118728216737509
0.1666666716337204,0.23333333432674408,0.9895480871200562,0.03999999910593033,0.75,0.5151515007019043,-0.049799595028162,0.13188093900680542,0.03857433795928955,-0.10899738222360611,-0.042807769030332565,1.0,-4.3987521175295115
0.23333333432674408,0.23333333432674408,0.9887762069702148,0.05999999865889549,0.800000011920929,0.5151515007019043,-0.05031304806470871,0.13221246004104614,0.04236727952957153,-0.10822048783302307,-0.04302789643406868,1.0,-4.584736788645387
0.20000000298023224,0.2666666805744171,0.9881643652915955,0.05999999865889549,0.8500000238418579,0.5151515007019043,-0.051332827657461166,0.13448573648929596,0.03919012099504471,-0.10891621559858322,-0.04554993659257889,1.0,-4.834760392084718
0.20000000298023224,0.2666666805744171,0.9875524640083313,0.05999999865889549,0.8999999761581421,0.5151515007019043,-0.05244200676679611,0.13693556189537048,0.03949832171201706,-0.1094626858830452,-0.046493206173181534,1.0,-5.1147366091609
0.20000000298023224,0.2666666805744171,0.9869406223297119,0.07999999821186066,0.949999988079071,0.5151515007019043,-0.053368039429187775,0.1393500566482544,0.039419881999492645,-0.10964559018611908,-0.04879654571413994,1.0,-157.8679323196411
0.03333333507180214,0.03333333507180214,0.9672707915306091,0.0,0.0,0.5555555820465088,-0.03218779340386391,0.10842849314212799,0.028672058135271072,-0.1241973489522934,-0.04348170757293701,1.0,-0.47428036108613014
0.03333333507180214,0.06666667014360428,0.966710090637207,0.0,0.05000000074505806,0.5555555820465088,-0.03183392435312271,0.11045040190219879,0.02936519682407379,-0.12249449640512466,-0.043103914707899094,1.0,-0.6602888181805611
0.0,0.06666667014360428,0.9663093686103821,0.0,0.10000000149011612,0.5555555820465088,-0.03354348614811897,0.11480851471424103,0.02723911963403225,-0.12332876026630402,-0.043159037828445435,1.0,-0.7500000298023224
0.0,0.06666667014360428,0.9663093686103821,0.0,0.15000000596046448,0.5555555820465088,-0.035480331629514694,0.11689113080501556,0.026867754757404327,-0.1232859268784523,-0.04214198887348175,1.0,-1.0960111767053604
0.03333333507180214,0.13333334028720856,0.9660693407058716,0.0,0.20000000298023224,0.5555555820465088,-0.036412790417671204,0.11362124979496002,0.027780279517173767,-0.1194949746131897,-0.039907753467559814,1.0,-1.4742803573608398
0.03333333507180214,0.1666666716337204,0.9655086398124695,0.0,0.25,0.5555555820465088,-0.0373193696141243,0.11442264914512634,0.027662571519613266,-0.11761058866977692,-0.03878544270992279,1.0,-1.7243042588233948
0.03333333507180214,0.20000000298023224,0.9649478793144226,0.0,0.30000001192092896,0.5555555820465088,-0.03816826641559601,0.11547619104385376,0.027750158682465553,-0.11561299115419388,-0.03763726353645325,1.0,-1.9742803275585175
0.0,0.2666666805744171,0.9643871784210205,0.0,0.3499999940395355,0.5555555820465088,-0.03921370208263397,0.11613652110099792,0.024851206690073013,-0.11406435072422028,-0.0376783162355423,1.0,-2.064015418291092
0.03333333507180214,0.30000001192092896,0.9642271399497986,0.0,0.4000000059604645,0.5555555820465088,-0.04103624075651169,0.11549033224582672,0.02784419246017933,-0.11207367479801178,-0.03731662034988403,1.0,-2.474280297756195
0.03333333507180214,0.3333333432674408,0.9636664390563965,0.0,0.44999998807907104,0.5555555820465088,-0.0427427776157856,0.11674153804779053,0.02782658115029335,-0.11063402146100998,-0.03817104920744896,1.0,-2.7562761306762695
0.10000000149011612,0.3333333432674408,0.9630257487297058,0.0,0.5,0.5555555820465088,-0.04318758100271225,0.1168193519115448,0.03298550099134445,-0.10919633507728577,-0.03897818177938461,1.0,-3.036300031468272
0.10000000149011612,0.4000000059604645,0.9623849987983704,0.019999999552965164,0.550000011920929,0.5555555820465088,-0.04265350103378296,0.11705102771520615,0.030127109959721565,-0.10876227170228958,-0.044178158044815063,1.0,-3.3162762485444546
0.10000000149011612,0.46666666865348816,0.9617443084716797,0.03999999910593033,0.6000000238418579,0.5555555820465088,-0.04216485470533371,0.11767826974391937,0.02797265723347664,-0.1080988198518753,-0.04975845292210579,1.0,-3.5982956252992153
0.1666666716337204,0.5,0.9610235691070557,0.03999999910593033,0.6499999761581421,0.5555555820465088,-0.04252537339925766,0.11646021902561188,0.03202205151319504,-0.10695639997720718,-0.05019574612379074,1.0,-3.84827184304595
0.20000000298023224,0.5666666626930237,0.9603028893470764,0.03999999910593033,0.699999988079071,0.5555555820465088,-0.04307900369167328,0.11490184813737869,0.03321823477745056,-0.10642021149396896,-0.053760286420583725,1.0,-4.002284582704306
0.1666666716337204,0.6000000238418579,0.9598221778869629,0.03999999910593033,0.75,0.5555555820465088,-0.04364239424467087,0.11894965171813965,0.03092082217335701,-0.10753218829631805,-0.05745246633887291,1.0,-4.378295803442597
0.20000000298023224,0.6666666865348816,0.9591014385223389,0.05999999865889549,0.800000011920929,0.5555555820465088,-0.04250830411911011,0.11917303502559662,0.03332187235355377,-0.1060967966914177,-0.06257744133472443,1.0,-4.530288927257061
0.1666666716337204,0.6666666865348816,0.9587007164955139,0.07999999821186066,0.8500000238418579,0.5555555820465088,-0.04316329210996628,0.12444180250167847,0.03068007528781891,-0.10762394964694977,-0.06634335219860077,1.0,-4.844280235469341
0.20000000298023224,0.6666666865348816,0.9581400156021118,0.07999999821186066,0.8999999761581421,0.5555555820465088,-0.044206589460372925,0.1261397898197174,0.03320828080177307,-0.106760174036026,-0.06627275049686432,1.0,-5.09228452667594
0.1666666716337204,0.699999988079071,0.9576593041419983,0.10000000149011612,0.949999988079071,0.5555555820465088,-0.04413692653179169,0.12992699444293976,0.03140678629279137,-0.1081937775015831,-0.07127062976360321,1.0,-156.0
0.0,0.0,0.9907484650611877,0.0,0.0,0.5252525210380554,-0.03408653661608696,0.1128961443901062,0.027734320610761642,-0.12544430792331696,-0.04477750509977341,1.0,0.0
0.0,0.0,0.9907484650611877,0.0,0.0,0.5252525210380554,-0.03408653661608696,0.1128961443901062,0.027734320610761642,-0.12544430792331696,-0.04477750509977341,1.0,-0.03199577331542969
0.03333333507180214,0.0,0.9906684756278992,0.0,0.0,0.5252525210380554,-0.033125024288892746,0.11054200679063797,0.029482539743185043,-0.12440383434295654,-0.04425834119319916,1.0,-0.22072792053222656
0.06666667014360428,0.03333333507180214,0.9901166558265686,0.0,0.0,0.5252525210380554,-0.031666677445173264,0.1064528077840805,0.030954211950302124,-0.12234590947628021,-0.04432351514697075,1.0,-0.43673637695610523
0.06666667014360428,0.03333333507180214,0.9897248148918152,0.019999999552965164,0.05000000074505806,0.5252525210380554,-0.032195400446653366,0.10901829600334167,0.03114672750234604,-0.12179269641637802,-0.04383034259080887,1.0,-0.7507040854543447
0.10000000149011612,0.06666667014360428,0.9891730546951294,0.019999999552965164,0.10000000149011612,0.5252525210380554,-0.032355763018131256,0.1083374172449112,0.03334098681807518,-0.11979940533638,-0.04365222901105881,1.0,-0.9047406297177076
0.06666667014360428,0.06666667014360428,0.9888612031936646,0.019999999552965164,0.15000000596046448,0.5252525210380554,-0.03475384786725044,0.11214949935674667,0.030882056802511215,-0.12079732120037079,-0.04311957582831383,1.0,-1.2487083189189434
0.10000000149011612,0.06666667014360428,0.9883894324302673,0.03999999910593033,0.20000000298023224,0.5252525210380554,-0.03547468036413193,0.11182524263858795,0.03306788206100464,-0.1189681738615036,-0.04172202944755554,1.0,-1.4367125313729048
0.10000000149011612,0.06666667014360428,0.9879976511001587,0.019999999552965164,0.25,0.5252525210380554,-0.03709231689572334,0.11529693752527237,0.0343511663377285,-0.11817213892936707,-0.039607174694538116,1.0,-1.7487322054803371
0.13333334028720856,0.06666667014360428,0.9875258207321167,0.03999999910593033,0.30000001192092896,0.5252525210380554,-0.037334393709897995,0.11544251441955566,0.037088699638843536,-0.11614624410867691,-0.03823922574520111,1.0,-1.9667125009000301
0.10000000149011612,0.10000000149011612,0.9871340394020081,0.03999999910593033,0.3499999940395355,0.5252525210380554,-0.03885577619075775,0.1179630234837532,0.03516280651092529,-0.1153995469212532,-0.03896145522594452,1.0,-2.2807279489934444
0.13333334028720856,0.13333334028720856,0.9865822196006775,0.03999999910593033,0.4000000059604645,0.5252525210380554,-0.04024992883205414,0.11741404235363007,0.03759736940264702,-0.11311569064855576,-0.03878331929445267,1.0,-2.4967124704271555
0.10000000149011612,0.1666666716337204,0.9861904382705688,0.05999999865889549,0.44999998807907104,0.5252525210380554,-0.042389459908008575,0.12101854383945465,0.03456706181168556,-0.11148242652416229,-0.039701491594314575,1.0,-2.7167363725602627
0.10000000149011612,0.1666666716337204,0.9857985973358154,0.03999999910593033,0.5,0.5252525210380554,-0.044217389076948166,0.12383769452571869,0.035272907465696335,-0.11141935735940933,-0.03910154849290848,1.0,-2.996712589636445
0.10000000149011612,0.1666666716337204,0.9854068160057068,0.05999999865889549,0.550000011920929,0.5252525210380554,-0.04598825052380562,0.1265416145324707,0.035140588879585266,-0.11009810864925385,-0.03976208716630936,1.0,-3.1847168765962124
0.06666667014360428,0.1666666716337204,0.9850950241088867,0.03999999910593033,0.6000000238418579,0.5252525210380554,-0.047634828835725784,0.13023591041564941,0.034115396440029144,-0.11088472604751587,-0.04014598950743675,1.0,-3.4347404800355434
0.03333333507180214,0.1666666716337204,0.9847831726074219,0.03999999910593033,0.6499999761581421,0.5252525210380554,-0.048384204506874084,0.13335895538330078,0.03269454464316368,-0.11173003911972046,-0.0428081639111042,1.0,-3.6567124724388123
0.0,0.20000000298023224,0.9843913912773132,0.0,0.699999988079071,0.5252525210380554,-0.04889454320073128,0.13587139546871185,0.03134724870324135,-0.11286652088165283,-0.044411588460206985,1.0,-3.8140153884887695
0.03333333507180214,0.23333333432674408,0.9842313528060913,0.0,0.75,0.5252525210380554,-0.049827881157398224,0.13632619380950928,0.03229767084121704,-0.11168330162763596,-0.045499324798583984,1.0,-4.156712591648102
0.03333333507180214,0.23333333432674408,0.9838395714759827,0.0,0.800000011920929,0.5252525210380554,-0.05034583806991577,0.13893213868141174,0.03290943056344986,-0.1121712401509285,-0.04707927256822586,1.0,-198.8840503692627
0.0,0.0,0.9666294455528259,0.0,0.0,0.5555555820465088,-0.033711060881614685,0.11242768168449402,0.02704928070306778,-0.12604856491088867,-0.0429484099149704,1.0,-0.06401538848876953
0.03333333507180214,0.03333333507180214,0.966469407081604,0.0,0.0,0.5555555820465088,-0.03219209238886833,0.10838668793439865,0.028664425015449524,-0.12420651316642761,-0.04345500469207764,1.0,-0.3858985938131809
0.03333333507180214,0.03333333507180214,0.9661296606063843,0.0,0.05000000074505806,0.5555555820465088,-0.032517123967409134,0.11185666173696518,0.02942890301346779,-0.12357116490602493,-0.0426713265478611,1.0,-0.6999139860272408
0.06666667014360428,0.06666667014360428,0.9656298756599426,0.0,0.10000000149011612,0.5555555820465088,-0.03297927975654602,0.1109580472111702,0.031223639845848083,-0.12135717272758484,-0.04155821353197098,1.0,-0.9158986192196608
0.03333333507180214,0.10000000149011612,0.9652901291847229,0.019999999552965164,0.15000000596046448,0.5555555820465088,-0.03464054688811302,0.11197630316019058,0.0274210162460804,-0.1211165115237236,-0.041774384677410126,1.0,-1.231909766793251
0.03333333507180214,0.20000000298023224,0.9647103548049927,0.0,0.20000000298023224,0.5555555820465088,-0.03597571328282356,0.1100509837269783,0.026539836078882217,-0.1169915497303009,-0.0392807275056839,1.0,-1.3858985900878906
0.03333333507180214,0.20000000298023224,0.964370608329773,0.0,0.25,0.5555555820465088,-0.037037499248981476,0.1126307025551796,0.027099628001451492,-0.11636535078287125,-0.03855880722403526,1.0,-1.667894423007965
0.06666667014360428,0.20000000298023224,0.9639508724212646,0.0,0.30000001192092896,0.5555555820465088,-0.03767208009958267,0.11334539204835892,0.03046324849128723,-0.11459313333034515,-0.03700433671474457,1.0,-1.9479181747883558
0.06666667014360428,0.23333333432674408,0.9635310769081116,0.019999999552965164,0.3499999940395355,0.5555555820465088,-0.038964688777923584,0.1140184998512268,0.03026852011680603,-0.11279711872339249,-0.037275295704603195,1.0,-2.133902845904231
0.03333333507180214,0.23333333432674408,0.9632713198661804,0.019999999552965164,0.4000000059604645,0.5555555820465088,-0.04094098508358002,0.11857396364212036,0.028010090813040733,-0.11323760449886322,-0.0377410426735878,1.0,-2.385898530483246
0.03333333507180214,0.23333333432674408,0.9629315733909607,0.0,0.44999998807907104,0.5555555820465088,-0.04244241118431091,0.12117372453212738,0.029009230434894562,-0.11303739249706268,-0.037345945835113525,1.0,-2.69991397857666
0.06666667014360428,0.2666666805744171,0.962431788444519,0.0,0.5,0.5555555820465088,-0.04435626417398453,0.12090571969747543,0.031756795942783356,-0.11055668443441391,-0.036828137934207916,1.0,-2.9798901956528425
0.13333334028720856,0.2666666805744171,0.9619320631027222,0.019999999552965164,0.550000011920929,0.5555555820465088,-0.044806331396102905,0.12074130773544312,0.03611089289188385,-0.10892311483621597,-0.03850570321083069,1.0,-3.165922550484538
0.10000000149011612,0.30000001192092896,0.9615922570228577,0.019999999552965164,0.6000000238418579,0.5555555820465088,-0.04552994668483734,0.12397846579551697,0.032116591930389404,-0.10929211974143982,-0.0407622866332531,1.0,-3.4458984695374966
0.06666667014360428,0.3333333432674408,0.9612525105476379,0.03999999910593033,0.6499999761581421,0.5555555820465088,-0.04592255502939224,0.12663580477237701,0.028160039335489273,-0.10963606834411621,-0.04541807249188423,1.0,-3.7578943017870188
0.06666667014360428,0.36666667461395264,0.9608327746391296,0.05999999865889549,0.699999988079071,0.5555555820465088,-0.046226367354393005,0.1281110644340515,0.027209963649511337,-0.10937391966581345,-0.04942754656076431,1.0,-3.9159224312752485
0.06666667014360428,0.36666667461395264,0.9604929685592651,0.019999999552965164,0.75,0.5555555820465088,-0.04762402921915054,0.13095779716968536,0.029110301285982132,-0.10999183356761932,-0.048347532749176025,1.0,-4.197894422337413
0.10000000149011612,0.36666667461395264,0.9600732326507568,0.019999999552965164,0.800000011920929,0.5555555820465088,-0.048916954547166824,0.132200688123703,0.0310327410697937,-0.10982469469308853,-0.048250775784254074,1.0,-4.4799140971153975
0.1666666716337204,0.36666667461395264,0.9595734477043152,0.019999999552965164,0.8500000238418579,0.5555555820465088,-0.04986747354269028,0.13226863741874695,0.034487560391426086,-0.1094912514090538,-0.04692405089735985,1.0,-4.791885789483786
0.23333333432674408,0.4000000059604645,0.9589937329292297,0.03999999910593033,0.8999999761581421,0.5555555820465088,-0.04994884878396988,0.13136106729507446,0.03679320961236954,-0.10858453810214996,-0.04805272817611694,1.0,-195.0
0.03333333507180214,0.0,0.9895815253257751,0.0,0.0,0.5252525210380554,-0.03313058614730835,0.11048160493373871,0.029471764340996742,-0.1244250237941742,-0.044226497411727905,1.0,-0.1649618148803711
0.0,0.03333333507180214,0.9891691207885742,0.0,0.0,0.5252525210380554,-0.03340288996696472,0.1109158992767334,0.027481121942400932,-0.12477462738752365,-0.04565717652440071,1.0,-0.3460111655294895
0.10000000149011612,0.03333333507180214,0.9889290928840637,0.0,0.05000000074505806,0.5252525210380554,-0.03200751915574074,0.10775557160377502,0.03333473950624466,-0.12068048119544983,-0.04248034581542015,1.0,-0.7589533682912588
0.13333334028720856,0.06666667014360428,0.9883567094802856,0.019999999552965164,0.10000000149011612,0.5252525210380554,-0.03177285194396973,0.10663485527038574,0.03548348695039749,-0.11835974454879761,-0.042761147022247314,1.0,-0.974961843341589
0.10000000149011612,0.10000000149011612,0.9879443049430847,0.03999999910593033,0.15000000596046448,0.5252525210380554,-0.03362754359841347,0.10784128308296204,0.03214394673705101,-0.11843094229698181,-0.04299100860953331,1.0,-1.224985670298338
0.10000000149011612,0.10000000149011612,0.987531840801239,0.03999999910593033,0.20000000298023224,0.5252525210380554,-0.035181932151317596,0.1100228950381279,0.032238587737083435,-0.11798184365034103,-0.04185112193226814,1.0,-1.5049618128687143
0.10000000149011612,0.10000000149011612,0.9871194362640381,0.05999999865889549,0.25,0.5252525210380554,-0.03599238023161888,0.11200246214866638,0.032589141279459,-0.11680535972118378,-0.04138050228357315,1.0,-1.7249618731439114
0.10000000149011612,0.10000000149011612,0.9867070317268372,0.03999999910593033,0.30000001192092896,0.5252525210380554,-0.03751736879348755,0.11512831598520279,0.03408901393413544,-0.11619949340820312,-0.03984581679105759,1.0,-1.9429660104215145
0.06666667014360428,0.10000000149011612,0.9863746166229248,0.03999999910593033,0.3499999940395355,0.5252525210380554,-0.03929971158504486,0.11976175010204315,0.03242861479520798,-0.11633802950382233,-0.03936439007520676,1.0,-2.2569576166570187
0.10000000149011612,0.10000000149011612,0.9858822226524353,0.03999999910593033,0.4000000059604645,0.5252525210380554,-0.04058241844177246,0.12084102630615234,0.03571837395429611,-0.11495636403560638,-0.03871631994843483,1.0,-2.444961754605174
0.10000000149011612,0.10000000149011612,0.9854698181152344,0.019999999552965164,0.44999998807907104,0.5252525210380554,-0.042206376791000366,0.12431970983743668,0.03649253770709038,-0.11495164036750793,-0.038099244236946106,1.0,-2.7249618135392666
0.06666667014360428,0.13333334028720856,0.9850574135780334,0.03999999910593033,0.5,0.5252525210380554,-0.04420417547225952,0.12707731127738953,0.03321393206715584,-0.11315156519412994,-0.039365995675325394,1.0,-2.9749618731439114
0.06666667014360428,0.13333334028720856,0.9846450090408325,0.03999999910593033,0.550000011920929,0.5252525210380554,-0.045763686299324036,0.12961503863334656,0.03391820937395096,-0.11255019158124924,-0.039593327790498734,1.0,-3.2269815485924482
0.10000000149011612,0.13333334028720856,0.9841525554656982,0.019999999552965164,0.6000000238418579,0.5252525210380554,-0.047083355486392975,0.13055728375911713,0.03687027841806412,-0.1124090850353241,-0.038795776665210724,1.0,-3.4449616950005293
0.10000000149011612,0.13333334028720856,0.9837401509284973,0.019999999552965164,0.6499999761581421,0.5252525210380554,-0.04828624427318573,0.1327386349439621,0.03760010749101639,-0.11217749118804932,-0.0399395152926445,1.0,-3.7569575272500515
0.13333334028720856,0.13333334028720856,0.9832477569580078,0.03999999910593033,0.699999988079071,0.5252525210380554,-0.04910464584827423,0.1337461620569229,0.03918418660759926,-0.11143878102302551,-0.04136459901928902,1.0,-4.070972975343466
0.1666666716337204,0.20000000298023224,0.9825953245162964,0.03999999910593033,0.75,0.5252525210380554,-0.04987934231758118,0.13286522030830383,0.03939427435398102,-0.10978791117668152,-0.04232488572597504,1.0,-4.224961873143911
0.1666666716337204,0.20000000298023224,0.9821829199790955,0.03999999910593033,0.800000011920929,0.5252525210380554,-0.05090467259287834,0.13542792201042175,0.0394723005592823,-0.11045557260513306,-0.04327160492539406,1.0,-4.504961932078004
0.1666666716337204,0.20000000298023224,0.9817705154418945,0.05999999865889549,0.8500000238418579,0.5252525210380554,-0.05163288116455078,0.13767586648464203,0.03944593667984009,-0.11059132218360901,-0.045317430049180984,1.0,-4.850949013605714
0.23333333432674408,0.23333333432674408,0.9811181426048279,0.05999999865889549,0.8999999761581421,0.5252525210380554,-0.0521877259016037,0.13723614811897278,0.04261934012174606,-0.10959504544734955,-0.04470162093639374,1.0,-177.42335414886475
0.03333333507180214,0.0,0.965059757232666,0.0,0.0,0.5555555820465088,-0.03287699818611145,0.11020553112030029,0.028890470042824745,-0.12494450807571411,-0.04248212277889252,1.0,-0.1449108123779297
0.0,0.03333333507180214,0.9646974802017212,0.0,0.0,0.5555555820465088,-0.03313177824020386,0.11033152043819427,0.026745427399873734,-0.12571579217910767,-0.04416656494140625,1.0,-0.3460111655294895
0.03333333507180214,0.10000000149011612,0.9644574522972107,0.0,0.05000000074505806,0.5555555820465088,-0.031549543142318726,0.10828397423028946,0.02871513180434704,-0.12209437787532806,-0.043586306273937225,1.0,-0.6769304350018501
0.06666667014360428,0.10000000149011612,0.9640151262283325,0.0,0.10000000149011612,0.5555555820465088,-0.03277755528688431,0.10879802703857422,0.030639078468084335,-0.1204625815153122,-0.04157549887895584,1.0,-0.9889023881405592
0.13333334028720856,0.10000000149011612,0.9634928703308105,0.019999999552965164,0.15000000596046448,0.5555555820465088,-0.03347986191511154,0.1067662388086319,0.03454051911830902,-0.11743085831403732,-0.039084434509277344,1.0,-1.1749346684664488
0.13333334028720856,0.10000000149011612,0.963130533695221,0.019999999552965164,0.20000000298023224,0.5555555820465088,-0.03517502546310425,0.10871295630931854,0.034810058772563934,-0.11698178201913834,-0.037820979952812195,1.0,-1.4549108110368252
0.13333334028720856,0.10000000149011612,0.9627682566642761,0.03999999910593033,0.25,0.5555555820465088,-0.03587020933628082,0.11054793000221252,0.035187654197216034,-0.1159810796380043,-0.0375528410077095,1.0,-1.830922031775117
0.1666666716337204,0.1666666716337204,0.9621659517288208,0.05999999865889549,0.30000001192092896,0.5555555820465088,-0.036174751818180084,0.10748198628425598,0.03734809160232544,-0.11226356774568558,-0.03802836313843727,1.0,-2.04892616905272
0.20000000298023224,0.20000000298023224,0.961643636226654,0.05999999865889549,0.3499999940395355,0.5555555820465088,-0.03739827126264572,0.10699653625488281,0.040282562375068665,-0.10980101674795151,-0.0375191792845726,1.0,-2.266906613484025
0.20000000298023224,0.23333333432674408,0.9612013697624207,0.05999999865889549,0.4000000059604645,0.5555555820465088,-0.039343032985925674,0.10845895111560822,0.04102169722318649,-0.10841652750968933,-0.03747691959142685,1.0,-2.5489261392503977
0.2666666805744171,0.23333333432674408,0.9606790542602539,0.05999999865889549,0.44999998807907104,0.5555555820465088,-0.040535736829042435,0.10792921483516693,0.046483512967824936,-0.10680265724658966,-0.03764115273952484,1.0,-2.732915036380291
0.23333333432674408,0.23333333432674408,0.9603967666625977,0.07999999821186066,0.5,0.5555555820465088,-0.042205698788166046,0.1129496768116951,0.04314499348402023,-0.10674064606428146,-0.039400070905685425,1.0,-3.0149108693003654
0.23333333432674408,0.23333333432674408,0.9600344896316528,0.07999999821186066,0.550000011920929,0.5555555820465088,-0.043486181646585464,0.11628454923629761,0.04261869564652443,-0.10695749521255493,-0.04060794413089752,1.0,-3.2629151605069637
0.20000000298023224,0.23333333432674408,0.9597522020339966,0.10000000149011612,0.6000000238418579,0.5555555820465088,-0.04487975686788559,0.12129340320825577,0.03898987919092178,-0.10734137147665024,-0.04272381216287613,1.0,-3.576930310577154
0.23333333432674408,0.23333333432674408,0.9593098759651184,0.10000000149011612,0.6499999761581421,0.5555555820465088,-0.045914046466350555,0.12279079854488373,0.04100094735622406,-0.10707299411296844,-0.04333643615245819,1.0,-3.794910755008459
0.23333333432674408,0.23333333432674408,0.9589475989341736,0.10000000149011612,0.699999988079071,0.5555555820465088,-0.047145746648311615,0.12583370506763458,0.040433693677186966,-0.10729794949293137,-0.0438094288110733,1.0,-4.074934650212526
0.23333333432674408,0.23333333432674408,0.958585262298584,0.11999999731779099,0.75,0.5555555820465088,-0.04811137542128563,0.12868842482566833,0.03946656733751297,-0.10747569799423218,-0.04532800242304802,1.0,-4.354910872876644
0.20000000298023224,0.2666666805744171,0.9582229852676392,0.14000000059604645,0.800000011920929,0.5555555820465088,-0.04879145696759224,0.13095076382160187,0.035885121673345566,-0.10806223750114441,-0.048895299434661865,1.0,-4.606906700879335
0.23333333432674408,0.2666666805744171,0.9577807188034058,0.11999999731779099,0.8500000238418579,0.5555555820465088,-0.04999188333749771,0.13236039876937866,0.038536421954631805,-0.10831677168607712,-0.048009950667619705,1.0,-4.826930310577154
0.23333333432674408,0.30000001192092896,0.9573383927345276,0.10000000149011612,0.8999999761581421,0.5555555820465088,-0.05087292939424515,0.13379508256912231,0.03807077929377556,-0.10884906351566315,-0.0486399345099926,1.0,-222.0
0.0,0.03333333507180214,0.9881090521812439,0.0,0.0,0.5252525210380554,-0.03340653330087662,0.11085975170135498,0.027467727661132812,-0.12478595972061157,-0.04562102258205414,1.0,-0.31401539221405983
0.03333333507180214,0.06666667014360428,0.987949013710022,0.0,0.05000000074505806,0.5252525210380554,-0.03245661035180092,0.11090291291475296,0.029776766896247864,-0.122038833796978,-0.04469954967498779,1.0,-0.7691745832562447
0.06666667014360428,0.10000000149011612,0.9872760772705078,0.0,0.10000000149011612,0.5252525210380554,-0.033347710967063904,0.10964244604110718,0.030985429883003235,-0.11990232765674591,-0.043168604373931885,1.0,-1.0172026734799147
0.06666667014360428,0.13333334028720856,0.9866830706596375,0.019999999552965164,0.15000000596046448,0.5252525210380554,-0.034506313502788544,0.10873806476593018,0.029183940961956978,-0.11856561154127121,-0.04276669770479202,1.0,-1.2671788167208433
0.06666667014360428,0.1666666716337204,0.9860901236534119,0.019999999552965164,0.20000000298023224,0.5252525210380554,-0.03578430786728859,0.1093723475933075,0.0292019322514534,-0.11683351546525955,-0.04166010022163391,1.0,-1.4851830285042524
0.03333333507180214,0.20000000298023224,0.9855771660804749,0.019999999552965164,0.25,0.5252525210380554,-0.03724047169089317,0.11213384568691254,0.02708284743130207,-0.11568491160869598,-0.041200075298547745,1.0,-1.7371788620948792
0.06666667014360428,0.20000000298023224,0.9849842190742493,0.0,0.30000001192092896,0.5252525210380554,-0.038132160902023315,0.11352292448282242,0.031043890863656998,-0.11415053904056549,-0.03903394937515259,1.0,-1.98518299870193
0.06666667014360428,0.20000000298023224,0.9844712615013123,0.019999999552965164,0.3499999940395355,0.5252525210380554,-0.039214786142110825,0.1156986802816391,0.031271666288375854,-0.11314152181148529,-0.03898962587118149,1.0,-2.2671788316220045
0.06666667014360428,0.23333333432674408,0.9838783144950867,0.019999999552965164,0.4000000059604645,0.5252525210380554,-0.04100409895181656,0.11682482063770294,0.0316387414932251,-0.1119658425450325,-0.0390312634408474,1.0,-2.5171787422150373
0.03333333507180214,0.30000001192092896,0.9832853674888611,0.019999999552965164,0.44999998807907104,0.5252525210380554,-0.042910464107990265,0.118277408182621,0.028503790497779846,-0.11052422225475311,-0.03942587971687317,1.0,-2.769174575805664
0.06666667014360428,0.3333333432674408,0.9826124310493469,0.0,0.5,0.5252525210380554,-0.0438653826713562,0.11855825036764145,0.0313350073993206,-0.10927390307188034,-0.03968091309070587,1.0,-3.017178861424327
0.10000000149011612,0.3333333432674408,0.9820194840431213,0.019999999552965164,0.550000011920929,0.5252525210380554,-0.04430495947599411,0.11990948021411896,0.03286846727132797,-0.10846983641386032,-0.041812874376773834,1.0,-3.2031873743981123
0.06666667014360428,0.3333333432674408,0.9815865159034729,0.019999999552965164,0.6000000238418579,0.5252525210380554,-0.0455157533288002,0.1246650367975235,0.03009992465376854,-0.10903877764940262,-0.04334249719977379,1.0,-3.5151829086244106
0.06666667014360428,0.3333333432674408,0.9810735583305359,0.03999999910593033,0.6499999761581421,0.5252525210380554,-0.046273499727249146,0.12705743312835693,0.02955550327897072,-0.10889814794063568,-0.04625805467367172,1.0,-3.7351829688996077
0.06666667014360428,0.3333333432674408,0.9805606007575989,0.019999999552965164,0.699999988079071,0.5252525210380554,-0.04763408005237579,0.12988342344760895,0.03043452277779579,-0.10910043865442276,-0.04607675224542618,1.0,-3.9851830285042524
0.06666667014360428,0.3333333432674408,0.9800476431846619,0.019999999552965164,0.75,0.5252525210380554,-0.04858684912323952,0.13242454826831818,0.030915167182683945,-0.10949239134788513,-0.047226592898368835,1.0,-4.235183088108897
0.06666667014360428,0.3333333432674408,0.9795346856117249,0.019999999552965164,0.800000011920929,0.5252525210380554,-0.04965348541736603,0.13494479656219482,0.031624723225831985,-0.11030071973800659,-0.04899410530924797,1.0,-4.517178921028972
0.10000000149011612,0.3333333432674408,0.9789417386054993,0.019999999552965164,0.8500000238418579,0.5252525210380554,-0.051026247441768646,0.1360718160867691,0.03330283984541893,-0.1102590262889862,-0.04887175187468529,1.0,-4.735182909294963
0.10000000149011612,0.3333333432674408,0.9784287810325623,0.019999999552965164,0.8999999761581421,0.5252525210380554,-0.05204937607049942,0.13834494352340698,0.03436541184782982,-0.11103963851928711,-0.050517674535512924,1.0,-5.047178741544485
0.10000000149011612,0.36666667461395264,0.9778358340263367,0.03999999910593033,0.949999988079071,0.5252525210380554,-0.05260045453906059,0.13961909711360931,0.03478063642978668,-0.11160283535718918,-0.05430203676223755,1.0,-239.95507907867432
0.06666667014360428,0.03333333507180214,0.9704481363296509,0.0,0.0,0.5454545617103577,-0.03152590990066528,0.10622871667146683,0.030651073902845383,-0.12267648428678513,-0.04300357401371002,1.0,-0.5324375946074724
0.06666667014360428,0.03333333507180214,0.969817042350769,0.019999999552965164,0.05000000074505806,0.5454545617103577,-0.03183339163661003,0.10874810069799423,0.030754804611206055,-0.12211292237043381,-0.04250320419669151,1.0,-0.750441825017333
0.03333333507180214,0.03333333507180214,0.9692659378051758,0.019999999552965164,0.10000000149011612,0.5454545617103577,-0.03337439149618149,0.11361372470855713,0.029359685257077217,-0.12305834889411926,-0.042961057275533676,1.0,-1.0024376213550568
0.0,0.06666667014360428,0.968634843826294,0.0,0.15000000596046448,0.5454545617103577,-0.035740263760089874,0.11697110533714294,0.02700856514275074,-0.1231454610824585,-0.042469754815101624,1.0,-1.0000238567590714
0.0,0.06666667014360428,0.9686347842216492,0.0,0.20000000298023224,0.5454545617103577,-0.03691135346889496,0.11909085512161255,0.02724616974592209,-0.12254920601844788,-0.04169858992099762,1.0,-1.2819957733154297
0.03333333507180214,0.06666667014360428,0.9685547947883606,0.0,0.25,0.5454545617103577,-0.03764817863702774,0.11905384808778763,0.029917549341917038,-0.12097018957138062,-0.03990555927157402,1.0,-1.8164530396461487
0.06666667014360428,0.10000000149011612,0.9677636623382568,0.0,0.30000001192092896,0.5454545617103577,-0.03859218955039978,0.11820286512374878,0.03237413614988327,-0.1178109347820282,-0.0375346913933754,1.0,-2.0644333343952894
0.10000000149011612,0.10000000149011612,0.9670525789260864,0.019999999552965164,0.3499999940395355,0.5454545617103577,-0.03909635543823242,0.11830516159534454,0.03527834266424179,-0.11575886607170105,-0.03660096600651741,1.0,-2.346429167315364
0.13333334028720856,0.13333334028720856,0.9662615060806274,0.019999999552965164,0.4000000059604645,0.5454545617103577,-0.0402301661670208,0.117465540766716,0.037504348903894424,-0.11364350467920303,-0.036782506853342056,1.0,-2.562437530606985
0.13333334028720856,0.13333334028720856,0.9656304121017456,0.03999999910593033,0.44999998807907104,0.5454545617103577,-0.041881974786520004,0.11983974277973175,0.03757523000240326,-0.11262936890125275,-0.03775011748075485,1.0,-2.8444572053849697
0.13333334028720856,0.1666666716337204,0.9649192690849304,0.03999999910593033,0.5,0.5454545617103577,-0.043869808316230774,0.12134534865617752,0.037503745406866074,-0.11105506867170334,-0.038170602172613144,1.0,-3.0924376491457224
0.13333334028720856,0.1666666716337204,0.9642881751060486,0.05999999865889549,0.550000011920929,0.5454545617103577,-0.04562375694513321,0.12405671179294586,0.0374012216925621,-0.10973668098449707,-0.038791440427303314,1.0,-3.342437708750367
0.10000000149011612,0.20000000298023224,0.9636570811271667,0.05999999865889549,0.6000000238418579,0.5454545617103577,-0.04670419916510582,0.1269773244857788,0.03416477143764496,-0.10968533158302307,-0.0403638631105423,1.0,-3.592437470331788
0.06666667014360428,0.23333333432674408,0.9630259871482849,0.05999999865889549,0.6499999761581421,0.5454545617103577,-0.04701291397213936,0.12908819317817688,0.031133152544498444,-0.11040464043617249,-0.04384729266166687,1.0,-3.9064529184252024
0.10000000149011612,0.2666666805744171,0.9622348546981812,0.05999999865889549,0.699999988079071,0.5454545617103577,-0.04791342467069626,0.12966026365756989,0.032154981046915054,-0.10945577174425125,-0.04490062966942787,1.0,-4.032437590882182
0.10000000149011612,0.2666666805744171,0.9616037607192993,0.019999999552965164,0.75,0.5454545617103577,-0.049127835780382156,0.13209646940231323,0.03367967903614044,-0.1103242039680481,-0.04444853961467743,1.0,-4.344433423131704
0.13333334028720856,0.2666666805744171,0.9608926773071289,0.03999999910593033,0.800000011920929,0.5454545617103577,-0.04999272897839546,0.13328960537910461,0.03513495996594429,-0.11014135926961899,-0.04557832330465317,1.0,-4.562437709420919
0.10000000149011612,0.30000001192092896,0.9602615833282471,0.03999999910593033,0.8500000238418579,0.5454545617103577,-0.05053647235035896,0.1359843909740448,0.03324044495820999,-0.11062945425510406,-0.04934881627559662,1.0,-4.84443324431777
0.10000000149011612,0.3333333432674408,0.9595504999160767,0.03999999910593033,0.8999999761581421,0.5454545617103577,-0.051288481801748276,0.13756942749023438,0.033376604318618774,-0.1113811656832695,-0.05257639288902283,1.0,-5.124457145109773
0.10000000149011612,0.36666667461395264,0.9588393568992615,0.05999999865889549,0.949999988079071,0.5454545617103577,-0.051814354956150055,0.13888424634933472,0.03380178287625313,-0.11190937459468842,-0.05629950761795044,1.0,-198.0
0.03333333507180214,0.0,0.985605001449585,0.0,0.0,0.5252525210380554,-0.03315092623233795,0.11026069521903992,0.02943231165409088,-0.12450253218412399,-0.04410995543003082,1.0,-0.2264261245727539
0.0,0.03333333507180214,0.9850389361381531,0.0,0.0,0.5252525210380554,-0.033417072147130966,0.11069716513156891,0.02742892876267433,-0.12481877207756042,-0.04551626741886139,1.0,-0.3139915503561497
0.06666667014360428,0.03333333507180214,0.9848789572715759,0.0,0.05000000074505806,0.5252525210380554,-0.032365523278713226,0.10974832624197006,0.03180273249745369,-0.12194177508354187,-0.04334144666790962,1.0,-0.7884457465261221
0.06666667014360428,0.06666667014360428,0.9842328429222107,0.019999999552965164,0.10000000149011612,0.5252525210380554,-0.03316933661699295,0.1103392243385315,0.031220149248838425,-0.12094512581825256,-0.04383697733283043,1.0,-1.006426153704524
0.06666667014360428,0.06666667014360428,0.9836667776107788,0.019999999552965164,0.15000000596046448,0.5252525210380554,-0.034730665385723114,0.11191339045763016,0.03094588965177536,-0.12083668261766434,-0.043016426265239716,1.0,-1.3204176854342222
0.10000000149011612,0.10000000149011612,0.9829407334327698,0.019999999552965164,0.20000000298023224,0.5252525210380554,-0.035597942769527435,0.110537089407444,0.032817330211400986,-0.11807751655578613,-0.041046805679798126,1.0,-1.5384457390755415
0.13333334028720856,0.10000000149011612,0.9822946190834045,0.019999999552965164,0.25,0.5252525210380554,-0.036359839141368866,0.11132822930812836,0.03608255460858345,-0.11605758965015411,-0.03904800862073898,1.0,-1.7864261828362942
0.10000000149011612,0.13333334028720856,0.9817285537719727,0.03999999910593033,0.30000001192092896,0.5252525210380554,-0.03725437819957733,0.11330264806747437,0.033612318336963654,-0.11502280086278915,-0.03971413895487785,1.0,-2.036426093429327
0.10000000149011612,0.13333334028720856,0.9811624884605408,0.03999999910593033,0.3499999940395355,0.5252525210380554,-0.03880496323108673,0.116111621260643,0.034645840525627136,-0.11425484716892242,-0.03921327739953995,1.0,-2.3164261523634195
0.06666667014360428,0.1666666716337204,0.9805964231491089,0.05999999865889549,0.4000000059604645,0.5252525210380554,-0.04074225574731827,0.1195545494556427,0.031404171139001846,-0.11299188435077667,-0.03991399705410004,1.0,-2.5364260636270046
0.06666667014360428,0.1666666716337204,0.980030357837677,0.03999999910593033,0.44999998807907104,0.5252525210380554,-0.04258991777896881,0.12262637913227081,0.03221535682678223,-0.11280208081007004,-0.03931688517332077,1.0,-2.756449965760112
0.06666667014360428,0.1666666716337204,0.9794642329216003,0.019999999552965164,0.5,0.5252525210380554,-0.04434850811958313,0.1252690851688385,0.03310108184814453,-0.11262503266334534,-0.03862934932112694,1.0,-3.0064261835068464
0.06666667014360428,0.1666666716337204,0.9788981676101685,0.019999999552965164,0.550000011920929,0.5252525210380554,-0.046001896262168884,0.12788869440555573,0.03364640846848488,-0.11205138266086578,-0.038680512458086014,1.0,-3.256426243111491
0.06666667014360428,0.1666666716337204,0.9783321022987366,0.019999999552965164,0.6000000238418579,0.5252525210380554,-0.047392137348651886,0.12993673980236053,0.03454148396849632,-0.11167693138122559,-0.039565425366163254,1.0,-3.6024371664971113
0.1666666716337204,0.1666666716337204,0.9775260090827942,0.019999999552965164,0.6499999761581421,0.5252525210380554,-0.04790789261460304,0.12871025502681732,0.04077582806348801,-0.11021289229393005,-0.0389847606420517,1.0,-3.8204176109284163
0.23333333432674408,0.1666666716337204,0.9767999649047852,0.019999999552965164,0.699999988079071,0.5252525210380554,-0.04840180277824402,0.12873031198978424,0.045289866626262665,-0.10967929661273956,-0.039583720266819,1.0,-4.00443034991622
0.20000000298023224,0.1666666716337204,0.9763138890266418,0.03999999910593033,0.75,0.5252525210380554,-0.049681052565574646,0.13272875547409058,0.042471930384635925,-0.11010977625846863,-0.041373372077941895,1.0,-4.284430408850312
0.1666666716337204,0.1666666716337204,0.9758278131484985,0.05999999865889549,0.800000011920929,0.5252525210380554,-0.05079634487628937,0.13602374494075775,0.0403418242931366,-0.11070705205202103,-0.04397980496287346,1.0,-4.660441629588604
0.20000000298023224,0.20000000298023224,0.9751017093658447,0.07999999821186066,0.8500000238418579,0.5252525210380554,-0.05163712799549103,0.13617415726184845,0.0411444753408432,-0.10958967357873917,-0.044947534799575806,1.0,-4.846426002681255
0.1666666716337204,0.23333333432674408,0.9745356440544128,0.07999999821186066,0.8999999761581421,0.5252525210380554,-0.05233585089445114,0.1383882761001587,0.038319140672683716,-0.11022841930389404,-0.04800499603152275,1.0,-117.0
0.03333333507180214,0.0,0.9853464961051941,0.0,0.0,0.5252525210380554,-0.03315224498510361,0.11024634540081024,0.029429741203784943,-0.12450756877660751,-0.04410238564014435,1.0,-0.26879310607910156
0.06666667014360428,0.0,0.9846745133399963,0.0,0.0,0.5252525210380554,-0.032377295196056366,0.10786089301109314,0.031136352568864822,-0.12325282394886017,-0.04337787255644798,1.0,-0.2667973320931196
0.06666667014360428,0.0,0.9840825200080872,0.019999999552965164,0.0,0.5252525210380554,-0.03202873095870018,0.10681582987308502,0.030468538403511047,-0.12329427897930145,-0.043663471937179565,1.0,-0.2987931054085493
0.06666667014360428,0.03333333507180214,0.9834105372428894,0.019999999552965164,0.0,0.5252525210380554,-0.03146176040172577,0.10509785264730453,0.03020426630973816,-0.12225557863712311,-0.04427735134959221,1.0,-0.5167973358184099
0.03333333507180214,0.06666667014360428,0.9828185439109802,0.019999999552965164,0.05000000074505806,0.5252525210380554,-0.032299842685461044,0.10944253951311111,0.029103700071573257,-0.1218937486410141,-0.044820670038461685,1.0,-0.7367973402142525
0.0,0.10000000149011612,0.982226550579071,0.0,0.10000000149011612,0.5252525210380554,-0.034295063465833664,0.1136481910943985,0.026549383997917175,-0.12167522311210632,-0.043989501893520355,1.0,-0.8780069649219513
0.10000000149011612,0.13333334028720856,0.981906533241272,0.0,0.15000000596046448,0.5252525210380554,-0.03395386040210724,0.10732074081897736,0.03257821872830391,-0.11759243160486221,-0.041740793734788895,1.0,-1.3307888936251402
0.13333334028720856,0.1666666716337204,0.9811545610427856,0.019999999552965164,0.20000000298023224,0.5252525210380554,-0.03449035435914993,0.10513971000909805,0.03433874249458313,-0.1148921400308609,-0.04045606404542923,1.0,-1.578793104737997
0.1666666716337204,0.1666666716337204,0.9804825782775879,0.03999999910593033,0.25,0.5252525210380554,-0.03490309417247772,0.10527574270963669,0.03717799857258797,-0.11282667517662048,-0.03950988128781319,1.0,-1.8608127795159817
0.23333333432674408,0.1666666716337204,0.9797305464744568,0.03999999910593033,0.30000001192092896,0.5252525210380554,-0.035871319472789764,0.10455526411533356,0.04285474866628647,-0.11100086569786072,-0.038510292768478394,1.0,-2.140788847580552
0.30000001192092896,0.1666666716337204,0.9789785742759705,0.05999999865889549,0.3499999940395355,0.5252525210380554,-0.036447640508413315,0.10319007188081741,0.048344336450099945,-0.10909681022167206,-0.03868076950311661,1.0,-2.390788907185197
0.3333333432674408,0.20000000298023224,0.9782266020774841,0.05999999865889549,0.4000000059604645,0.5252525210380554,-0.037422191351652145,0.10321201384067535,0.05148635804653168,-0.1070399209856987,-0.03891131654381752,1.0,-2.606797270476818
0.3333333432674408,0.20000000298023224,0.977634608745575,0.07999999821186066,0.44999998807907104,0.5252525210380554,-0.03908733278512955,0.10548827052116394,0.052106648683547974,-0.10610730201005936,-0.0395076759159565,1.0,-2.856797330081463
0.3333333432674408,0.20000000298023224,0.9770426154136658,0.07999999821186066,0.5,0.5252525210380554,-0.041083961725234985,0.10852129012346268,0.05229397118091583,-0.10579482465982437,-0.040032435208559036,1.0,-3.104801621288061
0.30000001192092896,0.20000000298023224,0.9765306115150452,0.10000000149011612,0.550000011920929,0.5252525210380554,-0.04274514690041542,0.11390088498592377,0.048602648079395294,-0.10577324777841568,-0.04137718304991722,1.0,-3.4807889945805073
0.3333333432674408,0.23333333432674408,0.9757786393165588,0.11999999731779099,0.6000000238418579,0.5252525210380554,-0.04314808174967766,0.1140512228012085,0.049345359206199646,-0.10486818850040436,-0.04379848390817642,1.0,-3.7308125980198383
0.36666667461395264,0.2666666805744171,0.9750266075134277,0.11999999731779099,0.6499999761581421,0.5252525210380554,-0.0442206934094429,0.1139138713479042,0.050854191184043884,-0.10471270233392715,-0.04564739763736725,1.0,-4.010788820683956
0.4333333373069763,0.2666666805744171,0.9742746353149414,0.14000000059604645,0.699999988079071,0.5252525210380554,-0.0440979041159153,0.11401381343603134,0.05715633183717728,-0.10400699824094772,-0.047216929495334625,1.0,-4.290788874030113
0.46666666865348816,0.30000001192092896,0.9735226631164551,0.1599999964237213,0.75,0.5252525210380554,-0.04438101127743721,0.11459914594888687,0.05909360200166702,-0.10319322347640991,-0.050035808235406876,1.0,-4.540812775492668
0.5333333611488342,0.30000001192092896,0.972770631313324,0.1599999964237213,0.800000011920929,0.5252525210380554,-0.04397450387477875,0.11680451035499573,0.0664295181632042,-0.101128950715065,-0.04995699226856232,1.0,-234.0
0.10000000149011612,0.0,0.9842855334281921,0.0,0.0,0.5252525210380554,-0.03211591765284538,0.1060924232006073,0.0330318883061409,-0.12160704284906387,-0.041885800659656525,1.0,-0.17791488580405712
0.13333334028720856,0.0,0.9839157462120056,0.019999999552965164,0.0,0.5252525210380554,-0.0316011905670166,0.10358266532421112,0.03439004719257355,-0.11996524035930634,-0.04042205214500427,1.0,-0.17589526996016502
0.13333334028720856,0.0,0.9836260080337524,0.03999999910593033,0.0,0.5252525210380554,-0.03146224468946457,0.10256975889205933,0.03368643298745155,-0.11991186439990997,-0.040789373219013214,1.0,-0.2399345003068447
0.1666666716337204,0.03333333507180214,0.9831761717796326,0.03999999910593033,0.0,0.5252525210380554,-0.030400827527046204,0.0995538979768753,0.03597813472151756,-0.11752904951572418,-0.0405491404235363,1.0,-0.5199106615036726
0.23333333432674408,0.03333333507180214,0.9827263951301575,0.05999999865889549,0.05000000074505806,0.5252525210380554,-0.030234944075345993,0.09879648685455322,0.04071575403213501,-0.11526576429605484,-0.03872832655906677,1.0,-0.7379148919135332
0.2666666805744171,0.03333333507180214,0.982356607913971,0.05999999865889549,0.10000000149011612,0.5252525210380554,-0.030549921095371246,0.10020700842142105,0.0434781014919281,-0.11435434222221375,-0.037615589797496796,1.0,-0.987914914265275
0.2666666805744171,0.06666667014360428,0.9819868206977844,0.05999999865889549,0.15000000596046448,0.5252525210380554,-0.030917927622795105,0.10102085024118423,0.0438714474439621,-0.11345433443784714,-0.038558200001716614,1.0,-1.2358952835202217
0.2666666805744171,0.06666667014360428,0.9816970825195312,0.07999999821186066,0.20000000298023224,0.5252525210380554,-0.03266189619898796,0.10306315869092941,0.04398179054260254,-0.11328402906656265,-0.03862845525145531,1.0,-1.5499344989657402
0.3333333432674408,0.06666667014360428,0.9812472462654114,0.07999999821186066,0.25,0.5252525210380554,-0.034391630440950394,0.10238033533096313,0.048997681587934494,-0.1114477664232254,-0.03705478459596634,1.0,-1.829910721629858
0.4000000059604645,0.06666667014360428,0.9807974696159363,0.10000000149011612,0.30000001192092896,0.5252525210380554,-0.03652236610651016,0.10033689439296722,0.0533059686422348,-0.10894418507814407,-0.03674653172492981,1.0,-2.0458952374756336
0.36666667461395264,0.10000000149011612,0.9805077314376831,0.11999999731779099,0.3499999940395355,0.5252525210380554,-0.037132054567337036,0.10318587720394135,0.0525868684053421,-0.10826185345649719,-0.0382566824555397,1.0,-2.3919303007423878
0.4000000059604645,0.1666666716337204,0.9799779057502747,0.11999999731779099,0.4000000059604645,0.5252525210380554,-0.03747953101992607,0.10031605511903763,0.056444235146045685,-0.10513676702976227,-0.03950372338294983,1.0,-2.5758952125906944
0.4000000059604645,0.1666666716337204,0.9796881675720215,0.14000000059604645,0.44999998807907104,0.5252525210380554,-0.03905739635229111,0.10250931233167648,0.05667213350534439,-0.10388584434986115,-0.04045002907514572,1.0,-2.857914887368679
0.4333333373069763,0.1666666716337204,0.979318380355835,0.14000000059604645,0.5,0.5252525210380554,-0.04033660888671875,0.10442090034484863,0.06035268306732178,-0.10279444605112076,-0.040663689374923706,1.0,-3.075919173657894
0.4000000059604645,0.20000000298023224,0.979028582572937,0.14000000059604645,0.550000011920929,0.5252525210380554,-0.04122776538133621,0.10758058726787567,0.05590943992137909,-0.10378289967775345,-0.04337398707866669,1.0,-3.325919233262539
0.4000000059604645,0.20000000298023224,0.9787387847900391,0.14000000059604645,0.6000000238418579,0.5252525210380554,-0.04240061715245247,0.11148542165756226,0.05572859197854996,-0.10389535129070282,-0.04352801293134689,1.0,-3.637914761900902
0.4333333373069763,0.20000000298023224,0.9783689975738525,0.1599999964237213,0.6499999761581421,0.5252525210380554,-0.04299778491258621,0.1138056218624115,0.05874831974506378,-0.1032220870256424,-0.044350530952215195,1.0,-3.9179148375988007
0.46666666865348816,0.20000000298023224,0.977999210357666,0.18000000715255737,0.699999988079071,0.5252525210380554,-0.04365886002779007,0.11619831621646881,0.061767689883708954,-0.10247832536697388,-0.04508967697620392,1.0,-4.167914897203445
0.5,0.20000000298023224,0.9776294231414795,0.18000000715255737,0.75,0.5252525210380554,-0.04475152865052223,0.11887984722852707,0.06531515717506409,-0.1019098162651062,-0.04457702860236168,1.0,-4.479910723865032
0.5666666626930237,0.20000000298023224,0.9771796464920044,0.20000000298023224,0.800000011920929,0.5252525210380554,-0.0454513281583786,0.12000485509634018,0.07158353924751282,-0.09967847168445587,-0.04484773799777031,1.0,-222.0
0.03333333507180214,0.0,0.984077513217926,0.0,0.0,0.5252525210380554,-0.03315874561667442,0.11017584800720215,0.02941714972257614,-0.1245323047041893,-0.044065192341804504,1.0,-0.15015602111816406
0.03333333507180214,0.03333333507180214,0.9837021231651306,0.0,0.0,0.5252525210380554,-0.032474130392074585,0.10839925706386566,0.02920426055788994,-0.12354135513305664,-0.044822808355093,1.0,-0.4321756400167942
0.06666667014360428,0.06666667014360428,0.9832466840744019,0.0,0.05000000074505806,0.5252525210380554,-0.031927354633808136,0.10831037163734436,0.03165736794471741,-0.1211373582482338,-0.04391389340162277,1.0,-0.6481840964406729
0.03333333507180214,0.10000000149011612,0.9829512238502502,0.019999999552965164,0.10000000149011612,0.5252525210380554,-0.03355444222688675,0.11063535511493683,0.02805614471435547,-0.12067456543445587,-0.04400792345404625,1.0,-0.9321756660938263
0.03333333507180214,0.1666666716337204,0.9824957847595215,0.0,0.15000000596046448,0.5252525210380554,-0.03535832092165947,0.10982801020145416,0.026977937668561935,-0.11839701235294342,-0.042076632380485535,1.0,-1.182151809334755
0.10000000149011612,0.1666666716337204,0.9820404052734375,0.0,0.20000000298023224,0.5252525210380554,-0.03545314073562622,0.10773523151874542,0.03235103189945221,-0.11617786437273026,-0.040542490780353546,1.0,-1.3661883156746626
0.06666667014360428,0.1666666716337204,0.9818249344825745,0.019999999552965164,0.25,0.5252525210380554,-0.03688029199838638,0.11173663288354874,0.03017425537109375,-0.11596418917179108,-0.040639884769916534,1.0,-1.7741714678704739
0.1666666716337204,0.1666666716337204,0.9812895059585571,0.03999999910593033,0.30000001192092896,0.5252525210380554,-0.03643054887652397,0.10806232690811157,0.038120705634355545,-0.11237022280693054,-0.03929005190730095,1.0,-1.9621756058186293
0.23333333432674408,0.1666666716337204,0.9808340668678284,0.019999999552965164,0.3499999940395355,0.5252525210380554,-0.0378265306353569,0.10805699229240417,0.044030919671058655,-0.11057005077600479,-0.03706328943371773,1.0,-2.1781602762639523
0.23333333432674408,0.1666666716337204,0.9805386662483215,0.03999999910593033,0.4000000059604645,0.5252525210380554,-0.03905923292040825,0.11019739508628845,0.044536951929330826,-0.10990462452173233,-0.03784644976258278,1.0,-2.5221755746752024
0.2666666805744171,0.20000000298023224,0.9800832271575928,0.05999999865889549,0.44999998807907104,0.5252525210380554,-0.040302447974681854,0.1095174252986908,0.04723430052399635,-0.10780247300863266,-0.038843050599098206,1.0,-2.8341714069247246
0.3333333432674408,0.23333333432674408,0.9795477986335754,0.07999999821186066,0.5,0.5252525210380554,-0.04059682413935661,0.10774094611406326,0.05150774121284485,-0.1053580790758133,-0.040763117372989655,1.0,-2.98816030472517
0.3333333432674408,0.23333333432674408,0.9792523980140686,0.07999999821186066,0.550000011920929,0.5252525210380554,-0.04230361431837082,0.11124615371227264,0.05104586109519005,-0.105445496737957,-0.04141220450401306,1.0,-3.3321757577359676
0.30000001192092896,0.3333333432674408,0.9787969589233398,0.10000000149011612,0.6000000238418579,0.5252525210380554,-0.04274531453847885,0.11262010037899017,0.045084260404109955,-0.10509997606277466,-0.046437688171863556,1.0,-3.5481839664280415
0.2666666805744171,0.36666667461395264,0.9785014986991882,0.11999999731779099,0.6499999761581421,0.5252525210380554,-0.04383119195699692,0.1160271167755127,0.040690675377845764,-0.1054019182920456,-0.04917469248175621,1.0,-3.7661644108593464
0.23333333432674408,0.36666667461395264,0.97828608751297,0.11999999731779099,0.699999988079071,0.5252525210380554,-0.04517238587141037,0.12080054730176926,0.037477027624845505,-0.10608541965484619,-0.04939744994044304,1.0,-4.11217563226819
0.30000001192092896,0.36666667461395264,0.9778306484222412,0.11999999731779099,0.75,0.5252525210380554,-0.04639073461294174,0.12028269469738007,0.04222779721021652,-0.10565639287233353,-0.049819059669971466,1.0,-4.296164534986019
0.2666666805744171,0.36666667461395264,0.977615237236023,0.14000000059604645,0.800000011920929,0.5252525210380554,-0.04746033996343613,0.12502285838127136,0.03838677704334259,-0.10608630627393723,-0.05105145648121834,1.0,-4.642175756394863
0.2666666805744171,0.4333333373069763,0.9771597981452942,0.14000000059604645,0.8500000238418579,0.5252525210380554,-0.04791977256536484,0.1254936009645462,0.03723335266113281,-0.10580085217952728,-0.05479319393634796,1.0,-4.858160123229027
0.2666666805744171,0.4333333373069763,0.9768643975257874,0.1599999964237213,0.8999999761581421,0.5252525210380554,-0.04897259175777435,0.12868209183216095,0.03677528351545334,-0.10594099014997482,-0.057156335562467575,1.0,-243.0
0.10000000149011612,0.0,0.9915125966072083,0.0,0.0,0.5151515007019043,-0.032278697937726974,0.10611411929130554,0.033213526010513306,-0.12143313139677048,-0.042374104261398315,1.0,-0.15037753991782665
0.10000000149011612,0.0,0.9912116527557373,0.019999999552965164,0.0,0.5151515007019043,-0.03196561336517334,0.10518159717321396,0.03255808353424072,-0.12145999819040298,-0.04253287985920906,1.0,-0.2123733125627041
0.13333334028720856,0.0,0.9908307194709778,0.03999999910593033,0.0,0.5151515007019043,-0.0316011942923069,0.10259708762168884,0.03387678042054176,-0.11974658071994781,-0.04126293212175369,1.0,-0.1803775392472744
0.13333334028720856,0.0,0.9905297756195068,0.03999999910593033,0.0,0.5151515007019043,-0.03160681948065758,0.1025846004486084,0.03387591987848282,-0.1197478324174881,-0.04125174134969711,1.0,-0.2123733125627041
0.13333334028720856,0.03333333507180214,0.9901488423347473,0.03999999910593033,0.0,0.5151515007019043,-0.03060675412416458,0.10086294263601303,0.03387455269694328,-0.1189902201294899,-0.042533501982688904,1.0,-0.49237331561744213
0.1666666716337204,0.03333333507180214,0.9897679090499878,0.05999999865889549,0.05000000074505806,0.5151515007019043,-0.031048312783241272,0.10175095498561859,0.036381326615810394,-0.11720097064971924,-0.04150014370679855,1.0,-0.7103775460273027
0.1666666716337204,0.03333333507180214,0.9894669651985168,0.05999999865889549,0.10000000149011612,0.5151515007019043,-0.031936950981616974,0.10493624210357666,0.03716449439525604,-0.11715685576200485,-0.04142618551850319,1.0,-0.9923733416944742
0.1666666716337204,0.06666667014360428,0.9890860319137573,0.05999999865889549,0.15000000596046448,0.5151515007019043,-0.03242676332592964,0.10579290241003036,0.037565600126981735,-0.11641821265220642,-0.04236845299601555,1.0,-1.242373326793313
0.20000000298023224,0.06666667014360428,0.9887050986289978,0.05999999865889549,0.20000000298023224,0.5151515007019043,-0.033490508794784546,0.10654999315738678,0.04017339646816254,-0.11527298390865326,-0.04024185612797737,1.0,-1.5543690845370293
0.23333333432674408,0.10000000149011612,0.9882441759109497,0.07999999821186066,0.25,0.5151515007019043,-0.03433621674776077,0.10443201661109924,0.04236926883459091,-0.11298154294490814,-0.04045276716351509,1.0,-1.7403775975108147
0.20000000298023224,0.13333334028720856,0.9879432320594788,0.07999999821186066,0.30000001192092896,0.5151515007019043,-0.035757213830947876,0.10686236619949341,0.04022786766290665,-0.11216406524181366,-0.041136957705020905,1.0,-1.9583817347884178
0.1666666716337204,0.13333334028720856,0.9877222776412964,0.07999999821186066,0.3499999940395355,0.5151515007019043,-0.03775335103273392,0.1115880012512207,0.03884570300579071,-0.11208304017782211,-0.040956344455480576,1.0,-2.3043691143393517
0.23333333432674408,0.13333334028720856,0.9872613549232483,0.07999999821186066,0.4000000059604645,0.5151515007019043,-0.03856894373893738,0.11070920526981354,0.044463492929935455,-0.110439233481884,-0.040098778903484344,1.0,-2.5843690298497677
0.2666666805744171,0.1666666716337204,0.9868004322052002,0.10000000149011612,0.44999998807907104,0.5151515007019043,-0.03968356177210808,0.11032669246196747,0.04678592085838318,-0.10752136260271072,-0.040282413363456726,1.0,-2.8343929313123226
0.3333333432674408,0.1666666716337204,0.9863394498825073,0.10000000149011612,0.5,0.5151515007019043,-0.04095282405614853,0.10957849025726318,0.05253478139638901,-0.1059485524892807,-0.0406775176525116,1.0,-3.146364916115999
0.4000000059604645,0.20000000298023224,0.9857985377311707,0.11999999731779099,0.550000011920929,0.5151515007019043,-0.0414191335439682,0.10768287628889084,0.056662775576114655,-0.10428862273693085,-0.043155983090400696,1.0,-3.2083818838000298
0.36666667461395264,0.20000000298023224,0.9855775833129883,0.07999999821186066,0.6000000238418579,0.5151515007019043,-0.043771110475063324,0.11349793523550034,0.05465615168213844,-0.10602900385856628,-0.042051173746585846,1.0,-3.5523731969296932
0.4000000059604645,0.20000000298023224,0.9851966500282288,0.10000000149011612,0.6499999761581421,0.5151515007019043,-0.04381076991558075,0.11580368876457214,0.05714228376746178,-0.10524477064609528,-0.04243328422307968,1.0,-3.8003774769604206
0.4000000059604645,0.20000000298023224,0.9848957061767578,0.11999999731779099,0.699999988079071,0.5151515007019043,-0.04483490064740181,0.11961065232753754,0.05647001415491104,-0.1049426943063736,-0.04318172484636307,1.0,-4.114369083195925
0.4333333373069763,0.23333333432674408,0.9844347834587097,0.11999999731779099,0.75,0.5151515007019043,-0.04558524116873741,0.12034384161233902,0.05889151245355606,-0.10450577735900879,-0.04468308389186859,1.0,-156.67397689819336
0.03333333507180214,0.03333333507180214,0.9602498412132263,0.0,0.0,0.5555555820465088,-0.03222543001174927,0.10806218534708023,0.02860511839389801,-0.12427763640880585,-0.043247707188129425,1.0,-0.45537376776337624
0.0,0.03333333507180214,0.9597364068031311,0.0,0.05000000074505806,0.5555555820465088,-0.03316132724285126,0.11336784809827805,0.027469895780086517,-0.12475472688674927,-0.04328359663486481,1.0,-0.56399155408144
0.03333333507180214,0.06666667014360428,0.959576427936554,0.0,0.10000000149011612,0.5555555820465088,-0.033193185925483704,0.11236055940389633,0.029466703534126282,-0.12248849123716354,-0.0422787144780159,1.0,-0.9553737938404083
0.0,0.06666667014360428,0.9590629935264587,0.0,0.15000000596046448,0.5555555820465088,-0.03538821265101433,0.11660502851009369,0.02699987404048443,-0.12331962585449219,-0.042049892246723175,1.0,-1.0319957882165909
0.0,0.10000000149011612,0.9589830040931702,0.0,0.20000000298023224,0.5555555820465088,-0.03650449588894844,0.11736980825662613,0.026602886617183685,-0.1214570552110672,-0.04090169072151184,1.0,-1.378006935119629
0.10000000149011612,0.13333334028720856,0.9586629867553711,0.0,0.25,0.5555555820465088,-0.03684263303875923,0.11179408431053162,0.03330559283494949,-0.11650402843952179,-0.037118926644325256,1.0,-1.7993653696030378
0.10000000149011612,0.1666666716337204,0.9579895734786987,0.019999999552965164,0.30000001192092896,0.5555555820465088,-0.03719306364655495,0.11187754571437836,0.03320439159870148,-0.11452928185462952,-0.037005022168159485,1.0,-2.143356826156378
0.1666666716337204,0.20000000298023224,0.9571561813354492,0.03999999910593033,0.3499999940395355,0.5555555820465088,-0.0378866046667099,0.10909800231456757,0.03839533030986786,-0.11073895543813705,-0.03696649521589279,1.0,-2.2973695658147335
0.13333334028720856,0.23333333432674408,0.9565627574920654,0.03999999910593033,0.4000000059604645,0.5555555820465088,-0.04015698656439781,0.1122208684682846,0.03623388707637787,-0.1103757694363594,-0.03735627233982086,1.0,-2.579365249723196
0.1666666716337204,0.23333333432674408,0.9558893442153931,0.03999999910593033,0.44999998807907104,0.5555555820465088,-0.041766032576560974,0.11342651396989822,0.03927253931760788,-0.10910302400588989,-0.03743689879775047,1.0,-2.8593653086572886
0.20000000298023224,0.23333333432674408,0.9552159309387207,0.05999999865889549,0.5,0.5555555820465088,-0.04298679530620575,0.11471690237522125,0.04140914976596832,-0.10757475346326828,-0.03856450319290161,1.0,-3.139365367591381
0.23333333432674408,0.23333333432674408,0.9545425176620483,0.07999999821186066,0.550000011920929,0.5555555820465088,-0.0434507317841053,0.11598201096057892,0.0426984503865242,-0.10699359327554703,-0.040677737444639206,1.0,-3.391361201182008
0.30000001192092896,0.23333333432674408,0.9537891149520874,0.05999999865889549,0.6000000238418579,0.5555555820465088,-0.04447035491466522,0.1159990131855011,0.047842711210250854,-0.10665734857320786,-0.04032037407159805,1.0,-3.6393413469195366
0.3333333432674408,0.23333333432674408,0.9531157612800598,0.07999999821186066,0.6499999761581421,0.5555555820465088,-0.04512905329465866,0.1176079660654068,0.049501389265060425,-0.10610381513834,-0.0416707769036293,1.0,-3.921361021697521
0.36666667461395264,0.2666666805744171,0.9523623585700989,0.07999999821186066,0.699999988079071,0.5555555820465088,-0.04538772627711296,0.11829866468906403,0.05168236792087555,-0.1059436947107315,-0.04328268766403198,1.0,-4.1693653129041195
0.36666667461395264,0.30000001192092896,0.9516889452934265,0.10000000149011612,0.75,0.5555555820465088,-0.04611635580658913,0.11986155062913895,0.04998643696308136,-0.10585181415081024,-0.046083003282547,1.0,-4.419365372508764
0.36666667461395264,0.3333333432674408,0.9510155320167542,0.10000000149011612,0.800000011920929,0.5555555820465088,-0.046874575316905975,0.12163769453763962,0.048777058720588684,-0.10600493848323822,-0.047591932117938995,1.0,-4.699365425854921
0.4000000059604645,0.3333333432674408,0.9503421187400818,0.11999999731779099,0.8500000238418579,0.5555555820465088,-0.047210611402988434,0.12334874272346497,0.051674894988536835,-0.1056799590587616,-0.0491497702896595,1.0,-4.949365187436342
0.36666667461395264,0.4000000059604645,0.9496687054634094,0.11999999731779099,0.8999999761581421,0.5555555820465088,-0.04781237244606018,0.1255207657814026,0.04607297480106354,-0.10546008497476578,-0.05215080454945564,1.0,-5.1973694786429405
0.36666667461395264,0.4000000059604645,0.9490752816200256,0.14000000059604645,0.949999988079071,0.5555555820465088,-0.04815172031521797,0.12890835106372833,0.04593925178050995,-0.10543222725391388,-0.05403824895620346,1.0,-96.0
0.06666667014360428,0.0,0.9754711985588074,0.0,0.0,0.5353535413742065,-0.03233211860060692,0.10785916447639465,0.030984364449977875,-0.12340009212493896,-0.042688317596912384,1.0,-0.16678073816001415
0.06666667014360428,0.0,0.975129246711731,0.019999999552965164,0.0,0.5353535413742065,-0.03198175132274628,0.10673516243696213,0.030299652367830276,-0.12342130392789841,-0.043039076030254364,1.0,-0.19877651147544384
0.10000000149011612,0.0,0.974707305431366,0.019999999552965164,0.0,0.5353535413742065,-0.03171750530600548,0.10503731667995453,0.032177090644836426,-0.12179965525865555,-0.04151959717273712,1.0,-0.23077228479087353
0.1666666716337204,0.0,0.9742053747177124,0.019999999552965164,0.0,0.5353535413742065,-0.03135943040251732,0.10222437977790833,0.03640215843915939,-0.11852074414491653,-0.03803671523928642,1.0,-0.16476112231612206
0.13333334028720856,0.0,0.9739434719085693,0.03999999910593033,0.0,0.5353535413742065,-0.031366944313049316,0.10243896394968033,0.03349055349826813,-0.1200876384973526,-0.04022694379091263,1.0,-0.1967807374894619
0.13333334028720856,0.0,0.9736015200614929,0.03999999910593033,0.0,0.5353535413742065,-0.03137381374835968,0.10242493450641632,0.03348927199840546,-0.12008905410766602,-0.04021361470222473,1.0,-0.22678073681890965
0.13333334028720856,0.0,0.9732595682144165,0.05999999865889549,0.0,0.5353535413742065,-0.031235933303833008,0.10140987485647202,0.03278544545173645,-0.12003589421510696,-0.040578894317150116,1.0,-0.25675689429044724
0.13333334028720856,0.0,0.9729176759719849,0.07999999821186066,0.0,0.5353535413742065,-0.031024403870105743,0.10031758248806,0.03209225833415985,-0.11996768414974213,-0.04091966524720192,1.0,-0.25877651013433933
0.1666666716337204,0.0,0.9724957346916199,0.05999999865889549,0.0,0.5353535413742065,-0.03109428659081459,0.10029159486293793,0.03520503640174866,-0.11825142800807953,-0.038704704493284225,1.0,-0.290772283449769
0.23333333432674408,0.0,0.9719938039779663,0.05999999865889549,0.0,0.5353535413742065,-0.03084580972790718,0.09715591371059418,0.03952348232269287,-0.11562629044055939,-0.03613752871751785,1.0,-0.19478496350347996
0.20000000298023224,0.0,0.9717318415641785,0.05999999865889549,0.0,0.5353535413742065,-0.030933953821659088,0.09890232980251312,0.037532784044742584,-0.11666284501552582,-0.03723519295454025,1.0,-0.22678073681890965
0.20000000298023224,0.0,0.971389889717102,0.05999999865889549,0.0,0.5353535413742065,-0.03093661740422249,0.09888753294944763,0.037534523755311966,-0.11665943264961243,-0.03722184896469116,1.0,-0.25675689429044724
0.20000000298023224,0.0,0.9710479974746704,0.07999999821186066,0.0,0.5353535413742065,-0.030752867460250854,0.09791568666696548,0.03696487098932266,-0.11648058146238327,-0.03758929669857025,1.0,-0.32077228277921677
0.2666666805744171,0.0,0.9705460667610168,0.07999999821186066,0.0,0.5353535413742065,-0.030680984258651733,0.09436466544866562,0.0411732941865921,-0.1143687516450882,-0.03541693091392517,1.0,-0.2867807410657406
0.2666666805744171,0.0,0.9702041149139404,0.10000000149011612,0.0,0.5353535413742065,-0.03063478320837021,0.09348367154598236,0.04064147174358368,-0.11390916258096695,-0.03559049218893051,1.0,-0.2847849614918232
0.23333333432674408,0.0,0.9699421525001526,0.11999999731779099,0.0,0.5353535413742065,-0.030477195978164673,0.09440751373767853,0.0379515141248703,-0.11469555646181107,-0.036872103810310364,1.0,-0.35077228769659996
0.2666666805744171,0.03333333507180214,0.969440221786499,0.10000000149011612,0.0,0.5353535413742065,-0.02945047616958618,0.09207231551408768,0.04100406542420387,-0.11339062452316284,-0.037029337137937546,1.0,-0.6007722914218903
0.30000001192092896,0.06666667014360428,0.9689382910728455,0.10000000149011612,0.05000000074505806,0.5353535413742065,-0.028768107295036316,0.09179447591304779,0.0439157709479332,-0.11162880063056946,-0.037362243980169296,1.0,-0.8187765218317509
0.3333333432674408,0.06666667014360428,0.9685163497924805,0.10000000149011612,0.10000000149011612,0.5353535413742065,-0.02954205870628357,0.09285960346460342,0.046500980854034424,-0.11061868071556091,-0.03666733205318451,1.0,-1.1307723112404346
0.36666667461395264,0.10000000149011612,0.9680144190788269,0.11999999731779099,0.15000000596046448,0.5353535413742065,-0.030790142714977264,0.09136734157800674,0.04872780293226242,-0.10881714522838593,-0.03753076493740082,1.0,-105.0
0.10000000149011612,0.0,0.9831181764602661,0.0,0.0,0.5252525210380554,-0.03213271126151085,0.10604764521121979,0.03302934765815735,-0.12161494791507721,-0.041832335293293,1.0,-0.18673637323081493
0.10000000149011612,0.0,0.9827263355255127,0.019999999552965164,0.0,0.5252525210380554,-0.031846240162849426,0.1050998866558075,0.03236670419573784,-0.12163079530000687,-0.042017146944999695,1.0,-0.21671253070235252
0.10000000149011612,0.0,0.982334554195404,0.03999999910593033,0.0,0.5252525210380554,-0.031709350645542145,0.10408280789852142,0.031662702560424805,-0.12157784402370453,-0.04238048940896988,1.0,-0.21671253070235252
0.10000000149011612,0.0,0.9819427728652954,0.03999999910593033,0.0,0.5252525210380554,-0.03171722590923309,0.10406672954559326,0.031661223620176315,-0.12157946825027466,-0.04236520826816559,1.0,-0.24873214587569237
0.10000000149011612,0.03333333507180214,0.9814709424972534,0.03999999910593033,0.0,0.5252525210380554,-0.030858032405376434,0.10224400460720062,0.031483978033065796,-0.12079544365406036,-0.04328885301947594,1.0,-0.4667125344276428
0.10000000149011612,0.03333333507180214,0.9810791611671448,0.03999999910593033,0.05000000074505806,0.5252525210380554,-0.03156636655330658,0.10538478195667267,0.03205621615052223,-0.12055965512990952,-0.043003298342227936,1.0,-0.7167363800108433
0.10000000149011612,0.03333333507180214,0.9806873202323914,0.03999999910593033,0.10000000149011612,0.5252525210380554,-0.03271108865737915,0.10864880681037903,0.032829172909259796,-0.12043674290180206,-0.042770400643348694,1.0,-1.0307041071355343
0.10000000149011612,0.10000000149011612,0.9801355600357056,0.03999999910593033,0.15000000596046448,0.5252525210380554,-0.033552415668964386,0.10740154981613159,0.0322100967168808,-0.1185443103313446,-0.042922161519527435,1.0,-1.2807279340922832
0.10000000149011612,0.1666666716337204,0.979583740234375,0.03999999910593033,0.20000000298023224,0.5252525210380554,-0.03469047322869301,0.1064736545085907,0.03125007823109627,-0.11562048643827438,-0.04158872738480568,1.0,-1.4987321458756924
0.13333334028720856,0.1666666716337204,0.979111909866333,0.03999999910593033,0.25,0.5252525210380554,-0.03524469956755638,0.10701213777065277,0.03473159298300743,-0.1137612909078598,-0.040020719170570374,1.0,-1.7807041369378567
0.1666666716337204,0.20000000298023224,0.9785601496696472,0.03999999910593033,0.30000001192092896,0.5252525210380554,-0.0363910049200058,0.10648246109485626,0.037769850343465805,-0.11110296845436096,-0.03937208652496338,1.0,-1.99873211607337
0.20000000298023224,0.20000000298023224,0.9780883193016052,0.03999999910593033,0.3499999940395355,0.5252525210380554,-0.03760312497615814,0.10744235664606094,0.041038721799850464,-0.10998435318470001,-0.03878140449523926,1.0,-2.2467125598341227
0.1666666716337204,0.23333333432674408,0.9776965379714966,0.05999999865889549,0.4000000059604645,0.5252525210380554,-0.03973031044006348,0.11017294228076935,0.039086658507585526,-0.10861465334892273,-0.03957264870405197,1.0,-2.560727858915925
0.20000000298023224,0.2666666805744171,0.977144718170166,0.05999999865889549,0.44999998807907104,0.5252525210380554,-0.04137862101197243,0.11074908822774887,0.041931480169296265,-0.10676045715808868,-0.03964795917272568,1.0,-2.776712529361248
0.1666666716337204,0.30000001192092896,0.9767529368400574,0.07999999821186066,0.5,0.5252525210380554,-0.042359258979558945,0.11437193304300308,0.03763219714164734,-0.10683493316173553,-0.043217189610004425,1.0,-3.0907279774546623
0.1666666716337204,0.36666667461395264,0.9762011170387268,0.07999999821186066,0.550000011920929,0.5252525210380554,-0.04226893186569214,0.11470766365528107,0.03529372438788414,-0.10662399232387543,-0.046803053468465805,1.0,-3.3707280419766903
0.20000000298023224,0.4000000059604645,0.9756492972373962,0.10000000149011612,0.6000000238418579,0.5252525210380554,-0.04257010668516159,0.11484454572200775,0.03594646230340004,-0.10593786090612411,-0.049204789102077484,1.0,-3.5267124101519585
0.20000000298023224,0.4000000059604645,0.9752575159072876,0.07999999821186066,0.6499999761581421,0.5252525210380554,-0.04398348927497864,0.1179899126291275,0.035968102514743805,-0.10650444030761719,-0.04844271019101143,1.0,-3.870727863162756
0.23333333432674408,0.4333333373069763,0.974705696105957,0.10000000149011612,0.699999988079071,0.5252525210380554,-0.044461436569690704,0.11799101531505585,0.036876097321510315,-0.10595741122961044,-0.051108598709106445,1.0,-4.058732144534588
0.2666666805744171,0.4333333373069763,0.974233865737915,0.07999999821186066,0.75,0.5252525210380554,-0.04587743058800697,0.11924096941947937,0.039271965622901917,-0.10624946653842926,-0.05012638121843338,1.0,-222.40199184417725
0.06666667014360428,0.0,0.9582288861274719,0.0,0.0,0.5555555820465088,-0.032253071665763855,0.1077941283583641,0.03059132769703865,-0.1236603632569313,-0.04133230447769165,1.0,-0.16592243127524853
0.06666667014360428,0.0,0.9578890800476074,0.019999999552965164,0.0,0.5555555820465088,-0.03187447786331177,0.10660652071237564,0.029970234259963036,-0.12367270141839981,-0.0418132059276104,1.0,-0.16589858941733837
0.06666667014360428,0.0,0.9575493335723877,0.019999999552965164,0.0,0.5555555820465088,-0.03188125789165497,0.10658986866474152,0.02996598184108734,-0.12367403507232666,-0.041801512241363525,1.0,-0.13390281610190868
0.03333333507180214,0.0,0.9572895765304565,0.019999999552965164,0.0,0.5555555820465088,-0.032617054879665375,0.10878602415323257,0.028200536966323853,-0.12492233514785767,-0.042475584894418716,1.0,-0.1678943634033203
0.06666667014360428,0.0,0.9568698406219482,0.0,0.0,0.5555555820465088,-0.03227118030190468,0.10773155093193054,0.030575618147850037,-0.12366992980241776,-0.04127303510904312,1.0,-0.19791820459067822
0.10000000149011612,0.0,0.9564500451087952,0.019999999552965164,0.0,0.5555555820465088,-0.031504638493061066,0.10482116043567657,0.031789496541023254,-0.1221465989947319,-0.04043794423341751,1.0,-0.22989013604819775
0.10000000149011612,0.06666667014360428,0.9559503197669983,0.019999999552965164,0.0,0.5555555820465088,-0.02994411811232567,0.10129614174365997,0.03153735399246216,-0.12066870182752609,-0.04211867228150368,1.0,-0.4459224343299866
0.06666667014360428,0.10000000149011612,0.9556105136871338,0.03999999910593033,0.05000000074505806,0.5555555820465088,-0.030528299510478973,0.10357663780450821,0.02943762019276619,-0.12060549855232239,-0.0429910272359848,1.0,-0.7278943695127964
0.10000000149011612,0.10000000149011612,0.9551907777786255,0.03999999910593033,0.10000000149011612,0.5555555820465088,-0.031815409660339355,0.10433581471443176,0.031270742416381836,-0.11911804974079132,-0.04132239893078804,1.0,-0.9799140077084303
0.10000000149011612,0.1666666716337204,0.9546909928321838,0.019999999552965164,0.15000000596046448,0.5555555820465088,-0.03331494703888893,0.10376111418008804,0.030533909797668457,-0.11708299815654755,-0.04010456055402756,1.0,-1.1958986036479473
0.10000000149011612,0.1666666716337204,0.9543512463569641,0.03999999910593033,0.20000000298023224,0.5555555820465088,-0.034330420196056366,0.10583872348070145,0.030833058059215546,-0.11604350805282593,-0.039565522223711014,1.0,-1.4139028154313564
0.06666667014360428,0.1666666716337204,0.954091489315033,0.03999999910593033,0.25,0.5555555820465088,-0.0361834391951561,0.11050593852996826,0.02921256609261036,-0.11612379550933838,-0.039095327258110046,1.0,-1.6639028750360012
0.03333333507180214,0.1666666716337204,0.9538317322731018,0.03999999910593033,0.30000001192092896,0.5555555820465088,-0.037725139409303665,0.11512522399425507,0.027636084705591202,-0.1162199079990387,-0.03884477913379669,1.0,-1.917918175458908
0.03333333507180214,0.20000000298023224,0.9534119367599487,0.0,0.3499999940395355,0.5555555820465088,-0.039211027324199677,0.11751213669776917,0.028462640941143036,-0.1152622178196907,-0.037023574113845825,1.0,-2.1678943932056427
0.06666667014360428,0.20000000298023224,0.9529922008514404,0.0,0.4000000059604645,0.5555555820465088,-0.040757376700639725,0.11815877258777618,0.031808219850063324,-0.11387499421834946,-0.03663671761751175,1.0,-2.4158985298126936
0.03333333507180214,0.23333333432674408,0.9526524543762207,0.019999999552965164,0.44999998807907104,0.5555555820465088,-0.04227437451481819,0.12049148231744766,0.02873634733259678,-0.11261403560638428,-0.03826427459716797,1.0,-2.6679182052612305
0.06666667014360428,0.23333333432674408,0.9522326588630676,0.0,0.5,0.5555555820465088,-0.04411349818110466,0.12153901159763336,0.03221462294459343,-0.11157678812742233,-0.03688766434788704,1.0,-2.915898649021983
0.06666667014360428,0.23333333432674408,0.9518929123878479,0.019999999552965164,0.550000011920929,0.5555555820465088,-0.04533764347434044,0.12414197623729706,0.03217557817697525,-0.11062094569206238,-0.03839016333222389,1.0,-3.165898708626628
0.06666667014360428,0.23333333432674408,0.9515531659126282,0.019999999552965164,0.6000000238418579,0.5555555820465088,-0.04614539444446564,0.12655943632125854,0.032348643988370895,-0.11080018430948257,-0.040079209953546524,1.0,-3.415898470208049
0.06666667014360428,0.23333333432674408,0.9512134194374084,0.019999999552965164,0.6499999761581421,0.5555555820465088,-0.046967245638370514,0.12887714803218842,0.032590918242931366,-0.11098778247833252,-0.04183691367506981,1.0,-171.0
0.06666667014360428,0.0,0.9809532165527344,0.0,0.0,0.5252525210380554,-0.0324239544570446,0.10767894983291626,0.031094223260879517,-0.12327775359153748,-0.04322338104248047,1.0,-0.24123886041343212
0.10000000149011612,0.0,0.9804251194000244,0.019999999552965164,0.0,0.5252525210380554,-0.03189249336719513,0.10500553250312805,0.03235805034637451,-0.12164035439491272,-0.04192740470170975,1.0,-0.2732346337288618
0.1666666716337204,0.0,0.9798170328140259,0.019999999552965164,0.0,0.5252525210380554,-0.031446561217308044,0.10214148461818695,0.0366041399538517,-0.11842631548643112,-0.03858637064695358,1.0,-0.23924308642745018
0.1666666716337204,0.0,0.9793689250946045,0.03999999910593033,0.0,0.5252525210380554,-0.03128104656934738,0.10125027596950531,0.03613653406500816,-0.1181519627571106,-0.038923949003219604,1.0,-0.3352542482316494
0.2666666805744171,0.0,0.9786807894706726,0.03999999910593033,0.0,0.5252525210380554,-0.030552610754966736,0.09611700475215912,0.042626842856407166,-0.11523127555847168,-0.03591451793909073,1.0,-0.3332346323877573
0.2666666805744171,0.06666667014360428,0.9780727028846741,0.05999999865889549,0.0,0.5252525210380554,-0.02813929319381714,0.09220273047685623,0.04257477819919586,-0.11337357759475708,-0.03902997821569443,1.0,-0.549243088811636
0.23333333432674408,0.10000000149011612,0.9776245951652527,0.07999999821186066,0.05000000074505806,0.5252525210380554,-0.028322666883468628,0.09457939118146896,0.040480125695466995,-0.11349920928478241,-0.04125222563743591,1.0,-0.7992430925369263
0.23333333432674408,0.10000000149011612,0.9771764874458313,0.07999999821186066,0.10000000149011612,0.5252525210380554,-0.02957269549369812,0.097179114818573,0.04078949987888336,-0.11341916024684906,-0.04078102111816406,1.0,-1.0812388882040977
0.20000000298023224,0.1666666716337204,0.9766483902931213,0.07999999821186066,0.15000000596046448,0.5252525210380554,-0.030831851065158844,0.09702860563993454,0.03778262436389923,-0.11259502917528152,-0.04175889119505882,1.0,-1.4252542667090893
0.30000001192092896,0.1666666716337204,0.9759602546691895,0.10000000149011612,0.20000000298023224,0.5252525210380554,-0.031646233052015305,0.0939328670501709,0.04548551142215729,-0.10965187847614288,-0.040716782212257385,1.0,-1.7052542455494404
0.4000000059604645,0.1666666716337204,0.9752721190452576,0.11999999731779099,0.25,0.5252525210380554,-0.03306577354669571,0.09112351387739182,0.05258315056562424,-0.1065153181552887,-0.03949381411075592,1.0,-1.9532346948981285
0.4333333373069763,0.20000000298023224,0.974664032459259,0.14000000059604645,0.30000001192092896,0.5252525210380554,-0.03476017713546753,0.08984968066215515,0.05656104534864426,-0.1040305644273758,-0.041142843663692474,1.0,-2.235254220664501
0.5333333611488342,0.20000000298023224,0.9739758968353271,0.14000000059604645,0.3499999940395355,0.5252525210380554,-0.03746144846081734,0.08673205226659775,0.06446130573749542,-0.10010068118572235,-0.0402652844786644,1.0,-2.3592431135475636
0.5,0.23333333432674408,0.9735277891159058,0.11999999731779099,0.4000000059604645,0.5252525210380554,-0.03810426592826843,0.09104789793491364,0.06440125405788422,-0.10095756500959396,-0.0412764698266983,1.0,-2.579243030399084
0.46666666865348816,0.2666666805744171,0.9730796813964844,0.10000000149011612,0.44999998807907104,0.5252525210380554,-0.03890279307961464,0.09533031284809113,0.062319740653038025,-0.10257750004529953,-0.04289709031581879,1.0,-2.859243083745241
0.46666666865348816,0.2666666805744171,0.972631573677063,0.11999999731779099,0.5,0.5252525210380554,-0.0397452712059021,0.09792397916316986,0.062184639275074005,-0.1026945412158966,-0.04475775733590126,1.0,-3.2032346948981285
0.5333333611488342,0.2666666805744171,0.9720234870910645,0.14000000059604645,0.550000011920929,0.5252525210380554,-0.040231749415397644,0.09909162670373917,0.06882613152265549,-0.10079752653837204,-0.044758208096027374,1.0,-3.451238974928856
0.5333333611488342,0.30000001192092896,0.9714953899383545,0.1599999964237213,0.6000000238418579,0.5252525210380554,-0.04024338722229004,0.10100533068180084,0.0671490728855133,-0.10059194266796112,-0.048458896577358246,1.0,-3.6372471898794174
0.5,0.30000001192092896,0.9711272716522217,0.1599999964237213,0.6499999761581421,0.5252525210380554,-0.04163220524787903,0.1056022197008133,0.06333711743354797,-0.10212735831737518,-0.04945460706949234,1.0,-3.949243038892746
0.5,0.30000001192092896,0.9706791639328003,0.18000000715255737,0.699999988079071,0.5252525210380554,-0.04227760434150696,0.10940015316009521,0.06256672739982605,-0.10169772058725357,-0.050815556198358536,1.0,-141.0
0.03333333507180214,0.03333333507180214,0.9801011681556702,0.0,0.0,0.5252525210380554,-0.03249775990843773,0.10819292068481445,0.029163895174860954,-0.12361161410808563,-0.04472394287586212,1.0,-0.4469575919210911
0.06666667014360428,0.03333333507180214,0.9796087741851807,0.0,0.05000000074505806,0.5252525210380554,-0.03240656852722168,0.10953576117753983,0.03179195523262024,-0.1219351589679718,-0.04311653599143028,1.0,-0.7269814368337393
0.10000000149011612,0.03333333507180214,0.9791163206100464,0.019999999552965164,0.10000000149011612,0.5252525210380554,-0.032977037131786346,0.10961125791072845,0.03341176360845566,-0.12049340456724167,-0.042189642786979675,1.0,-0.9769576173275709
0.13333334028720856,0.03333333507180214,0.9786239266395569,0.019999999552965164,0.15000000596046448,0.5252525210380554,-0.033736683428287506,0.11129819601774216,0.0363735593855381,-0.11891971528530121,-0.04049774259328842,1.0,-1.2569576017558575
0.13333334028720856,0.06666667014360428,0.9781315326690674,0.03999999910593033,0.20000000298023224,0.5252525210380554,-0.0349510982632637,0.10988736152648926,0.03573199734091759,-0.11759482324123383,-0.04046999290585518,1.0,-1.4749618135392666
0.13333334028720856,0.06666667014360428,0.9777191281318665,0.03999999910593033,0.25,0.5252525210380554,-0.03611627221107483,0.11241531372070312,0.03632766008377075,-0.11676289141178131,-0.039203815162181854,1.0,-1.786981487646699
0.1666666716337204,0.06666667014360428,0.9772266745567322,0.05999999865889549,0.30000001192092896,0.5252525210380554,-0.036612626165151596,0.11271607875823975,0.03913439065217972,-0.11496816575527191,-0.03839336708188057,1.0,-2.004961783066392
0.1666666716337204,0.06666667014360428,0.9768142700195312,0.05999999865889549,0.3499999940395355,0.5252525210380554,-0.03808368369936943,0.11555221676826477,0.040214043110609055,-0.1145065501332283,-0.03796916455030441,1.0,-2.318953389301896
0.1666666716337204,0.13333334028720856,0.9762418866157532,0.05999999865889549,0.4000000059604645,0.5252525210380554,-0.0394754558801651,0.11461474746465683,0.039943039417266846,-0.11206595599651337,-0.03921521455049515,1.0,-2.5049617532640696
0.1666666716337204,0.13333334028720856,0.9758294820785522,0.05999999865889549,0.44999998807907104,0.5252525210380554,-0.04129984229803085,0.11782634258270264,0.0402262844145298,-0.11138589680194855,-0.03906267136335373,1.0,-2.784961812198162
0.1666666716337204,0.13333334028720856,0.9754170775413513,0.07999999821186066,0.5,0.5252525210380554,-0.043160535395145416,0.12077466398477554,0.04016329348087311,-0.11011016368865967,-0.0398159958422184,1.0,-3.0669814869761467
0.20000000298023224,0.13333334028720856,0.974924623966217,0.07999999821186066,0.550000011920929,0.5252525210380554,-0.04475428909063339,0.12173262238502502,0.0431332141160965,-0.1090998575091362,-0.039650045335292816,1.0,-3.252966158092022
0.1666666716337204,0.13333334028720856,0.9745922088623047,0.07999999821186066,0.6000000238418579,0.5252525210380554,-0.04693344235420227,0.1264943778514862,0.04090245068073273,-0.10903270542621613,-0.03991009294986725,1.0,-3.5349616929888725
0.13333334028720856,0.1666666716337204,0.9741798043251038,0.07999999821186066,0.6499999761581421,0.5252525210380554,-0.0478052981197834,0.12929223477840424,0.03741314262151718,-0.10926878452301025,-0.042105577886104584,1.0,-3.816957525908947
0.1666666716337204,0.1666666716337204,0.9736874103546143,0.07999999821186066,0.699999988079071,0.5252525210380554,-0.04875079169869423,0.13069680333137512,0.0396883524954319,-0.10905028879642487,-0.04263649880886078,1.0,-4.066957585513592
0.20000000298023224,0.1666666716337204,0.9731950163841248,0.07999999821186066,0.75,0.5252525210380554,-0.049655731767416,0.13211186230182648,0.04196738824248314,-0.10903586447238922,-0.04283570870757103,1.0,-4.34698149189353
0.20000000298023224,0.20000000298023224,0.9727025628089905,0.10000000149011612,0.800000011920929,0.5252525210380554,-0.05035106837749481,0.13346120715141296,0.0404265895485878,-0.1087019145488739,-0.045166440308094025,1.0,-4.600949252024293
0.20000000298023224,0.30000001192092896,0.9720501899719238,0.05999999865889549,0.8500000238418579,0.5252525210380554,-0.050647273659706116,0.13271352648735046,0.03790084272623062,-0.1088629961013794,-0.04651806876063347,1.0,-4.848977081477642
0.23333333432674408,0.3333333432674408,0.971477746963501,0.07999999821186066,0.8999999761581421,0.5252525210380554,-0.05089566856622696,0.13301634788513184,0.03857971727848053,-0.10830546170473099,-0.04876064136624336,1.0,-5.066957525908947
0.2666666805744171,0.3333333432674408,0.9709853529930115,0.07999999821186066,0.949999988079071,0.5252525210380554,-0.05163855850696564,0.13451898097991943,0.04086998105049133,-0.1083948090672493,-0.04877723753452301,1.0,-344.8314561843872
0.10000000149011612,0.0,0.9564067125320435,0.0,0.0,0.5555555820465088,-0.031716760247945786,0.10578960180282593,0.032473474740982056,-0.12217077612876892,-0.040136996656656265,1.0,-0.19026496820151806
0.06666667014360428,0.0,0.9560060501098633,0.019999999552965164,0.0,0.5555555820465088,-0.03191201016306877,0.10651423037052155,0.029946671798825264,-0.12368011474609375,-0.04174844175577164,1.0,-0.2843041978776455
0.10000000149011612,0.0,0.9554452896118164,0.03999999910593033,0.0,0.5555555820465088,-0.03129718825221062,0.10356491804122925,0.031031534075737,-0.12209276109933853,-0.04084712266921997,1.0,-0.2542803566902876
0.10000000149011612,0.03333333507180214,0.9548845887184143,0.019999999552965164,0.0,0.5555555820465088,-0.03075375407934189,0.10291624069213867,0.03158620744943619,-0.121344655752182,-0.04132811725139618,1.0,-0.5342803597450256
0.10000000149011612,0.06666667014360428,0.9543238878250122,0.03999999910593033,0.05000000074505806,0.5555555820465088,-0.030462190508842468,0.10380388051271439,0.03154727816581726,-0.1200028657913208,-0.04159539192914963,1.0,-0.7522845901548862
0.06666667014360428,0.10000000149011612,0.9538431763648987,0.03999999910593033,0.10000000149011612,0.5555555820465088,-0.03206586837768555,0.10600052773952484,0.029401196166872978,-0.12016266584396362,-0.042102470993995667,1.0,-1.0663000009953976
0.06666667014360428,0.1666666716337204,0.9532024264335632,0.03999999910593033,0.15000000596046448,0.5555555820465088,-0.03335576131939888,0.10484707355499268,0.0276021845638752,-0.11770530045032501,-0.041103992611169815,1.0,-1.2542803715914488
0.06666667014360428,0.20000000298023224,0.9526417255401611,0.019999999552965164,0.20000000298023224,0.5555555820465088,-0.03480541706085205,0.10634148120880127,0.02837185747921467,-0.1160685122013092,-0.03964598476886749,1.0,-1.472284583374858
0.06666667014360428,0.20000000298023224,0.9521610140800476,0.019999999552965164,0.25,0.5555555820465088,-0.03626634553074837,0.10930633544921875,0.029278036206960678,-0.11520807445049286,-0.03848264738917351,1.0,-1.7222846429795027
0.06666667014360428,0.20000000298023224,0.9516803026199341,0.019999999552965164,0.30000001192092896,0.5555555820465088,-0.037332598119974136,0.11207513511180878,0.03012271784245968,-0.11435104161500931,-0.03744664788246155,1.0,-1.9722845535725355
0.06666667014360428,0.20000000298023224,0.9511995911598206,0.019999999552965164,0.3499999940395355,0.5555555820465088,-0.03878137469291687,0.11493724584579468,0.03072141855955124,-0.1138455867767334,-0.037117376923561096,1.0,-2.25428038649261
0.06666667014360428,0.23333333432674408,0.9506388902664185,0.019999999552965164,0.4000000059604645,0.5555555820465088,-0.04069230332970619,0.11607914417982101,0.031009450554847717,-0.11253727227449417,-0.03748897835612297,1.0,-2.504304138943553
0.06666667014360428,0.2666666805744171,0.9500781297683716,0.019999999552965164,0.44999998807907104,0.5555555820465088,-0.042468197643756866,0.11714033782482147,0.031006231904029846,-0.11098095029592514,-0.03770009055733681,1.0,-2.818271903321147
0.1666666716337204,0.2666666805744171,0.9493574500083923,0.019999999552965164,0.5,0.5555555820465088,-0.0433214008808136,0.11537483334541321,0.03940685838460922,-0.10842415690422058,-0.03778744488954544,1.0,-2.940288869664073
0.13333334028720856,0.2666666805744171,0.9489567279815674,0.019999999552965164,0.550000011920929,0.5555555820465088,-0.04464251548051834,0.11993950605392456,0.03626982122659683,-0.10899628698825836,-0.038714341819286346,1.0,-3.252284701913595
0.10000000149011612,0.30000001192092896,0.9484760165214539,0.03999999910593033,0.6000000238418579,0.5555555820465088,-0.045071184635162354,0.1229361966252327,0.03140021860599518,-0.10934531688690186,-0.042260393500328064,1.0,-3.5962998513132334
0.13333334028720856,0.3333333432674408,0.9478352665901184,0.05999999865889549,0.6499999761581421,0.5555555820465088,-0.0452551506459713,0.12303468585014343,0.032133929431438446,-0.10841145366430283,-0.04526853561401367,1.0,-3.8122845217585564
0.13333334028720856,0.3333333432674408,0.9473545551300049,0.07999999821186066,0.699999988079071,0.5555555820465088,-0.046264536678791046,0.12586678564548492,0.03128756582736969,-0.10839121043682098,-0.047192756086587906,1.0,-4.002284582704306
0.13333334028720856,0.3333333432674408,0.9468738436698914,0.03999999910593033,0.75,0.5555555820465088,-0.04787730425596237,0.1285266876220703,0.03270771726965904,-0.10921284556388855,-0.045990411192178726,1.0,-4.314280414953828
0.1666666716337204,0.3333333432674408,0.9463131427764893,0.05999999865889549,0.800000011920929,0.5555555820465088,-0.04866499453783035,0.12970563769340515,0.03420975059270859,-0.1090308278799057,-0.04721755534410477,1.0,-171.0
0.03333333507180214,0.03333333507180214,0.9562914371490479,0.0,0.0,0.5555555820465088,-0.032246656715869904,0.1078556478023529,0.0285673588514328,-0.12432289868593216,-0.0431157648563385,1.0,-0.4589262045919895
0.06666667014360428,0.06666667014360428,0.9557691216468811,0.0,0.05000000074505806,0.5555555820465088,-0.03143935650587082,0.1081022396683693,0.03126068413257599,-0.12144149094820023,-0.041916556656360626,1.0,-0.674910819157958
0.06666667014360428,0.06666667014360428,0.9554068446159363,0.019999999552965164,0.10000000149011612,0.5555555820465088,-0.032667793333530426,0.10931909829378128,0.030524693429470062,-0.12125436961650848,-0.04154166579246521,1.0,-0.9249108415096998
0.06666667014360428,0.06666667014360428,0.9550445675849915,0.019999999552965164,0.15000000596046448,0.5555555820465088,-0.034389883279800415,0.11131910979747772,0.03049524500966072,-0.12117809057235718,-0.040956221520900726,1.0,-1.2709219884127378
0.13333334028720856,0.10000000149011612,0.9544422626495361,0.019999999552965164,0.20000000298023224,0.5555555820465088,-0.0350932814180851,0.10844957828521729,0.03484922647476196,-0.11691240966320038,-0.03763522952795029,1.0,-1.4249346535652876
0.10000000149011612,0.13333334028720856,0.9540799260139465,0.019999999552965164,0.25,0.5555555820465088,-0.0363156720995903,0.1109042763710022,0.03280462324619293,-0.11637093126773834,-0.037768468260765076,1.0,-1.70491087064147
0.10000000149011612,0.13333334028720856,0.9537176489830017,0.03999999910593033,0.30000001192092896,0.5555555820465088,-0.03700880706310272,0.1127510517835617,0.03319942578673363,-0.11537056416273117,-0.03750351816415787,1.0,-1.9849107805639505
0.06666667014360428,0.1666666716337204,0.9533553719520569,0.05999999865889549,0.3499999940395355,0.5555555820465088,-0.03878946602344513,0.11537201702594757,0.03040529042482376,-0.11412262171506882,-0.038499198853969574,1.0,-2.172915067523718
0.03333333507180214,0.1666666716337204,0.9530730843544006,0.03999999910593033,0.4000000059604645,0.5555555820465088,-0.0403166264295578,0.12057557702064514,0.028735101222991943,-0.11477775871753693,-0.039158351719379425,1.0,-2.394934594631195
0.0,0.20000000298023224,0.952710747718811,0.0,0.44999998807907104,0.5555555820465088,-0.04172128438949585,0.12341843545436859,0.02739197202026844,-0.11503538489341736,-0.03890344500541687,1.0,-2.596011161804199
0.10000000149011612,0.20000000298023224,0.9524707198143005,0.0,0.5,0.5555555820465088,-0.0440717488527298,0.12134380638599396,0.035278208553791046,-0.11189638823270798,-0.03648517280817032,1.0,-2.9889024179428816
0.1666666716337204,0.20000000298023224,0.9519484639167786,0.019999999552965164,0.550000011920929,0.5555555820465088,-0.04536055028438568,0.12063956260681152,0.040292248129844666,-0.10956702381372452,-0.037223510444164276,1.0,-3.2369305454194546
0.1666666716337204,0.23333333432674408,0.9515061378479004,0.03999999910593033,0.6000000238418579,0.5555555820465088,-0.045681945979595184,0.12263403832912445,0.03833240270614624,-0.10869576036930084,-0.03967217355966568,1.0,-3.4869064651429653
0.20000000298023224,0.23333333432674408,0.951063871383667,0.03999999910593033,0.6499999761581421,0.5555555820465088,-0.046623192727565765,0.12406086921691895,0.04030865803360939,-0.10841691493988037,-0.04036342352628708,1.0,-3.7349345926195383
0.20000000298023224,0.23333333432674408,0.9507015347480774,0.05999999865889549,0.699999988079071,0.5555555820465088,-0.047667644917964935,0.1270405352115631,0.0392308235168457,-0.10826444625854492,-0.04205477237701416,1.0,-4.04690658301115
0.23333333432674408,0.23333333432674408,0.950259268283844,0.07999999821186066,0.75,0.5555555820465088,-0.0484108030796051,0.12838959693908691,0.0407811738550663,-0.10802055150270462,-0.04329158738255501,1.0,-4.264934711158276
0.23333333432674408,0.23333333432674408,0.9498969316482544,0.07999999821186066,0.800000011920929,0.5555555820465088,-0.04952731728553772,0.13084033131599426,0.040979448705911636,-0.10860131680965424,-0.044134676456451416,1.0,-4.51491092890501
0.20000000298023224,0.2666666805744171,0.9495346546173096,0.07999999821186066,0.8500000238418579,0.5555555820465088,-0.05047588795423508,0.13307109475135803,0.03779376670718193,-0.10936354845762253,-0.04683038219809532,1.0,-4.826906468719244
0.20000000298023224,0.30000001192092896,0.9490923881530762,0.10000000149011612,0.8999999761581421,0.5555555820465088,-0.05090951547026634,0.13437390327453613,0.036413826048374176,-0.10935363918542862,-0.04981733113527298,1.0,-5.012914981693029
0.1666666716337204,0.30000001192092896,0.9488101005554199,0.10000000149011612,0.949999988079071,0.5555555820465088,-0.05182693153619766,0.13789726793766022,0.03572174534201622,-0.11052051186561584,-0.053387440741062164,1.0,-150.0
0.06666667014360428,0.03333333507180214,0.9854652881622314,0.0,0.0,0.5151515007019043,-0.03190087527036667,0.10593654215335846,0.03106120228767395,-0.12237466871738434,-0.04445423185825348,1.0,-0.5247605163604021
0.06666667014360428,0.03333333507180214,0.9848533868789673,0.019999999552965164,0.05000000074505806,0.5151515007019043,-0.032426100224256516,0.10833720862865448,0.03131384402513504,-0.12178366631269455,-0.044112540781497955,1.0,-0.8067324515432119
0.06666667014360428,0.06666667014360428,0.9841615557670593,0.019999999552965164,0.10000000149011612,0.5151515007019043,-0.03314133733510971,0.1100912019610405,0.03152051940560341,-0.12083008140325546,-0.0444234162569046,1.0,-1.0567563157528639
0.06666667014360428,0.10000000149011612,0.9834696650505066,0.019999999552965164,0.15000000596046448,0.5151515007019043,-0.03456956893205643,0.11007220298051834,0.0304049551486969,-0.11961612850427628,-0.04348187893629074,1.0,-1.3067324589937925
0.10000000149011612,0.10000000149011612,0.9827778339385986,0.019999999552965164,0.20000000298023224,0.5151515007019043,-0.03553474321961403,0.11030366271734238,0.03312237560749054,-0.11795766651630402,-0.04167371243238449,1.0,-1.5567562859505415
0.13333334028720856,0.10000000149011612,0.9820859432220459,0.019999999552965164,0.25,0.5151515007019043,-0.036294836550951004,0.11111822724342346,0.0363239161670208,-0.1159399077296257,-0.0396244116127491,1.0,-1.8687282763421535
0.20000000298023224,0.10000000149011612,0.9813141226768494,0.03999999910593033,0.30000001192092896,0.5151515007019043,-0.03653895482420921,0.10975027084350586,0.041474804282188416,-0.11334720253944397,-0.03819429874420166,1.0,-2.054736640304327
0.20000000298023224,0.10000000149011612,0.98070228099823,0.03999999910593033,0.3499999940395355,0.5151515007019043,-0.03801007568836212,0.11259784549474716,0.04253730922937393,-0.11288265883922577,-0.03776438534259796,1.0,-2.3027647677809
0.1666666716337204,0.10000000149011612,0.9801703691482544,0.05999999865889549,0.4000000059604645,0.5151515007019043,-0.03944091498851776,0.1163736879825592,0.04074050113558769,-0.11311359703540802,-0.03917829692363739,1.0,-2.616732383146882
0.1666666716337204,0.13333334028720856,0.9794785380363464,0.05999999865889549,0.44999998807907104,0.5151515007019043,-0.0412166565656662,0.11787577718496323,0.04049485921859741,-0.11135916411876678,-0.03953862562775612,1.0,-2.864736668765545
0.1666666716337204,0.13333334028720856,0.978866696357727,0.07999999821186066,0.5,0.5151515007019043,-0.0430748425424099,0.12081464380025864,0.04043493792414665,-0.11008307337760925,-0.040292300283908844,1.0,-3.112740959972143
0.13333334028720856,0.13333334028720856,0.9783348441123962,0.10000000149011612,0.550000011920929,0.5151515007019043,-0.045345306396484375,0.12568798661231995,0.03788682818412781,-0.10928168147802353,-0.041316330432891846,1.0,-3.394760634750128
0.13333334028720856,0.13333334028720856,0.9777229428291321,0.10000000149011612,0.6000000238418579,0.5151515007019043,-0.04707372933626175,0.1281992495059967,0.03835521638393402,-0.10889071226119995,-0.04150637611746788,1.0,-3.5827407762408257
0.10000000149011612,0.13333334028720856,0.9771910905838013,0.07999999821186066,0.6499999761581421,0.5151515007019043,-0.048517800867557526,0.13179731369018555,0.0369403250515461,-0.11018511652946472,-0.04224250838160515,1.0,-3.8327408358454704
0.06666667014360428,0.13333334028720856,0.9766592383384705,0.07999999821186066,0.699999988079071,0.5151515007019043,-0.04912165552377701,0.13507579267024994,0.03532995283603668,-0.11119025200605392,-0.04502999782562256,1.0,-4.116732442751527
0.10000000149011612,0.13333334028720856,0.9759674072265625,0.05999999865889549,0.75,0.5151515007019043,-0.04998772218823433,0.13640105724334717,0.037649303674697876,-0.11181880533695221,-0.044794049113988876,1.0,-4.338752118870616
0.1666666716337204,0.13333334028720856,0.9751955270767212,0.019999999552965164,0.800000011920929,0.5151515007019043,-0.05076642334461212,0.13743364810943604,0.042217083275318146,-0.11253339052200317,-0.04267110675573349,1.0,-4.586732562631369
0.1666666716337204,0.1666666716337204,0.9745036959648132,0.03999999910593033,0.8500000238418579,0.5151515007019043,-0.05160146579146385,0.13851803541183472,0.041155703365802765,-0.11188917607069016,-0.044695477932691574,1.0,-4.8367561660707
0.20000000298023224,0.1666666716337204,0.9738118052482605,0.03999999910593033,0.8999999761581421,0.5151515007019043,-0.052090227603912354,0.14035898447036743,0.04356042295694351,-0.11211881786584854,-0.04487506300210953,1.0,-5.148728156462312
0.2666666805744171,0.1666666716337204,0.973039984703064,0.05999999865889549,0.949999988079071,0.5151515007019043,-0.05141757056117058,0.14252859354019165,0.048680081963539124,-0.11137373000383377,-0.0444837287068367,1.0,-177.0
0.06666667014360428,0.06666667014360428,0.9767188429832458,0.0,0.0,0.5252525210380554,-0.031120721250772476,0.10440638661384583,0.030863270163536072,-0.1215193122625351,-0.0443347804248333,1.0,-0.5811703521758318
0.1666666716337204,0.06666667014360428,0.9759659171104431,0.019999999552965164,0.05000000074505806,0.5252525210380554,-0.030534952878952026,0.1014772281050682,0.03698362410068512,-0.11695624887943268,-0.041192881762981415,1.0,-0.7672026511281729
0.20000000298023224,0.06666667014360428,0.9753729104995728,0.019999999552965164,0.10000000149011612,0.5252525210380554,-0.030823521316051483,0.10286416113376617,0.03982158377766609,-0.11618240922689438,-0.04034522920846939,1.0,-1.0151830576360226
0.1666666716337204,0.10000000149011612,0.9748599529266357,0.03999999910593033,0.15000000596046448,0.5252525210380554,-0.03235488012433052,0.10382886230945587,0.03734192997217178,-0.11569724231958389,-0.0411088764667511,1.0,-1.3591745886951685
0.20000000298023224,0.13333334028720856,0.9741870164871216,0.05999999865889549,0.20000000298023224,0.5252525210380554,-0.03295215964317322,0.10174545645713806,0.03905417397618294,-0.11334185302257538,-0.039868928492069244,1.0,-1.5751830264925957
0.20000000298023224,0.13333334028720856,0.9736740589141846,0.07999999821186066,0.25,0.5252525210380554,-0.03418811038136482,0.1038113683462143,0.039269380271434784,-0.11255579441785812,-0.04051276296377182,1.0,-1.7931634709239006
0.1666666716337204,0.13333334028720856,0.9732411503791809,0.07999999821186066,0.30000001192092896,0.5252525210380554,-0.035979777574539185,0.10829441994428635,0.03787399083375931,-0.11283570528030396,-0.04067058488726616,1.0,-2.169198390096426
0.20000000298023224,0.1666666716337204,0.972568154335022,0.10000000149011612,0.3499999940395355,0.5252525210380554,-0.03704028204083443,0.10737834870815277,0.040442608296871185,-0.10994960367679596,-0.04090061038732529,1.0,-2.3571788296103477
0.23333333432674408,0.1666666716337204,0.9719752073287964,0.07999999821186066,0.4000000059604645,0.5252525210380554,-0.038410261273384094,0.1087552085518837,0.04407541826367378,-0.10926254838705063,-0.03957069292664528,1.0,-2.605182971805334
0.23333333432674408,0.1666666716337204,0.9714622497558594,0.10000000149011612,0.44999998807907104,0.5252525210380554,-0.04006136581301689,0.11182943731546402,0.04419068992137909,-0.10801403224468231,-0.03999113291501999,1.0,-2.9191745780408382
0.2666666805744171,0.20000000298023224,0.9707893133163452,0.10000000149011612,0.5,0.5252525210380554,-0.04162856191396713,0.11202311515808105,0.04666486382484436,-0.10602471232414246,-0.04056939482688904,1.0,-3.1391746327281
0.30000001192092896,0.23333333432674408,0.970116376876831,0.07999999821186066,0.550000011920929,0.5252525210380554,-0.042709581553936005,0.11271078884601593,0.048606932163238525,-0.10571832954883575,-0.041353341192007065,1.0,-3.3231873773038387
0.2666666805744171,0.23333333432674408,0.9696834087371826,0.10000000149011612,0.6000000238418579,0.5252525210380554,-0.04431699216365814,0.11769954115152359,0.045073769986629486,-0.10602765530347824,-0.04331846162676811,1.0,-3.6691744588315487
0.30000001192092896,0.2666666805744171,0.9690104722976685,0.10000000149011612,0.6499999761581421,0.5252525210380554,-0.04498647153377533,0.11805585771799088,0.04626858979463577,-0.10579488426446915,-0.04469217732548714,1.0,-3.8531871922314167
0.2666666805744171,0.2666666805744171,0.96857750415802,0.11999999731779099,0.699999988079071,0.5252525210380554,-0.04643576219677925,0.12252932786941528,0.04264240711927414,-0.10619868338108063,-0.04617411270737648,1.0,-4.135183025151491
0.2666666805744171,0.2666666805744171,0.968064546585083,0.11999999731779099,0.75,0.5252525210380554,-0.0476987324655056,0.12556108832359314,0.042062342166900635,-0.10651392489671707,-0.04641363024711609,1.0,-4.385183084756136
0.2666666805744171,0.2666666805744171,0.967551589012146,0.11999999731779099,0.800000011920929,0.5252525210380554,-0.04890149086713791,0.12856954336166382,0.04153474047780037,-0.10687098652124405,-0.04673448204994202,1.0,-4.697178922593594
0.30000001192092896,0.2666666805744171,0.9669586420059204,0.14000000059604645,0.8500000238418579,0.5252525210380554,-0.04908324033021927,0.1305254101753235,0.043707720935344696,-0.10664734244346619,-0.047790493816137314,1.0,-4.883187137544155
0.2666666805744171,0.2666666805744171,0.966525673866272,0.14000000059604645,0.8999999761581421,0.5252525210380554,-0.050578340888023376,0.13380181789398193,0.04166658967733383,-0.10771594941616058,-0.049533724784851074,1.0,-5.195182964205742
0.2666666805744171,0.2666666805744171,0.966012716293335,0.1599999964237213,0.949999988079071,0.5252525210380554,-0.05111811310052872,0.1364891529083252,0.041790787130594254,-0.10804340243339539,-0.05146784335374832,1.0,-237.0
0.03333333507180214,0.03333333507180214,0.9762181043624878,0.0,0.0,0.5252525210380554,-0.032523781061172485,0.10797004401683807,0.02911916933953762,-0.12368717789649963,-0.04461636766791344,1.0,-0.4001798667013645
0.06666667014360428,0.03333333507180214,0.9758426547050476,0.0,0.05000000074505806,0.5252525210380554,-0.03246604651212692,0.10937317460775375,0.03176464885473251,-0.12195149809122086,-0.042970940470695496,1.0,-0.6481602545827627
0.03333333507180214,0.06666667014360428,0.9755472540855408,0.019999999552965164,0.10000000149011612,0.5252525210380554,-0.03357082977890968,0.11215179413557053,0.029152976348996162,-0.12191475927829742,-0.044261328876018524,1.0,-0.8681841194629669
0.03333333507180214,0.06666667014360428,0.9752517938613892,0.0,0.15000000596046448,0.5252525210380554,-0.035622477531433105,0.11468537151813507,0.029443390667438507,-0.1219431534409523,-0.04267468303442001,1.0,-1.1181602627038956
0.03333333507180214,0.06666667014360428,0.9749563932418823,0.0,0.20000000298023224,0.5252525210380554,-0.037010613828897476,0.11665263026952744,0.02937145344913006,-0.12154684960842133,-0.04162385314702988,1.0,-1.4001798629760742
0.03333333507180214,0.10000000149011612,0.9745809435844421,0.0,0.25,0.5252525210380554,-0.03805730864405632,0.11712547391653061,0.029307305812835693,-0.11967400461435318,-0.04086232930421829,1.0,-1.6181603074073792
0.03333333507180214,0.10000000149011612,0.9742855429649353,0.0,0.30000001192092896,0.5252525210380554,-0.0390564501285553,0.11977652460336685,0.030310753732919693,-0.11884026229381561,-0.03980359435081482,1.0,-1.9321756064891815
0.10000000149011612,0.10000000149011612,0.9738301038742065,0.0,0.3499999940395355,0.5252525210380554,-0.03949037194252014,0.11899761855602264,0.03615338355302811,-0.1158837378025055,-0.03685421496629715,1.0,-2.1801798921078444
0.10000000149011612,0.13333334028720856,0.9734546542167664,0.019999999552965164,0.4000000059604645,0.5252525210380554,-0.04054846987128258,0.11922793835401535,0.03558656573295593,-0.11418765783309937,-0.03828265517950058,1.0,-2.460155960172415
0.13333334028720856,0.13333334028720856,0.973079264163971,0.03999999910593033,0.44999998807907104,0.5252525210380554,-0.04193205386400223,0.11987009644508362,0.038202136754989624,-0.112557053565979,-0.03866816684603691,1.0,-2.67818408831954
0.13333334028720856,0.13333334028720856,0.9727838039398193,0.03999999910593033,0.5,0.5252525210380554,-0.04371797293424606,0.12282488495111465,0.03850679099559784,-0.11198984086513519,-0.03869044408202171,1.0,-2.9601560793817043
0.1666666716337204,0.13333334028720856,0.9724084138870239,0.03999999910593033,0.550000011920929,0.5252525210380554,-0.04518971964716911,0.12362497299909592,0.04142806679010391,-0.11095015704631805,-0.03841887786984444,1.0,-3.3041953686624765
0.23333333432674408,0.1666666716337204,0.9718729257583618,0.05999999865889549,0.6000000238418579,0.5252525210380554,-0.046065375208854675,0.12177921831607819,0.045610006898641586,-0.10816963016986847,-0.039927318692207336,1.0,-3.4261643532663584
0.20000000298023224,0.1666666716337204,0.9716575145721436,0.05999999865889549,0.6499999761581421,0.5252525210380554,-0.047504451125860214,0.12651728093624115,0.04258760064840317,-0.10867471247911453,-0.0404340922832489,1.0,-3.676164412871003
0.1666666716337204,0.1666666716337204,0.9714421033859253,0.05999999865889549,0.699999988079071,0.5252525210380554,-0.048815369606018066,0.13067537546157837,0.040207698941230774,-0.10950445383787155,-0.04174935817718506,1.0,-4.052175633609295
0.20000000298023224,0.20000000298023224,0.9709866642951965,0.07999999821186066,0.75,0.5252525210380554,-0.04934615641832352,0.1309937834739685,0.04081004858016968,-0.10847650468349457,-0.043359026312828064,1.0,-4.23816030472517
0.20000000298023224,0.20000000298023224,0.9706912636756897,0.07999999821186066,0.800000011920929,0.5252525210380554,-0.05047489330172539,0.13344576954841614,0.041048333048820496,-0.10902910679578781,-0.04415902495384216,1.0,-4.518184211105108
0.20000000298023224,0.20000000298023224,0.9703958034515381,0.10000000149011612,0.8500000238418579,0.5252525210380554,-0.05144865810871124,0.13577061891555786,0.04068315774202347,-0.10929954051971436,-0.04606254771351814,1.0,-4.830179739743471
0.23333333432674408,0.20000000298023224,0.9700203537940979,0.11999999731779099,0.8999999761581421,0.5252525210380554,-0.051623716950416565,0.13760170340538025,0.04303231090307236,-0.10912070423364639,-0.04716184362769127,1.0,-5.05215173214674
0.30000001192092896,0.20000000298023224,0.9695649743080139,0.07999999821186066,0.949999988079071,0.5252525210380554,-0.050640616565942764,0.14033296704292297,0.04982299730181694,-0.10974793136119843,-0.04447668790817261,1.0,-186.0
0.03333333507180214,0.0,0.9762499928474426,0.0,0.0,0.5252525210380554,-0.03319879621267319,0.10974098742008209,0.029339492321014404,-0.12468484789133072,-0.04383579641580582,1.0,-0.08389949798583984
0.0,0.0,0.976040244102478,0.0,0.0,0.5252525210380554,-0.0341205820441246,0.11204542219638824,0.02754013054072857,-0.12572592496871948,-0.044315360486507416,1.0,-0.032019615173339844
0.03333333507180214,0.0,0.9759601950645447,0.0,0.0,0.5252525210380554,-0.033200278878211975,0.10972489416599274,0.02933661825954914,-0.12469050288200378,-0.04382729530334473,1.0,-0.17991065979003906
0.06666667014360428,0.03333333507180214,0.9755104184150696,0.0,0.0,0.5252525210380554,-0.03186678886413574,0.10583129525184631,0.03090096265077591,-0.12250712513923645,-0.04378047212958336,1.0,-0.36392334289848804
0.03333333507180214,0.03333333507180214,0.9753006100654602,0.019999999552965164,0.05000000074505806,0.5252525210380554,-0.03305540606379509,0.11038138717412949,0.029267054051160812,-0.12307752668857574,-0.044225938618183136,1.0,-0.6158952787518501
0.0,0.06666667014360428,0.975010871887207,0.0,0.10000000149011612,0.5252525210380554,-0.034312404692173004,0.11517312377691269,0.02764379046857357,-0.12291328608989716,-0.04424598067998886,1.0,-0.8140154182910919
0.03333333507180214,0.10000000149011612,0.9748508334159851,0.0,0.15000000596046448,0.5252525210380554,-0.03575524315237999,0.11312462389469147,0.02844719961285591,-0.12081660330295563,-0.042214229702949524,1.0,-1.0839233547449112
0.0,0.10000000149011612,0.9746410250663757,0.0,0.20000000298023224,0.5252525210380554,-0.037467509508132935,0.11756961047649384,0.02667822316288948,-0.1210671216249466,-0.04198968783020973,1.0,-1.3460111618041992
0.06666667014360428,0.13333334028720856,0.9744009971618652,0.0,0.25,0.5252525210380554,-0.037269752472639084,0.1135258823633194,0.03133285790681839,-0.11750214546918869,-0.0401831716299057,1.0,-1.7099107187241316
0.13333334028720856,0.13333334028720856,0.9739512205123901,0.019999999552965164,0.30000001192092896,0.5252525210380554,-0.03715221583843231,0.11181026697158813,0.03662285953760147,-0.11415025591850281,-0.03816162794828415,1.0,-1.9599106293171644
0.20000000298023224,0.13333334028720856,0.973501443862915,0.019999999552965164,0.3499999940395355,0.5252525210380554,-0.038204263895750046,0.1112927794456482,0.04223990440368652,-0.11211667954921722,-0.0367518812417984,1.0,-2.1438995264470577
0.1666666716337204,0.13333334028720856,0.9732916951179504,0.03999999910593033,0.4000000059604645,0.5252525210380554,-0.0396786630153656,0.11507037281990051,0.04026440903544426,-0.112452432513237,-0.03828733414411545,1.0,-2.455919051542878
0.1666666716337204,0.13333334028720856,0.9730018973350525,0.05999999865889549,0.44999998807907104,0.5252525210380554,-0.041264306753873825,0.1176922395825386,0.04026992619037628,-0.11138057708740234,-0.039067648351192474,1.0,-2.705919111147523
0.1666666716337204,0.13333334028720856,0.9727120995521545,0.05999999865889549,0.5,0.5252525210380554,-0.04332774877548218,0.1207399070262909,0.0406879261136055,-0.11082596331834793,-0.039161257445812225,1.0,-3.017914943397045
0.20000000298023224,0.13333334028720856,0.972342312335968,0.07999999821186066,0.550000011920929,0.5252525210380554,-0.044721826910972595,0.1216101348400116,0.04317306727170944,-0.1090950220823288,-0.039654605090618134,1.0,-3.2659192346036434
0.20000000298023224,0.13333334028720856,0.9720525145530701,0.10000000149011612,0.6000000238418579,0.5252525210380554,-0.04621043801307678,0.12463510036468506,0.042679619044065475,-0.10824314504861832,-0.04079768806695938,1.0,-3.485895149409771
0.20000000298023224,0.13333334028720856,0.9717627763748169,0.07999999821186066,0.6499999761581421,0.5252525210380554,-0.04766293615102768,0.12763570249080658,0.04308454319834709,-0.10887329280376434,-0.04054373502731323,1.0,-3.7679148241877556
0.23333333432674408,0.13333334028720856,0.9713929891586304,0.07999999821186066,0.699999988079071,0.5252525210380554,-0.04850874841213226,0.12927177548408508,0.045123714953660965,-0.10874784737825394,-0.041115902364254,1.0,-3.9859191104769707
0.23333333432674408,0.13333334028720856,0.9711031913757324,0.07999999821186066,0.75,0.5252525210380554,-0.049501534551382065,0.13220322132110596,0.044944167137145996,-0.1093473806977272,-0.04185337945818901,1.0,-4.329910721629858
0.2666666805744171,0.1666666716337204,0.9706534147262573,0.10000000149011612,0.800000011920929,0.5252525210380554,-0.049564946442842484,0.1329384595155716,0.046478211879730225,-0.1082909107208252,-0.04298890754580498,1.0,-177.0
0.06666667014360428,0.0,0.9838773012161255,0.0,0.0,0.5151515007019043,-0.03257141262292862,0.10740499198436737,0.031188584864139557,-0.1231631189584732,-0.04362006112933159,1.0,-0.18237331323325634
0.10000000149011612,0.0,0.983496367931366,0.019999999552965164,0.0,0.5151515007019043,-0.03212067112326622,0.10486520826816559,0.0325290709733963,-0.12149205058813095,-0.042231976985931396,1.0,-0.21436908654868603
0.1666666716337204,0.0,0.9830354452133179,0.019999999552965164,0.0,0.5151515007019043,-0.03149447590112686,0.10194499045610428,0.036856018006801605,-0.11830884963274002,-0.039109040051698685,1.0,-0.1483817659318447
0.13333334028720856,0.0,0.9828144907951355,0.03999999910593033,0.0,0.5151515007019043,-0.031751006841659546,0.10226493328809738,0.03385358303785324,-0.11978022009134293,-0.04096453636884689,1.0,-0.2123733125627041
0.13333334028720856,0.03333333507180214,0.982433557510376,0.03999999910593033,0.0,0.5151515007019043,-0.030753925442695618,0.10051955282688141,0.03384051471948624,-0.11902619898319244,-0.042275603860616684,1.0,-0.49237331561744213
0.13333334028720856,0.06666667014360428,0.9820526242256165,0.05999999865889549,0.05000000074505806,0.5151515007019043,-0.03039940446615219,0.1010897234082222,0.033983055502176285,-0.1181633323431015,-0.043758414685726166,1.0,-0.7403775453567505
0.13333334028720856,0.06666667014360428,0.9817516803741455,0.07999999821186066,0.10000000149011612,0.5151515007019043,-0.031149297952651978,0.10338568687438965,0.034231193363666534,-0.11792844533920288,-0.04404054582118988,1.0,-0.9923733416944742
0.1666666716337204,0.06666667014360428,0.981370747089386,0.05999999865889549,0.15000000596046448,0.5151515007019043,-0.03245830535888672,0.10544969141483307,0.03758380189538002,-0.11633724719285965,-0.04206932336091995,1.0,-1.242373326793313
0.20000000298023224,0.06666667014360428,0.9809898138046265,0.05999999865889549,0.20000000298023224,0.5151515007019043,-0.03351742401719093,0.10630302131175995,0.04019853472709656,-0.11519603431224823,-0.03998245671391487,1.0,-1.4923733118921518
0.23333333432674408,0.06666667014360428,0.9806088805198669,0.05999999865889549,0.25,0.5151515007019043,-0.034743160009384155,0.10739000141620636,0.04316151887178421,-0.1142723560333252,-0.038529202342033386,1.0,-1.8063887599855661
0.30000001192092896,0.10000000149011612,0.9800679087638855,0.05999999865889549,0.30000001192092896,0.5151515007019043,-0.035576578229665756,0.10448930412530899,0.04831693693995476,-0.11138965934515,-0.03801564499735832,1.0,-1.9903536662459373
0.30000001192092896,0.10000000149011612,0.9797670245170593,0.07999999821186066,0.3499999940395355,0.5151515007019043,-0.036955513060092926,0.10671928524971008,0.04926782473921776,-0.11054579168558121,-0.03844158723950386,1.0,-2.304392956197262
0.36666667461395264,0.10000000149011612,0.9793060421943665,0.07999999821186066,0.4000000059604645,0.5151515007019043,-0.03843836113810539,0.10649477690458298,0.05516618490219116,-0.10845079272985458,-0.037053242325782776,1.0,-2.552373256534338
0.3333333432674408,0.1666666716337204,0.9789251089096069,0.10000000149011612,0.44999998807907104,0.5151515007019043,-0.03902006894350052,0.10612433403730392,0.05222585052251816,-0.1064099669456482,-0.04026205465197563,1.0,-2.770377542823553
0.30000001192092896,0.20000000298023224,0.978624165058136,0.10000000149011612,0.5,0.5151515007019043,-0.041142553091049194,0.11038115620613098,0.04937644675374031,-0.10550166666507721,-0.04096869379281998,1.0,-3.0183579809963703
0.2666666805744171,0.20000000298023224,0.9784032702445984,0.11999999731779099,0.550000011920929,0.5151515007019043,-0.04279483109712601,0.11555859446525574,0.045856576412916183,-0.10564705729484558,-0.04258132353425026,1.0,-3.2683818824589252
0.23333333432674408,0.20000000298023224,0.978182315826416,0.11999999731779099,0.6000000238418579,0.5151515007019043,-0.04484155774116516,0.12077532708644867,0.0430021658539772,-0.10623540729284286,-0.04352349042892456,1.0,-3.6443689689040184
0.2666666805744171,0.23333333432674408,0.9777213931083679,0.14000000059604645,0.6499999761581421,0.5151515007019043,-0.045094724744558334,0.12097547203302383,0.043534912168979645,-0.10566280782222748,-0.04602205008268356,1.0,-3.892373248934746
0.2666666805744171,0.2666666805744171,0.9773404598236084,0.1599999964237213,0.699999988079071,0.5151515007019043,-0.0457267090678215,0.12274707853794098,0.0415637344121933,-0.1055891141295433,-0.04840520769357681,1.0,-4.078381761908531
0.23333333432674408,0.2666666805744171,0.977119505405426,0.1599999964237213,0.75,0.5151515007019043,-0.04755796119570732,0.1272430717945099,0.03860250115394592,-0.10623513907194138,-0.04881942644715309,1.0,-108.88529300689697
0.03333333507180214,0.03333333507180214,0.9674062728881836,0.0,0.0,0.5353535413742065,-0.03243452310562134,0.10785187035799026,0.02892712876200676,-0.12387290596961975,-0.04400812089443207,1.0,-0.354784969240427
0.0,0.03333333507180214,0.9671443104743958,0.0,0.05000000074505806,0.5353535413742065,-0.03366966173052788,0.11314932256937027,0.027814287692308426,-0.12456642091274261,-0.04423892870545387,1.0,-0.5960111692547798
0.10000000149011612,0.03333333507180214,0.9669042825698853,0.0,0.10000000149011612,0.5353535413742065,-0.033160898834466934,0.11053930968046188,0.033723656088113785,-0.12061263620853424,-0.04067825525999069,1.0,-0.9167569261044264
0.06666667014360428,0.06666667014360428,0.9665623903274536,0.019999999552965164,0.15000000596046448,0.5353535413742065,-0.03472080081701279,0.11142531782388687,0.03087211772799492,-0.12094643712043762,-0.04200422763824463,1.0,-1.2287765257060528
0.06666667014360428,0.10000000149011612,0.9661404490470886,0.03999999910593033,0.20000000298023224,0.5353535413742065,-0.03546382486820221,0.1112343817949295,0.02965649962425232,-0.11917515099048615,-0.041659366339445114,1.0,-1.4487765114754438
0.10000000149011612,0.10000000149011612,0.9657185077667236,0.019999999552965164,0.25,0.5353535413742065,-0.03666891157627106,0.11268413066864014,0.03364197164773941,-0.11715954542160034,-0.039053939282894135,1.0,-1.666780797764659
0.10000000149011612,0.10000000149011612,0.9653765559196472,0.019999999552965164,0.30000001192092896,0.5353535413742065,-0.03780965879559517,0.1153334230184555,0.034649558365345,-0.1162642240524292,-0.03789881616830826,1.0,-1.9467807076871395
0.10000000149011612,0.10000000149011612,0.9650346040725708,0.03999999910593033,0.3499999940395355,0.5353535413742065,-0.038713838905096054,0.1173296868801117,0.03506915643811226,-0.11550065875053406,-0.03808223456144333,1.0,-2.196756925433874
0.10000000149011612,0.10000000149011612,0.9646927118301392,0.03999999910593033,0.4000000059604645,0.5353535413742065,-0.040353596210479736,0.11981771886348724,0.03575371205806732,-0.11508026719093323,-0.03842509165406227,1.0,-2.446780677884817
0.10000000149011612,0.10000000149011612,0.9643507599830627,0.03999999910593033,0.44999998807907104,0.5353535413742065,-0.04194226861000061,0.12310373783111572,0.03623241186141968,-0.11434333771467209,-0.03858449310064316,1.0,-2.7607722841203213
0.10000000149011612,0.1666666716337204,0.9638488292694092,0.03999999910593033,0.5,0.5353535413742065,-0.04404835030436516,0.12289373576641083,0.03525461629033089,-0.11145257204771042,-0.03870942071080208,1.0,-2.9787765704095364
0.13333334028720856,0.1666666716337204,0.9634268879890442,0.03999999910593033,0.550000011920929,0.5353535413742065,-0.04553992301225662,0.12370036542415619,0.03816999867558479,-0.11036927998065948,-0.03843571990728378,1.0,-3.228776630014181
0.13333334028720856,0.20000000298023224,0.9630049467086792,0.03999999910593033,0.6000000238418579,0.5353535413742065,-0.04673030227422714,0.12528133392333984,0.03732377290725708,-0.10933461785316467,-0.03947357088327408,1.0,-3.4467806182801723
0.10000000149011612,0.23333333432674408,0.9626629948616028,0.03999999910593033,0.6499999761581421,0.5353535413742065,-0.04751235246658325,0.12818260490894318,0.03412079066038132,-0.10956981778144836,-0.04171281307935715,1.0,-3.822767997160554
0.20000000298023224,0.23333333432674408,0.9620810747146606,0.05999999865889549,0.699999988079071,0.5353535413742065,-0.04789924621582031,0.12710294127464294,0.03987826034426689,-0.10796982049942017,-0.04236190766096115,1.0,-4.008776510134339
0.23333333432674408,0.23333333432674408,0.9616591334342957,0.05999999865889549,0.75,0.5353535413742065,-0.04880809783935547,0.1286296248435974,0.04202233999967575,-0.1079949215054512,-0.042291536927223206,1.0,-4.228776570409536
0.23333333432674408,0.2666666805744171,0.9612371921539307,0.03999999910593033,0.800000011920929,0.5353535413742065,-0.049728862941265106,0.13010869920253754,0.04140644520521164,-0.10849663615226746,-0.04291247949004173,1.0,-4.572768175974488
0.30000001192092896,0.30000001192092896,0.9606552720069885,0.05999999865889549,0.8500000238418579,0.5353535413742065,-0.04937446862459183,0.12951266765594482,0.04454588145017624,-0.10753105580806732,-0.04433101415634155,1.0,-4.724761001765728
0.2666666805744171,0.30000001192092896,0.9603933691978455,0.07999999821186066,0.8999999761581421,0.5353535413742065,-0.050684958696365356,0.1328587681055069,0.04176277667284012,-0.10832066088914871,-0.04700695350766182,1.0,-5.036780681461096
0.2666666805744171,0.30000001192092896,0.960051417350769,0.10000000149011612,0.949999988079071,0.5353535413742065,-0.05125097930431366,0.1355312466621399,0.04184481129050255,-0.10863477736711502,-0.04896888509392738,1.0,0.0
0.06666667014360428,0.03333333507180214,0.9978659749031067,0.0,0.0,0.49494948983192444,-0.0322708860039711,0.10574474930763245,0.03146452456712723,-0.12213115394115448,-0.04560653865337372,1.0,-0.45759800262749195
0.06666667014360428,0.03333333507180214,0.9974219799041748,0.019999999552965164,0.05000000074505806,0.49494948983192444,-0.03276151791214943,0.10810387134552002,0.03174448013305664,-0.12154839187860489,-0.04535696282982826,1.0,-0.7395699378103018
0.10000000149011612,0.03333333507180214,0.9968980550765991,0.019999999552965164,0.10000000149011612,0.49494948983192444,-0.03306136652827263,0.10908528417348862,0.03434579819440842,-0.12025357037782669,-0.04461070895195007,1.0,-0.9895699601620436
0.10000000149011612,0.06666667014360428,0.9963741302490234,0.019999999552965164,0.15000000596046448,0.49494948983192444,-0.03392736613750458,0.110161691904068,0.03453141450881958,-0.11902621388435364,-0.04436621442437172,1.0,-1.2375980131328106
0.10000000149011612,0.06666667014360428,0.9959301352500916,0.03999999910593033,0.20000000298023224,0.49494948983192444,-0.03534325212240219,0.11148600280284882,0.033924002200365067,-0.11867682635784149,-0.04367680102586746,1.0,-1.5515657030045986
0.13333334028720856,0.10000000149011612,0.9953262209892273,0.03999999910593033,0.25,0.49494948983192444,-0.035851649940013885,0.11042918264865875,0.0361633375287056,-0.11562550067901611,-0.04195208102464676,1.0,-1.7375980578362942
0.13333334028720856,0.10000000149011612,0.9948822259902954,0.03999999910593033,0.30000001192092896,0.49494948983192444,-0.03698672726750374,0.11308235675096512,0.03707823157310486,-0.11486318707466125,-0.04079018160700798,1.0,-2.0195698998868465
0.13333334028720856,0.13333334028720856,0.9943583011627197,0.03999999910593033,0.3499999940395355,0.49494948983192444,-0.03843386843800545,0.11413481831550598,0.03758051246404648,-0.11328724026679993,-0.0409991480410099,1.0,-2.2675741855055094
0.10000000149011612,0.1666666716337204,0.9939143657684326,0.05999999865889549,0.4000000059604645,0.49494948983192444,-0.04031532630324364,0.11725777387619019,0.03493974357843399,-0.11174282431602478,-0.04165185987949371,1.0,-2.5175979379564524
0.06666667014360428,0.20000000298023224,0.9934703707695007,0.05999999865889549,0.44999998807907104,0.49494948983192444,-0.04267198592424393,0.12081475555896759,0.03226686269044876,-0.11096043884754181,-0.041525110602378845,1.0,-2.7995699290186167
0.06666667014360428,0.23333333432674408,0.992946445941925,0.05999999865889549,0.5,0.49494948983192444,-0.044467926025390625,0.12219700962305069,0.03236862272024155,-0.10943257063627243,-0.041275352239608765,1.0,-2.9575742166489363
0.06666667014360428,0.23333333432674408,0.9925025105476379,0.019999999552965164,0.550000011920929,0.49494948983192444,-0.0462605357170105,0.12489072978496552,0.03368263691663742,-0.10974060744047165,-0.03978617489337921,1.0,-3.2715896647423506
0.13333334028720856,0.23333333432674408,0.9918985366821289,0.019999999552965164,0.6000000238418579,0.49494948983192444,-0.04692763835191727,0.12446847558021545,0.03843392804265022,-0.10873623192310333,-0.04059475287795067,1.0,-3.553585199639201
0.20000000298023224,0.2666666805744171,0.9912145733833313,0.019999999552965164,0.6499999761581421,0.49494948983192444,-0.046957265585660934,0.123196542263031,0.04205083101987839,-0.10769229382276535,-0.04189690947532654,1.0,-3.7375740967690945
0.20000000298023224,0.2666666805744171,0.9907706379890442,0.03999999910593033,0.699999988079071,0.49494948983192444,-0.04804033413529396,0.12633822858333588,0.04089120030403137,-0.10758259147405624,-0.04282258450984955,1.0,-4.049569929018617
0.23333333432674408,0.2666666805744171,0.9902467131614685,0.05999999865889549,0.75,0.49494948983192444,-0.04885704442858696,0.1277366429567337,0.04223477840423584,-0.10727837681770325,-0.04386956989765167,1.0,-4.235578441992402
0.20000000298023224,0.2666666805744171,0.98988276720047,0.05999999865889549,0.800000011920929,0.49494948983192444,-0.050321534276008606,0.1316356062889099,0.03974912315607071,-0.10811813175678253,-0.044967930763959885,1.0,-4.547598116099834
0.20000000298023224,0.2666666805744171,0.9894387722015381,0.07999999821186066,0.8500000238418579,0.49494948983192444,-0.05128003656864166,0.1339089274406433,0.039346784353256226,-0.10844260454177856,-0.046980973333120346,1.0,-4.891565587371588
0.2666666805744171,0.2666666805744171,0.9888348579406738,0.10000000149011612,0.8999999761581421,0.49494948983192444,-0.05177200585603714,0.13417614996433258,0.0430666022002697,-0.10775621235370636,-0.04738350212574005,1.0,-5.109593715518713
0.2666666805744171,0.30000001192092896,0.9883108735084534,0.10000000149011612,0.949999988079071,0.49494948983192444,-0.05243146792054176,0.13554397225379944,0.04210048168897629,-0.10797856748104095,-0.049262918531894684,1.0,-126.04075527191162
0.0,0.03333333507180214,0.9507089853286743,0.0,0.0,0.5555555820465088,-0.03317396715283394,0.10954946279525757,0.02660943940281868,-0.1258954107761383,-0.04363173991441727,1.0,-0.3460111655294895
0.06666667014360428,0.06666667014360428,0.9504689574241638,0.0,0.05000000074505806,0.5555555820465088,-0.03155060485005379,0.10787877440452576,0.031231630593538284,-0.12146921455860138,-0.04172942414879799,1.0,-0.665898596867919
0.03333333507180214,0.10000000149011612,0.9501292109489441,0.019999999552965164,0.10000000149011612,0.5555555820465088,-0.03269117698073387,0.10911906510591507,0.027955444529652596,-0.12132709473371506,-0.04242020845413208,1.0,-0.885898619890213
0.0,0.13333334028720856,0.9497894644737244,0.0,0.15000000596046448,0.5555555820465088,-0.034999724477529526,0.1126885712146759,0.025544175878167152,-0.12086604535579681,-0.04124637693166733,1.0,-1.0960111767053604
0.10000000149011612,0.13333334028720856,0.9495494365692139,0.0,0.20000000298023224,0.5555555820465088,-0.03557581454515457,0.10887159407138824,0.03244900703430176,-0.11733241379261017,-0.03792918846011162,1.0,-1.447894362732768
0.10000000149011612,0.1666666716337204,0.9491297006607056,0.019999999552965164,0.25,0.5555555820465088,-0.03591926768422127,0.10892967879772186,0.032356955111026764,-0.11539539694786072,-0.03786244988441467,1.0,-1.695922490209341
0.10000000149011612,0.1666666716337204,0.9487898945808411,0.03999999910593033,0.30000001192092896,0.5555555820465088,-0.036839038133621216,0.11096322536468506,0.03277980536222458,-0.1143496185541153,-0.03769611567258835,1.0,-1.9458985589444637
0.06666667014360428,0.20000000298023224,0.9484501481056213,0.03999999910593033,0.3499999940395355,0.5555555820465088,-0.03867001831531525,0.11427655071020126,0.030382884666323662,-0.11347503960132599,-0.037775520235300064,1.0,-2.259914007037878
0.03333333507180214,0.30000001192092896,0.9479503631591797,0.03999999910593033,0.4000000059604645,0.5555555820465088,-0.04046895354986191,0.11383548378944397,0.026982150971889496,-0.11150361597537994,-0.03970465809106827,1.0,-2.385898530483246
0.03333333507180214,0.30000001192092896,0.94761061668396,0.0,0.44999998807907104,0.5555555820465088,-0.042581357061862946,0.1171063631772995,0.028304187580943108,-0.11151797324419022,-0.03769592195749283,1.0,-2.6678943634033203
0.0,0.36666667461395264,0.9471908807754517,0.0,0.5,0.5555555820465088,-0.04278183728456497,0.11915851384401321,0.024536050856113434,-0.11119624227285385,-0.04164431244134903,1.0,-2.8140154480934143
0.06666667014360428,0.36666667461395264,0.9470308423042297,0.0,0.550000011920929,0.5555555820465088,-0.04364793002605438,0.11900545656681061,0.028986744582653046,-0.10995946824550629,-0.04181178659200668,1.0,-3.1339029353111982
0.03333333507180214,0.36666667461395264,0.9467710852622986,0.019999999552965164,0.6000000238418579,0.5555555820465088,-0.044551633298397064,0.12336398661136627,0.025849711149930954,-0.11038082838058472,-0.044971492141485214,1.0,-3.4819096326828003
0.10000000149011612,0.4000000059604645,0.9461913108825684,0.0,0.6499999761581421,0.5555555820465088,-0.044875700026750565,0.12246453762054443,0.03032451495528221,-0.10902433842420578,-0.04514099285006523,1.0,-3.6658985298126936
0.06666667014360428,0.4333333373069763,0.9458515644073486,0.019999999552965164,0.699999988079071,0.5555555820465088,-0.0451468899846077,0.12547846138477325,0.027155673131346703,-0.10953012108802795,-0.04976673796772957,1.0,-3.945898588746786
0.06666667014360428,0.4333333373069763,0.9455118179321289,0.03999999910593033,0.75,0.5555555820465088,-0.0461137481033802,0.1280796378850937,0.027272064238786697,-0.11019310355186462,-0.05278143659234047,1.0,-4.1339028757065535
0.03333333507180214,0.4333333373069763,0.9452520608901978,0.019999999552965164,0.800000011920929,0.5555555820465088,-0.04705128073692322,0.1320229023694992,0.027318287640810013,-0.11197882145643234,-0.05504881218075752,1.0,-4.38592255115509
0.03333333507180214,0.4333333373069763,0.9449122548103333,0.0,0.8500000238418579,0.5555555820465088,-0.04817171394824982,0.13443705439567566,0.02913227677345276,-0.1126018539071083,-0.05529827997088432,1.0,-4.667894244194031
0.06666667014360428,0.4333333373069763,0.944492518901825,0.0,0.8999999761581421,0.5555555820465088,-0.049668535590171814,0.1355968713760376,0.03147003799676895,-0.11223731935024261,-0.054838694632053375,1.0,-4.979913918301463
0.10000000149011612,0.46666666865348816,0.9439927339553833,0.019999999552965164,0.949999988079071,0.5555555820465088,-0.050428055226802826,0.1360633671283722,0.03232243284583092,-0.11190718412399292,-0.05690871924161911,1.0,0.0
0.03333333507180214,0.0,0.9974296689033508,0.0,0.0,0.49494948983192444,-0.03359499201178551,0.1097242683172226,0.030107544735074043,-0.12428927421569824,-0.04563627392053604,1.0,-0.24280548095703125
0.03333333507180214,0.0,0.9968226552009583,0.0,0.0,0.49494948983192444,-0.03359654173254967,0.10968797653913498,0.03009924665093422,-0.12430060654878616,-0.04561911150813103,1.0,-0.33881664276123047
0.06666667014360428,0.06666667014360428,0.9959756135940552,0.0,0.0,0.49494948983192444,-0.031669218093156815,0.10437557101249695,0.03141273185610771,-0.12108927965164185,-0.04593759775161743,1.0,-0.5228293258696795
0.03333333507180214,0.10000000149011612,0.9953685402870178,0.019999999552965164,0.05000000074505806,0.49494948983192444,-0.03241308033466339,0.1082756519317627,0.028702903538942337,-0.12032943218946457,-0.04636616259813309,1.0,-0.7428054884076118
0.03333333507180214,0.10000000149011612,0.9947615265846252,0.0,0.10000000149011612,0.49494948983192444,-0.03423203155398369,0.11188989877700806,0.02937992662191391,-0.12034277617931366,-0.04508700221776962,1.0,-1.0568208992481232
0.10000000149011612,0.10000000149011612,0.9939944744110107,0.0,0.15000000596046448,0.49494948983192444,-0.03402072936296463,0.1089845597743988,0.034247368574142456,-0.11810144037008286,-0.04380474612116814,1.0,-1.30482511036098
0.13333334028720856,0.10000000149011612,0.9933074116706848,0.019999999552965164,0.20000000298023224,0.49494948983192444,-0.03486562892794609,0.10867162048816681,0.03627561405301094,-0.11643166840076447,-0.04230879247188568,1.0,-1.5848012529313564
0.1666666716337204,0.10000000149011612,0.9926204085350037,0.03999999910593033,0.25,0.49494948983192444,-0.035302117466926575,0.10849703848361969,0.03855854272842407,-0.11482764780521393,-0.041099339723587036,1.0,-1.8988167010247707
0.23333333432674408,0.13333334028720856,0.9917733669281006,0.03999999910593033,0.30000001192092896,0.49494948983192444,-0.035678423941135406,0.10573698580265045,0.04398981109261513,-0.11221608519554138,-0.04077746719121933,1.0,-2.1788166109472513
0.3333333432674408,0.13333334028720856,0.9909263253211975,0.05999999865889549,0.3499999940395355,0.49494948983192444,-0.036516159772872925,0.10295585542917252,0.052463043481111526,-0.10940439254045486,-0.03973936662077904,1.0,-2.332805508747697
0.30000001192092896,0.1666666716337204,0.9903193116188049,0.05999999865889549,0.4000000059604645,0.49494948983192444,-0.03767866641283035,0.1055685505270958,0.04995080083608627,-0.10872296988964081,-0.040941834449768066,1.0,-2.676820807158947
0.3333333432674408,0.20000000298023224,0.9895522594451904,0.07999999821186066,0.44999998807907104,0.49494948983192444,-0.03877873718738556,0.10516317188739777,0.05303221195936203,-0.10638611018657684,-0.04184822738170624,1.0,-2.894825093448162
0.3333333432674408,0.23333333432674408,0.9888651967048645,0.07999999821186066,0.5,0.49494948983192444,-0.040313467383384705,0.10726902633905411,0.052898842841386795,-0.10549148172140121,-0.042650945484638214,1.0,-3.1108097694814205
0.30000001192092896,0.23333333432674408,0.9883381724357605,0.10000000149011612,0.550000011920929,0.49494948983192444,-0.042311735451221466,0.11291750520467758,0.04901587590575218,-0.10521300137042999,-0.043484948575496674,1.0,-3.486820984631777
0.3333333432674408,0.2666666805744171,0.987571120262146,0.11999999731779099,0.6000000238418579,0.49494948983192444,-0.042573995888233185,0.11284219473600388,0.04970347881317139,-0.10480161011219025,-0.04595319181680679,1.0,-3.672805357724428
0.3333333432674408,0.2666666805744171,0.9869641065597534,0.11999999731779099,0.6499999761581421,0.49494948983192444,-0.04427047818899155,0.11632178723812103,0.04911155253648758,-0.10495365411043167,-0.0461614653468132,1.0,-3.984825037419796
0.3333333432674408,0.30000001192092896,0.9862770438194275,0.14000000059604645,0.699999988079071,0.49494948983192444,-0.04518050700426102,0.11791060864925385,0.04724588617682457,-0.10477113723754883,-0.048813171684741974,1.0,-4.328816637396812
0.4333333373069763,0.30000001192092896,0.9854300022125244,0.1599999964237213,0.75,0.49494948983192444,-0.04513242840766907,0.11531759798526764,0.05618707463145256,-0.10406754910945892,-0.051273442804813385,1.0,-4.480809777975082
0.4000000059604645,0.30000001192092896,0.9849029779434204,0.18000000715255737,0.800000011920929,0.49494948983192444,-0.046593405306339264,0.12029819190502167,0.051838312298059464,-0.10416773706674576,-0.052278559654951096,1.0,-4.796820983290672
0.4000000059604645,0.36666667461395264,0.9841359257698059,0.1599999964237213,0.8500000238418579,0.49494948983192444,-0.04722435399889946,0.12135536968708038,0.05035816878080368,-0.10350637137889862,-0.05408385768532753,1.0,0.0
0.03333333507180214,0.0,0.9974005818367004,0.0,0.0,0.49494948983192444,-0.03359507396817207,0.10972253978252411,0.030107151716947556,-0.12428981065750122,-0.04563544690608978,1.0,-0.2017974853515625
0.03333333507180214,0.03333333507180214,0.9968960881233215,0.0,0.0,0.49494948983192444,-0.033103689551353455,0.10799013823270798,0.02972453087568283,-0.12325628101825714,-0.046298690140247345,1.0,-0.3878059424459934
0.0,0.03333333507180214,0.9965515732765198,0.0,0.05000000074505806,0.49494948983192444,-0.034674495458602905,0.11393381655216217,0.02844768390059471,-0.12396625429391861,-0.04646635055541992,1.0,-0.56399155408144
0.06666667014360428,0.03333333507180214,0.9963915944099426,0.0,0.10000000149011612,0.49494948983192444,-0.034077659249305725,0.11201043426990509,0.03305821493268013,-0.12150557339191437,-0.04436998441815376,1.0,-1.0458129029721022
0.1666666716337204,0.03333333507180214,0.9957270622253418,0.019999999552965164,0.15000000596046448,0.49494948983192444,-0.033178165555000305,0.1090196967124939,0.03958059102296829,-0.11795569956302643,-0.04181138426065445,1.0,-1.2317974995821714
0.20000000298023224,0.03333333507180214,0.9952225685119629,0.019999999552965164,0.20000000298023224,0.49494948983192444,-0.03387799486517906,0.11004550755023956,0.04248113930225372,-0.11704099178314209,-0.0400463342666626,1.0,-1.511797484010458
0.20000000298023224,0.06666667014360428,0.994718074798584,0.03999999910593033,0.25,0.49494948983192444,-0.034925200045108795,0.10887837409973145,0.04195811226963997,-0.11547238379716873,-0.0400540828704834,1.0,-1.7598017696291208
0.20000000298023224,0.06666667014360428,0.9942935705184937,0.05999999865889549,0.30000001192092896,0.49494948983192444,-0.036195188760757446,0.11093991994857788,0.04211484640836716,-0.11442777514457703,-0.040266960859298706,1.0,-2.071797452867031
0.23333333432674408,0.06666667014360428,0.9937890768051147,0.07999999821186066,0.3499999940395355,0.49494948983192444,-0.037263572216033936,0.11163146048784256,0.04521314054727554,-0.11298282444477081,-0.0402725487947464,1.0,-2.321821354329586
0.20000000298023224,0.13333334028720856,0.9932845234870911,0.07999999821186066,0.4000000059604645,0.49494948983192444,-0.0389099195599556,0.11235924065113068,0.04248114675283432,-0.11080031841993332,-0.041655465960502625,1.0,-2.6337932012975216
0.2666666805744171,0.13333334028720856,0.9927000403404236,0.10000000149011612,0.44999998807907104,0.49494948983192444,-0.0394965261220932,0.11156640946865082,0.04769979417324066,-0.10865917056798935,-0.041326213628053665,1.0,-2.8837932609021664
0.30000001192092896,0.1666666716337204,0.9921155571937561,0.10000000149011612,0.5,0.49494948983192444,-0.04110623523592949,0.11150576174259186,0.05045707896351814,-0.10656516999006271,-0.04175238683819771,1.0,-3.1017975471913815
0.30000001192092896,0.20000000298023224,0.9916110634803772,0.10000000149011612,0.550000011920929,0.49494948983192444,-0.04278458654880524,0.11400551348924637,0.049654461443424225,-0.10555972158908844,-0.04270579293370247,1.0,-3.3518214486539364
0.30000001192092896,0.23333333432674408,0.9911065101623535,0.10000000149011612,0.6000000238418579,0.49494948983192444,-0.044024400413036346,0.11657720804214478,0.0483882799744606,-0.10526853799819946,-0.04370952397584915,1.0,-3.5998015888035297
0.2666666805744171,0.2666666805744171,0.9906820058822632,0.11999999731779099,0.6499999761581421,0.49494948983192444,-0.04507214203476906,0.12000221014022827,0.04397040605545044,-0.10554877668619156,-0.04634321108460426,1.0,-3.7877820394933224
0.23333333432674408,0.2666666805744171,0.9903375506401062,0.10000000149011612,0.699999988079071,0.49494948983192444,-0.04724394530057907,0.12451411038637161,0.04166242480278015,-0.10644170641899109,-0.04570069536566734,1.0,-4.1958128698170185
0.3333333432674408,0.2666666805744171,0.9896730184555054,0.11999999731779099,0.75,0.49494948983192444,-0.047301650047302246,0.12265267968177795,0.04801981896162033,-0.10546087473630905,-0.046504512429237366,1.0,-4.379801772534847
0.3333333432674408,0.2666666805744171,0.989248514175415,0.14000000059604645,0.800000011920929,0.49494948983192444,-0.048234354704618454,0.12570622563362122,0.04710518568754196,-0.10551649332046509,-0.047792285680770874,1.0,-4.693793378770351
0.4000000059604645,0.2666666805744171,0.9886640310287476,0.14000000059604645,0.8500000238418579,0.49494948983192444,-0.048071764409542084,0.12625780701637268,0.053995467722415924,-0.10502777248620987,-0.04817377030849457,1.0,-4.909801587462425
0.36666667461395264,0.30000001192092896,0.9882395267486572,0.1599999964237213,0.8999999761581421,0.49494948983192444,-0.04949641227722168,0.12915506958961487,0.0488525815308094,-0.10532893240451813,-0.05082698166370392,1.0,-134.9809923171997
0.06666667014360428,0.03333333507180214,0.973287045955658,0.0,0.0,0.5252525210380554,-0.03191344067454338,0.10573756694793701,0.030888773500919342,-0.12251874059438705,-0.04370197653770447,1.0,-0.5384457428008318
0.10000000149011612,0.03333333507180214,0.9726409316062927,0.019999999552965164,0.05000000074505806,0.5252525210380554,-0.03184368088841438,0.10605797916650772,0.03268822282552719,-0.12055999040603638,-0.04222157597541809,1.0,-0.7884219046682119
0.10000000149011612,0.06666667014360428,0.9719948768615723,0.019999999552965164,0.10000000149011612,0.5252525210380554,-0.032369814813137054,0.1075468584895134,0.0332813486456871,-0.11977151781320572,-0.04308200627565384,1.0,-1.0364261530339718
0.10000000149011612,0.06666667014360428,0.9714288115501404,0.03999999910593033,0.15000000596046448,0.5252525210380554,-0.03378496691584587,0.10889139771461487,0.033046647906303406,-0.11945781856775284,-0.04260813444852829,1.0,-1.3184457533061504
0.10000000149011612,0.10000000149011612,0.9707826972007751,0.03999999910593033,0.20000000298023224,0.5252525210380554,-0.0349898636341095,0.10935641825199127,0.0324658639729023,-0.11788581311702728,-0.04154784604907036,1.0,-1.5044303499162197
0.06666667014360428,0.10000000149011612,0.9702966213226318,0.03999999910593033,0.25,0.5252525210380554,-0.03664708137512207,0.11376413702964783,0.030770957469940186,-0.1181611567735672,-0.04133184999227524,1.0,-1.8184219561517239
0.10000000149011612,0.10000000149011612,0.9696505665779114,0.03999999910593033,0.30000001192092896,0.5252525210380554,-0.03733682259917259,0.11450023204088211,0.03425075486302376,-0.11607618629932404,-0.039447978138923645,1.0,-1.9744303207844496
0.06666667014360428,0.10000000149011612,0.9691644906997681,0.019999999552965164,0.3499999940395355,0.5252525210380554,-0.03933015465736389,0.11955275386571884,0.03326436132192612,-0.1168486475944519,-0.03879795968532562,1.0,-2.286426153033972
0.06666667014360428,0.10000000149011612,0.9685984253883362,0.03999999910593033,0.4000000059604645,0.5252525210380554,-0.04064793139696121,0.12171131372451782,0.03337632864713669,-0.11591099202632904,-0.039495132863521576,1.0,-2.506426064297557
0.06666667014360428,0.10000000149011612,0.9680323600769043,0.019999999552965164,0.44999998807907104,0.5252525210380554,-0.04216111823916435,0.12515169382095337,0.034593041986227036,-0.11561938375234604,-0.03864840418100357,1.0,-2.7884457390755415
0.10000000149011612,0.10000000149011612,0.9673862457275391,0.019999999552965164,0.5,0.5252525210380554,-0.04364532232284546,0.12598015367984772,0.037516605108976364,-0.11446916311979294,-0.03829115256667137,1.0,-3.0064261835068464
0.10000000149011612,0.10000000149011612,0.9668201804161072,0.019999999552965164,0.550000011920929,0.5252525210380554,-0.0451897569000721,0.1286257654428482,0.037784650921821594,-0.11404985934495926,-0.03849264979362488,1.0,-3.286426242440939
0.10000000149011612,0.10000000149011612,0.9662541151046753,0.03999999910593033,0.6000000238418579,0.5252525210380554,-0.0464821383357048,0.13088756799697876,0.03785621374845505,-0.11290527880191803,-0.03990938514471054,1.0,-3.6004175506532192
0.13333334028720856,0.13333334028720856,0.9655280709266663,0.03999999910593033,0.6499999761581421,0.5252525210380554,-0.048126548528671265,0.13036471605300903,0.03949189931154251,-0.11107838153839111,-0.03976862132549286,1.0,-3.754430290311575
0.10000000149011612,0.13333334028720856,0.965041995048523,0.03999999910593033,0.699999988079071,0.5252525210380554,-0.04874090850353241,0.133685901761055,0.03786255419254303,-0.1120787113904953,-0.04253813251852989,1.0,-4.0364499650895596
0.06666667014360428,0.1666666716337204,0.9644758701324463,0.03999999910593033,0.75,0.5252525210380554,-0.04952734708786011,0.1358433961868286,0.035270389169454575,-0.11221101135015488,-0.04537558928132057,1.0,-4.380417728796601
0.10000000149011612,0.20000000298023224,0.9637498259544373,0.05999999865889549,0.800000011920929,0.5252525210380554,-0.05057208985090256,0.13601930439472198,0.03599138930439949,-0.11090506613254547,-0.046403974294662476,1.0,-4.538445858284831
0.10000000149011612,0.23333333432674408,0.963103711605072,0.019999999552965164,0.8500000238418579,0.5252525210380554,-0.05125993490219116,0.1378815919160843,0.03622836992144585,-0.11172179132699966,-0.04669743403792381,1.0,-4.850417550653219
0.13333334028720856,0.2666666805744171,0.962377667427063,0.03999999910593033,0.8999999761581421,0.5252525210380554,-0.052218154072761536,0.13793355226516724,0.036873236298561096,-0.1108274757862091,-0.048262935131788254,1.0,-5.036426063627005
0.13333334028720856,0.2666666805744171,0.9618116021156311,0.03999999910593033,0.949999988079071,0.5252525210380554,-0.0530882254242897,0.14012619853019714,0.03781620413064957,-0.11143610626459122,-0.049304310232400894,1.0,-237.0
0.0,0.0,0.9733193516731262,0.0,0.0,0.5252525210380554,-0.03412040323019028,0.11187692731618881,0.02750285714864731,-0.12578101456165314,-0.044220034033060074,1.0,-0.032019615173339844
0.03333333507180214,0.0,0.9732393026351929,0.0,0.0,0.5252525210380554,-0.033214204013347626,0.10957372933626175,0.02930961549282074,-0.12474353611469269,-0.04374755918979645,1.0,-0.18873214721679688
0.03333333507180214,0.03333333507180214,0.9727674722671509,0.0,0.0,0.5252525210380554,-0.03255593031644821,0.10776781290769577,0.02907693013548851,-0.12375019490718842,-0.04453152418136597,1.0,-0.438708309084177
0.06666667014360428,0.03333333507180214,0.9722957015037537,0.0,0.05000000074505806,0.5252525210380554,-0.032522059977054596,0.10922005772590637,0.03173892945051193,-0.1219668835401535,-0.04283382371068001,1.0,-0.6867125388234854
0.06666667014360428,0.03333333507180214,0.971903920173645,0.019999999552965164,0.10000000149011612,0.5252525210380554,-0.033454108983278275,0.11127118021249771,0.0316280722618103,-0.12177841365337372,-0.042806774377822876,1.0,-0.9367364030331373
0.06666667014360428,0.03333333507180214,0.9715120792388916,0.019999999552965164,0.15000000596046448,0.5252525210380554,-0.034802280366420746,0.11369595676660538,0.03181324154138565,-0.12172365933656693,-0.04230783134698868,1.0,-1.186712546274066
0.06666667014360428,0.03333333507180214,0.971120297908783,0.019999999552965164,0.20000000298023224,0.5252525210380554,-0.03632952272891998,0.11583137512207031,0.0321321114897728,-0.1211950033903122,-0.040964823216199875,1.0,-1.436736373230815
0.06666667014360428,0.03333333507180214,0.9707284569740295,0.019999999552965164,0.25,0.5252525210380554,-0.037503067404031754,0.11839156597852707,0.03273288160562515,-0.12029370665550232,-0.03969850391149521,1.0,-1.7826999109238386
0.13333334028720856,0.06666667014360428,0.9700967073440552,0.019999999552965164,0.30000001192092896,0.5252525210380554,-0.03760569915175438,0.11558981239795685,0.0378028079867363,-0.11617004871368408,-0.03695342689752579,1.0,-2.000727890059352
0.20000000298023224,0.06666667014360428,0.9695448875427246,0.019999999552965164,0.3499999940395355,0.5252525210380554,-0.03842482715845108,0.11521303653717041,0.043276190757751465,-0.11396822333335876,-0.03490462899208069,1.0,-2.216736402362585
0.20000000298023224,0.06666667014360428,0.9691530466079712,0.03999999910593033,0.4000000059604645,0.5252525210380554,-0.039719823747873306,0.11685214191675186,0.043731410056352615,-0.11326803267002106,-0.036195650696754456,1.0,-2.560704017058015
0.2666666805744171,0.06666667014360428,0.9686012864112854,0.05999999865889549,0.44999998807907104,0.5252525210380554,-0.040556274354457855,0.11550776660442352,0.04861316829919815,-0.1109471395611763,-0.036236006766557693,1.0,-2.77873214520514
0.30000001192092896,0.06666667014360428,0.9681294560432434,0.05999999865889549,0.5,0.5252525210380554,-0.04215312376618385,0.11636681854724884,0.05146476998925209,-0.10956745594739914,-0.035881444811820984,1.0,-3.026712588965893
0.2666666805744171,0.10000000149011612,0.9677376747131348,0.07999999821186066,0.550000011920929,0.5252525210380554,-0.04374381899833679,0.11907089501619339,0.04866665229201317,-0.10883205384016037,-0.0383785143494606,1.0,-3.3387322686612606
0.30000001192092896,0.10000000149011612,0.9672658443450928,0.10000000149011612,0.6000000238418579,0.5252525210380554,-0.045271918177604675,0.12014476954936981,0.05139393359422684,-0.10722042620182037,-0.0391325019299984,1.0,-3.5567124150693417
0.30000001192092896,0.10000000149011612,0.9668740630149841,0.10000000149011612,0.6499999761581421,0.5252525210380554,-0.04621298983693123,0.1241227313876152,0.05145712196826935,-0.10762208700180054,-0.039938878268003464,1.0,-3.870727863162756
0.36666667461395264,0.10000000149011612,0.9663222432136536,0.10000000149011612,0.699999988079071,0.5252525210380554,-0.045792847871780396,0.12617382407188416,0.057645559310913086,-0.10665145516395569,-0.039188507944345474,1.0,-4.054716754704714
0.3333333432674408,0.10000000149011612,0.9660104513168335,0.11999999731779099,0.75,0.5252525210380554,-0.04692075774073601,0.13053932785987854,0.054053597152233124,-0.10768715292215347,-0.041371021419763565,1.0,-4.462723754346371
0.4000000059604645,0.13333334028720856,0.9653786420822144,0.14000000059604645,0.800000011920929,0.5252525210380554,-0.046382080763578415,0.13050255179405212,0.05881944298744202,-0.10605325549840927,-0.041794635355472565,1.0,-4.648732267320156
0.4333333373069763,0.13333334028720856,0.9649068117141724,0.14000000059604645,0.8500000238418579,0.5252525210380554,-0.04702179506421089,0.13365301489830017,0.06199725717306137,-0.10581636428833008,-0.041275233030319214,1.0,-179.94616222381592
0.03333333507180214,0.0,0.9575414061546326,0.0,0.0,0.5454545617103577,-0.03305067494511604,0.1094360426068306,0.028926776722073555,-0.12506374716758728,-0.042588263750076294,1.0,-0.3484487533569336
0.06666667014360428,0.06666667014360428,0.9566702842712402,0.0,0.0,0.5454545617103577,-0.0309896320104599,0.10398974269628525,0.030528953298926353,-0.12211742997169495,-0.043235767632722855,1.0,-0.5644333679229021
0.10000000149011612,0.06666667014360428,0.9559592008590698,0.019999999552965164,0.05000000074505806,0.5454545617103577,-0.031086310744285583,0.10472747683525085,0.03233648091554642,-0.12000572681427002,-0.04160117357969284,1.0,-0.750441825017333
0.06666667014360428,0.06666667014360428,0.9554080963134766,0.019999999552965164,0.10000000149011612,0.5454545617103577,-0.03287805989384651,0.10927300900220871,0.030819036066532135,-0.12117734551429749,-0.04196150600910187,1.0,-1.094457235187292
0.06666667014360428,0.10000000149011612,0.9546969532966614,0.03999999910593033,0.15000000596046448,0.5454545617103577,-0.03401056304574013,0.10848723351955414,0.029300441965460777,-0.12005966901779175,-0.04193538427352905,1.0,-1.2824376057833433
0.06666667014360428,0.10000000149011612,0.9540658593177795,0.019999999552965164,0.20000000298023224,0.5454545617103577,-0.03580225259065628,0.11163972318172455,0.03009556233882904,-0.11938687413930893,-0.04016973823308945,1.0,-1.6284249108284712
0.1666666716337204,0.10000000149011612,0.953194797039032,0.019999999552965164,0.25,0.5454545617103577,-0.03577369078993797,0.10902957618236542,0.038218624889850616,-0.11488966643810272,-0.036154087632894516,1.0,-1.8144572656601667
0.20000000298023224,0.10000000149011612,0.9524836540222168,0.019999999552965164,0.30000001192092896,0.5454545617103577,-0.036819495260715485,0.11018343269824982,0.041477251797914505,-0.1134713813662529,-0.03470296040177345,1.0,-2.0624375604093075
0.20000000298023224,0.10000000149011612,0.951852560043335,0.03999999910593033,0.3499999940395355,0.5454545617103577,-0.03799249604344368,0.112111397087574,0.04226778447628021,-0.11278286576271057,-0.03554384782910347,1.0,-2.3424376193434
0.20000000298023224,0.10000000149011612,0.9512214660644531,0.05999999865889549,0.4000000059604645,0.5454545617103577,-0.03929389640688896,0.1138824075460434,0.04259122908115387,-0.11205615103244781,-0.036804378032684326,1.0,-2.6224375292658806
0.20000000298023224,0.10000000149011612,0.9505903720855713,0.07999999821186066,0.44999998807907104,0.5454545617103577,-0.04067303240299225,0.11636693775653839,0.042506176978349686,-0.1111135482788086,-0.037969790399074554,1.0,-2.8404418155550957
0.1666666716337204,0.10000000149011612,0.950039267539978,0.07999999821186066,0.5,0.5454545617103577,-0.0428009033203125,0.1212671622633934,0.04047531634569168,-0.11127093434333801,-0.03877851739525795,1.0,-3.1524376533925533
0.1666666716337204,0.10000000149011612,0.9494081735610962,0.10000000149011612,0.550000011920929,0.5454545617103577,-0.04458747059106827,0.12409203499555588,0.040628135204315186,-0.11011437326669693,-0.03976685553789139,1.0,-3.3704419396817684
0.13333334028720856,0.10000000149011612,0.9488570690155029,0.10000000149011612,0.6000000238418579,0.5454545617103577,-0.04639345407485962,0.12868155539035797,0.039026904851198196,-0.11025313287973404,-0.04085734114050865,1.0,-3.6204417012631893
0.10000000149011612,0.10000000149011612,0.9483059644699097,0.10000000149011612,0.6499999761581421,0.5454545617103577,-0.04711461812257767,0.1319536417722702,0.037549007683992386,-0.11105963587760925,-0.043407123535871506,1.0,-3.902437534183264
0.06666667014360428,0.13333334028720856,0.9476748704910278,0.10000000149011612,0.699999988079071,0.5454545617103577,-0.04777350649237633,0.13364912569522858,0.03449738025665283,-0.11169561743736267,-0.04642592370510101,1.0,-4.122437588870525
0.03333333507180214,0.1666666716337204,0.947043776512146,0.07999999821186066,0.75,0.5454545617103577,-0.04858990013599396,0.1355263590812683,0.03231554105877876,-0.11252347379922867,-0.048483431339263916,1.0,-4.252437651157379
0.03333333507180214,0.1666666716337204,0.9464126825332642,0.0,0.800000011920929,0.5454545617103577,-0.04928560182452202,0.138872891664505,0.03457379713654518,-0.11460521072149277,-0.046916715800762177,1.0,-4.598448872566223
0.10000000149011612,0.20000000298023224,0.9455415606498718,0.0,0.8500000238418579,0.5454545617103577,-0.05038278549909592,0.1383316069841385,0.037408873438835144,-0.11333441734313965,-0.04616107791662216,1.0,-4.846429018303752
0.1666666716337204,0.20000000298023224,0.9447504878044128,0.019999999552965164,0.8999999761581421,0.5454545617103577,-0.05129386484622955,0.13877367973327637,0.04101920127868652,-0.11252051591873169,-0.04584901034832001,1.0,-159.0
0.0,0.06666667014360428,0.9482864737510681,0.0,0.0,0.5555555820465088,-0.032529160380363464,0.10744384676218033,0.026343049481511116,-0.12557928264141083,-0.04475300386548042,1.0,-0.28199577704072
0.03333333507180214,0.06666667014360428,0.9482064843177795,0.0,0.05000000074505806,0.5555555820465088,-0.03210930526256561,0.10954833030700684,0.0292983315885067,-0.12278123944997787,-0.04266170412302017,1.0,-0.6769304350018501
0.03333333507180214,0.10000000149011612,0.9477641582489014,0.0,0.10000000149011612,0.5555555820465088,-0.03301568701863289,0.11010223627090454,0.028659213334321976,-0.12154629081487656,-0.041951242834329605,1.0,-0.9589023888111115
0.10000000149011612,0.10000000149011612,0.9472419023513794,0.0,0.15000000596046448,0.5555555820465088,-0.03437026962637901,0.10827171802520752,0.03272009640932083,-0.11886794120073318,-0.038878075778484344,1.0,-1.1749346684664488
0.06666667014360428,0.13333334028720856,0.9468795657157898,0.019999999552965164,0.20000000298023224,0.5555555820465088,-0.035425253212451935,0.10980074107646942,0.02945203334093094,-0.11851398646831512,-0.03961370140314102,1.0,-1.4869065843522549
0.06666667014360428,0.1666666716337204,0.9464372992515564,0.03999999910593033,0.25,0.5555555820465088,-0.03605653718113899,0.11015720665454865,0.0292863417416811,-0.11617249995470047,-0.03904644399881363,1.0,-1.6749108713120222
0.03333333507180214,0.20000000298023224,0.9460750222206116,0.019999999552965164,0.30000001192092896,0.5555555820465088,-0.03769094496965408,0.1138426885008812,0.02757933735847473,-0.1153666079044342,-0.03800715506076813,1.0,-1.9589261710643768
0.10000000149011612,0.20000000298023224,0.9455527067184448,0.0,0.3499999940395355,0.5555555820465088,-0.03861398994922638,0.11331947147846222,0.03398419916629791,-0.11334092915058136,-0.036171093583106995,1.0,-2.270922003313899
0.1666666716337204,0.23333333432674408,0.9449504017829895,0.019999999552965164,0.4000000059604645,0.5555555820465088,-0.03987627848982811,0.1102832704782486,0.03933790326118469,-0.11017189919948578,-0.036422938108444214,1.0,-2.4549107514321804
0.1666666716337204,0.23333333432674408,0.9445881247520447,0.03999999910593033,0.44999998807907104,0.5555555820465088,-0.041687048971652985,0.11285822093486786,0.03945541754364967,-0.1090751439332962,-0.03747047856450081,1.0,-2.7049346528947353
0.1666666716337204,0.23333333432674408,0.9442257881164551,0.03999999910593033,0.5,0.5555555820465088,-0.043560922145843506,0.11619886755943298,0.039686016738414764,-0.1084652841091156,-0.037874236702919006,1.0,-2.9849108699709177
0.13333334028720856,0.2666666805744171,0.9438635110855103,0.05999999865889549,0.550000011920929,0.5555555820465088,-0.04402105137705803,0.11932241171598434,0.03491472452878952,-0.10865949839353561,-0.041241515427827835,1.0,-3.29693054407835
0.1666666716337204,0.2666666805744171,0.9434211850166321,0.07999999821186066,0.6000000238418579,0.5555555820465088,-0.044641125947237015,0.12071147561073303,0.036445681005716324,-0.10792213678359985,-0.04314234107732773,1.0,-3.4829149171710014
0.13333334028720856,0.2666666805744171,0.9431388974189758,0.07999999821186066,0.6499999761581421,0.5555555820465088,-0.04600803554058075,0.12515106797218323,0.033441949635744095,-0.10873718559741974,-0.04417673870921135,1.0,-3.860921911895275
0.1666666716337204,0.3333333432674408,0.9425365924835205,0.07999999821186066,0.699999988079071,0.5555555820465088,-0.04605010896921158,0.1241852194070816,0.03369810804724693,-0.10790322721004486,-0.046619486063718796,1.0,-3.984910810366273
0.1666666716337204,0.3333333432674408,0.9421743154525757,0.05999999865889549,0.75,0.5555555820465088,-0.04743845388293266,0.12700389325618744,0.0340176597237587,-0.10860112309455872,-0.046175625175237656,1.0,-4.296906642615795
0.20000000298023224,0.3333333432674408,0.9417320489883423,0.07999999821186066,0.800000011920929,0.5555555820465088,-0.048221174627542496,0.128220796585083,0.03558295592665672,-0.10838910192251205,-0.0474591962993145,1.0,-4.484934771433473
0.20000000298023224,0.3333333432674408,0.9413697123527527,0.05999999865889549,0.8500000238418579,0.5555555820465088,-0.0496261902153492,0.13066299259662628,0.036219727247953415,-0.10916450619697571,-0.04733996093273163,1.0,-4.8289022371172905
0.23333333432674408,0.36666667461395264,0.9408474564552307,0.07999999821186066,0.8999999761581421,0.5555555820465088,-0.04987509921193123,0.13096891343593597,0.03689787536859512,-0.10860653221607208,-0.04958173632621765,1.0,-5.014934591948986
0.20000000298023224,0.4000000059604645,0.9404851198196411,0.07999999821186066,0.949999988079071,0.5555555820465088,-0.050839222967624664,0.13378161191940308,0.035137370228767395,-0.10950513184070587,-0.05367783457040787,1.0,-225.0
0.10000000149011612,0.0,0.9714957475662231,0.0,0.0,0.5252525210380554,-0.03229995444417,0.10560179501771927,0.03300399333238602,-0.12169375270605087,-0.04129985719919205,1.0,-0.23477771691977978
0.06666667014360428,0.0,0.9709838032722473,0.019999999552965164,0.0,0.5252525210380554,-0.03229983150959015,0.10618600249290466,0.030310042202472687,-0.12334147095680237,-0.04320038482546806,1.0,-0.3288169465959072
0.10000000149011612,0.0,0.9703117609024048,0.03999999910593033,0.0,0.5252525210380554,-0.031950995326042175,0.10358978807926178,0.03161747753620148,-0.1216277927160263,-0.04191157966852188,1.0,-0.2987931054085493
0.10000000149011612,0.03333333507180214,0.969639778137207,0.019999999552965164,0.0,0.5252525210380554,-0.031394295394420624,0.10286454111337662,0.03210453316569328,-0.12092878669500351,-0.042538776993751526,1.0,-0.5467973351478577
0.10000000149011612,0.03333333507180214,0.9690477848052979,0.03999999910593033,0.05000000074505806,0.5252525210380554,-0.03161554038524628,0.10489673167467117,0.03205541521310806,-0.1205020472407341,-0.0424857959151268,1.0,-0.892784658819437
0.13333334028720856,0.10000000149011612,0.968215823173523,0.03999999910593033,0.10000000149011612,0.5252525210380554,-0.03116041049361229,0.10274741053581238,0.03462471812963486,-0.1175232008099556,-0.04304482042789459,1.0,-1.1107889078557491
0.1666666716337204,0.13333334028720856,0.9674638509750366,0.03999999910593033,0.15000000596046448,0.5252525210380554,-0.03208276629447937,0.10144130140542984,0.03682287037372589,-0.11479958891868591,-0.04107999801635742,1.0,-1.3288169614970684
0.20000000298023224,0.13333334028720856,0.9667918086051941,0.03999999910593033,0.20000000298023224,0.5252525210380554,-0.03313431143760681,0.10194072127342224,0.03952447324991226,-0.11356171220541,-0.03919276222586632,1.0,-1.6087931040674448
0.23333333432674408,0.13333334028720856,0.9661198258399963,0.05999999865889549,0.25,0.5252525210380554,-0.03423984348773956,0.10252793878316879,0.04228360205888748,-0.11211608350276947,-0.03904359042644501,1.0,-1.82679739035666
0.20000000298023224,0.1666666716337204,0.9655278325080872,0.05999999865889549,0.30000001192092896,0.5252525210380554,-0.03577170893549919,0.10519032925367355,0.04032192379236221,-0.11121433973312378,-0.039573363959789276,1.0,-2.13879307359457
0.23333333432674408,0.1666666716337204,0.9648558497428894,0.07999999821186066,0.3499999940395355,0.5252525210380554,-0.03673741966485977,0.1056215763092041,0.043248988687992096,-0.1097908541560173,-0.03986719995737076,1.0,-2.388793133199215
0.23333333432674408,0.20000000298023224,0.9641838669776917,0.07999999821186066,0.4000000059604645,0.5252525210380554,-0.03835275024175644,0.10691453516483307,0.0438830703496933,-0.10807833075523376,-0.03966689854860306,1.0,-2.668793048709631
0.2666666805744171,0.20000000298023224,0.9635118842124939,0.10000000149011612,0.44999998807907104,0.5252525210380554,-0.03963308408856392,0.10837095975875854,0.046662285923957825,-0.10642548650503159,-0.040025755763053894,1.0,-2.9828084968030453
0.3333333432674408,0.23333333432674408,0.9626798629760742,0.10000000149011612,0.5,0.5252525210380554,-0.04019271209836006,0.10672689974308014,0.05110533535480499,-0.10492285341024399,-0.04153621941804886,1.0,-3.198793161660433
0.36666667461395264,0.23333333432674408,0.9620078802108765,0.11999999731779099,0.550000011920929,0.5252525210380554,-0.04115627333521843,0.1075122058391571,0.05288362130522728,-0.10450991243124008,-0.04385394603013992,1.0,-3.4187932275235653
0.4000000059604645,0.23333333432674408,0.9613358974456787,0.10000000149011612,0.6000000238418579,0.5252525210380554,-0.042593814432621,0.10964802652597427,0.056501202285289764,-0.10464081168174744,-0.043331075459718704,1.0,-3.730788756161928
0.46666666865348816,0.23333333432674408,0.9605839252471924,0.11999999731779099,0.6499999761581421,0.5252525210380554,-0.043157968670129776,0.1109447181224823,0.06313671171665192,-0.10294100642204285,-0.04346751794219017,1.0,-3.9167972691357136
0.46666666865348816,0.23333333432674408,0.9599919319152832,0.11999999731779099,0.699999988079071,0.5252525210380554,-0.04422583431005478,0.11483539640903473,0.06310252845287323,-0.10327479243278503,-0.0436151847243309,1.0,-4.230788875371218
0.5,0.2666666805744171,0.9592399597167969,0.11999999731779099,0.75,0.5252525210380554,-0.04485786706209183,0.11543011665344238,0.06550810486078262,-0.10297023504972458,-0.045509956777095795,1.0,-4.510812781751156
0.5333333611488342,0.30000001192092896,0.9584879279136658,0.14000000059604645,0.800000011920929,0.5252525210380554,-0.04425298050045967,0.11682923883199692,0.06745287775993347,-0.10113061964511871,-0.04876472055912018,1.0,-244.27286624908447
0.0,0.0,0.9478057622909546,0.0,0.0,0.5555555820465088,-0.03374577313661575,0.11134335398674011,0.02687063068151474,-0.12636901438236237,-0.04226724058389664,1.0,-0.06401538848876953
0.06666667014360428,0.0,0.9476457238197327,0.0,0.0,0.5555555820465088,-0.03240378201007843,0.10734210908412933,0.03050808422267437,-0.12373419851064682,-0.040876809507608414,1.0,-0.2673456948250532
0.06666667014360428,0.0,0.9470523595809937,0.019999999552965164,0.0,0.5555555820465088,-0.0320904515683651,0.10607537627220154,0.029834596440196037,-0.12371541559696198,-0.041440486907958984,1.0,-0.26736953668296337
0.06666667014360428,0.0,0.9464589357376099,0.019999999552965164,0.0,0.5555555820465088,-0.03210229426622391,0.10604627430438995,0.029827168211340904,-0.12371775507926941,-0.04142007231712341,1.0,-0.26736953668296337
0.06666667014360428,0.0,0.9458655118942261,0.019999999552965164,0.0,0.5555555820465088,-0.032114122062921524,0.10601718723773956,0.029819734394550323,-0.12372009456157684,-0.041399650275707245,1.0,-0.2673456948250532
0.03333333507180214,0.03333333507180214,0.9452721476554871,0.019999999552965164,0.0,0.5555555820465088,-0.03207385167479515,0.10617619752883911,0.02783491089940071,-0.1244652271270752,-0.043180912733078,1.0,-0.5513610877096653
0.06666667014360428,0.06666667014360428,0.9445187449455261,0.0,0.05000000074505806,0.5555555820465088,-0.03167548030614853,0.10762791335582733,0.031199004501104355,-0.12150033563375473,-0.04151936247944832,1.0,-0.8313610907644033
0.13333334028720856,0.06666667014360428,0.9437653422355652,0.019999999552965164,0.10000000149011612,0.5555555820465088,-0.03221709281206131,0.10542669892311096,0.03439498692750931,-0.11852176487445831,-0.03905530273914337,1.0,-1.0173695664852858
0.13333334028720856,0.06666667014360428,0.9431719183921814,0.019999999552965164,0.15000000596046448,0.5555555820465088,-0.033794283866882324,0.10811764001846313,0.034778133034706116,-0.11822595447301865,-0.038047973066568375,1.0,-1.3613610975444317
0.1666666716337204,0.10000000149011612,0.9424185156822205,0.03999999910593033,0.20000000298023224,0.5555555820465088,-0.034112975001335144,0.10593372583389282,0.03667692467570305,-0.11541888117790222,-0.03716708719730377,1.0,-1.6093653086572886
0.1666666716337204,0.13333334028720856,0.9417451024055481,0.05999999865889549,0.25,0.5555555820465088,-0.03465306758880615,0.10560454428195953,0.036915820091962814,-0.11366603523492813,-0.037567511200904846,1.0,-1.891361141577363
0.23333333432674408,0.13333334028720856,0.9409916996955872,0.05999999865889549,0.30000001192092896,0.5555555820465088,-0.03576086834073067,0.1050228700041771,0.042658399790525436,-0.11137458682060242,-0.03631258010864258,1.0,-2.109365278854966
0.23333333432674408,0.1666666716337204,0.9403182864189148,0.05999999865889549,0.3499999940395355,0.5555555820465088,-0.03705712407827377,0.10602948814630508,0.04328758642077446,-0.10996922105550766,-0.036543019115924835,1.0,-2.357369564473629
0.23333333432674408,0.1666666716337204,0.939724862575531,0.07999999821186066,0.4000000059604645,0.5555555820465088,-0.03829885274171829,0.10789698362350464,0.04382028803229332,-0.10919799655675888,-0.03760911524295807,1.0,-2.6393414065241814
0.2666666805744171,0.1666666716337204,0.9390515089035034,0.07999999821186066,0.44999998807907104,0.5555555820465088,-0.03998548537492752,0.1090174987912178,0.04664308577775955,-0.10800140351057053,-0.03760583698749542,1.0,-2.8573695346713066
0.2666666805744171,0.1666666716337204,0.9384580850601196,0.07999999821186066,0.5,0.5555555820465088,-0.0419536828994751,0.11215201020240784,0.047044288367033005,-0.10754847526550293,-0.03812367841601372,1.0,-3.1693653725087643
0.2666666805744171,0.20000000298023224,0.9377846717834473,0.10000000149011612,0.550000011920929,0.5555555820465088,-0.04290048032999039,0.11434278637170792,0.04549407958984375,-0.10656365752220154,-0.04040743038058281,1.0,-3.4493654258549213
0.2666666805744171,0.23333333432674408,0.9371112585067749,0.11999999731779099,0.6000000238418579,0.5555555820465088,-0.04359930753707886,0.11626650393009186,0.04363139718770981,-0.10626834630966187,-0.0435633659362793,1.0,-3.731360960751772
0.30000001192092896,0.2666666805744171,0.936357855796814,0.11999999731779099,0.6499999761581421,0.5555555820465088,-0.04429356008768082,0.11663118004798889,0.044887591153383255,-0.10588593780994415,-0.0453600138425827,1.0,-3.8853498585522175
0.2666666805744171,0.2666666805744171,0.9358444809913635,0.11999999731779099,0.699999988079071,0.5555555820465088,-0.04602523520588875,0.12150092422962189,0.04187667369842529,-0.10661065578460693,-0.04599503427743912,1.0,-192.0
0.03333333507180214,0.0,0.970139741897583,0.0,0.0,0.5252525210380554,-0.03323005139827728,0.10940153896808624,0.029278868809342384,-0.12480394542217255,-0.04365672916173935,1.0,-0.2609729766845703
0.13333334028720856,0.0,0.9694873094558716,0.0,0.0,0.5252525210380554,-0.03214602172374725,0.10394099354743958,0.035007886588573456,-0.12002913653850555,-0.039612069725990295,1.0,-0.22695758752524853
0.13333334028720856,0.03333333507180214,0.9689949154853821,0.019999999552965164,0.0,0.5252525210380554,-0.0311068594455719,0.101164810359478,0.034136753529310226,-0.11928623914718628,-0.04108826071023941,1.0,-0.4749618172645569
0.13333334028720856,0.03333333507180214,0.9685825109481812,0.03999999910593033,0.05000000074505806,0.5252525210380554,-0.03131941705942154,0.10322477668523788,0.03414824604988098,-0.11899883300065994,-0.04134833440184593,1.0,-0.7869814354926348
0.13333334028720856,0.06666667014360428,0.9680900573730469,0.05999999865889549,0.10000000149011612,0.5252525210380554,-0.03124561905860901,0.10379840433597565,0.034320808947086334,-0.11818483471870422,-0.042784683406353,1.0,-1.068953389301896
0.20000000298023224,0.06666667014360428,0.9675176739692688,0.05999999865889549,0.15000000596046448,0.5252525210380554,-0.032167330384254456,0.1036013513803482,0.0393231064081192,-0.11514197289943695,-0.039698462933301926,1.0,-1.2869576010853052
0.23333333432674408,0.06666667014360428,0.9670252799987793,0.05999999865889549,0.20000000298023224,0.5252525210380554,-0.03310786187648773,0.10469585657119751,0.04210171103477478,-0.11428579688072205,-0.038021691143512726,1.0,-1.5369814280420542
0.2666666805744171,0.06666667014360428,0.966532826423645,0.05999999865889549,0.25,0.5252525210380554,-0.034593965858221054,0.10582450032234192,0.04506565257906914,-0.11345475912094116,-0.03698476031422615,1.0,-1.7869576457887888
0.23333333432674408,0.13333334028720856,0.9660404324531555,0.05999999865889549,0.30000001192092896,0.5252525210380554,-0.035768430680036545,0.10523617267608643,0.04297284781932831,-0.11139717698097229,-0.03863084316253662,1.0,-2.0349617823958397
0.23333333432674408,0.13333334028720856,0.9656280279159546,0.07999999821186066,0.3499999940395355,0.5252525210380554,-0.036962565034627914,0.10736104846000671,0.043589912354946136,-0.11073067039251328,-0.03940710425376892,1.0,-2.3469576202332973
0.23333333432674408,0.1666666716337204,0.9651356339454651,0.10000000149011612,0.4000000059604645,0.5252525210380554,-0.03815385699272156,0.1082344502210617,0.04375947639346123,-0.10875505208969116,-0.040233805775642395,1.0,-2.5969813726842403
0.23333333432674408,0.20000000298023224,0.9646431803703308,0.10000000149011612,0.44999998807907104,0.5252525210380554,-0.04009696841239929,0.11026546359062195,0.044120464473962784,-0.10695640742778778,-0.04011370986700058,1.0,-2.908953357487917
0.30000001192092896,0.20000000298023224,0.9640707969665527,0.11999999731779099,0.5,0.5252525210380554,-0.04067971929907799,0.10969237983226776,0.0485876202583313,-0.10517404228448868,-0.041325706988573074,1.0,-3.0949618704617023
0.2666666805744171,0.23333333432674408,0.9636583924293518,0.11999999731779099,0.550000011920929,0.5252525210380554,-0.042227718979120255,0.11377917230129242,0.04487943649291992,-0.10556943714618683,-0.04349923133850098,1.0,-3.3749619349837303
0.2666666805744171,0.23333333432674408,0.9632459878921509,0.14000000059604645,0.6000000238418579,0.5252525210380554,-0.04337932914495468,0.11695301532745361,0.04379558563232422,-0.10548129677772522,-0.045381419360637665,1.0,-3.626981306821108
0.30000001192092896,0.23333333432674408,0.9627535343170166,0.11999999731779099,0.6499999761581421,0.5252525210380554,-0.044959455728530884,0.11874590814113617,0.04649679735302925,-0.10569140315055847,-0.04471645504236221,1.0,-3.908953297883272
0.36666667461395264,0.23333333432674408,0.9621811509132385,0.11999999731779099,0.699999988079071,0.5252525210380554,-0.045212022960186005,0.11873321235179901,0.052215635776519775,-0.10529031604528427,-0.044851385056972504,1.0,-4.094961810857058
0.36666667461395264,0.23333333432674408,0.9617687463760376,0.11999999731779099,0.75,0.5252525210380554,-0.04624562710523605,0.12252090126276016,0.05232364684343338,-0.10563813149929047,-0.04493292048573494,1.0,-4.344961870461702
0.36666667461395264,0.23333333432674408,0.9613563418388367,0.11999999731779099,0.800000011920929,0.5252525210380554,-0.047208018600940704,0.12605927884578705,0.052409231662750244,-0.10593844950199127,-0.044860243797302246,1.0,-4.62496193498373
0.36666667461395264,0.23333333432674408,0.9609439373016357,0.14000000059604645,0.8500000238418579,0.5252525210380554,-0.04796585813164711,0.12933018803596497,0.0518629252910614,-0.10598812997341156,-0.046151380985975266,1.0,-117.0
0.03333333507180214,0.0,0.9700099229812622,0.0,0.0,0.5252525210380554,-0.033230725675821304,0.10939433425664902,0.029277583584189415,-0.1248064637184143,-0.04365292191505432,1.0,-0.14791488647460938
0.06666667014360428,0.0,0.9696401357650757,0.0,0.0,0.5252525210380554,-0.03256756439805031,0.10718517750501633,0.03102327138185501,-0.12335895001888275,-0.04273783415555954,1.0,-0.2099106591194868
0.10000000149011612,0.03333333507180214,0.9691903591156006,0.019999999552965164,0.0,0.5252525210380554,-0.03140430897474289,0.10284629464149475,0.03210239112377167,-0.12093088030815125,-0.04252217337489128,1.0,-0.39591911621391773
0.06666667014360428,0.06666667014360428,0.9689005613327026,0.019999999552965164,0.05000000074505806,0.5252525210380554,-0.031707655638456345,0.10661475360393524,0.031000588089227676,-0.12098818272352219,-0.0436757393181324,1.0,-0.7399106658995152
0.03333333507180214,0.1666666716337204,0.9684507846832275,0.03999999910593033,0.10000000149011612,0.5252525210380554,-0.032580386847257614,0.10485993325710297,0.025717949494719505,-0.11909452080726624,-0.04446008801460266,1.0,-0.8658953011035919
0.03333333507180214,0.1666666716337204,0.9681610465049744,0.0,0.15000000596046448,0.5252525210380554,-0.03529457002878189,0.10917885601520538,0.027083072811365128,-0.11856764554977417,-0.04183190315961838,1.0,-1.0839233547449112
0.0,0.1666666716337204,0.967951238155365,0.0,0.20000000298023224,0.5252525210380554,-0.03723035007715225,0.11401629447937012,0.025544557720422745,-0.11858686804771423,-0.04119736701250076,1.0,-1.2820196151733398
0.03333333507180214,0.1666666716337204,0.9678711891174316,0.0,0.25,0.5252525210380554,-0.03763651102781296,0.11377328634262085,0.028397858142852783,-0.11724492907524109,-0.040489472448825836,1.0,-1.5838995575904846
0.0,0.1666666716337204,0.967661440372467,0.0,0.30000001192092896,0.5252525210380554,-0.039156727492809296,0.118675097823143,0.026668250560760498,-0.117312490940094,-0.03996710106730461,1.0,-1.8140153586864471
0.0,0.23333333432674408,0.9675014019012451,0.0,0.3499999940395355,0.5252525210380554,-0.039779067039489746,0.11720249056816101,0.025958377867937088,-0.11455002427101135,-0.03917880728840828,1.0,-2.031995803117752
0.0,0.2666666805744171,0.9674214124679565,0.0,0.4000000059604645,0.5252525210380554,-0.04126651957631111,0.11792998015880585,0.026176465675234795,-0.1131601557135582,-0.03872990608215332,1.0,-2.282019555568695
0.03333333507180214,0.2666666805744171,0.9673413634300232,0.0,0.44999998807907104,0.5252525210380554,-0.04279106855392456,0.11912563443183899,0.029495561495423317,-0.11184448003768921,-0.038210172206163406,1.0,-2.679910659790039
0.10000000149011612,0.2666666805744171,0.9668915867805481,0.0,0.5,0.5252525210380554,-0.0441611185669899,0.11867521703243256,0.035630129277706146,-0.10959620773792267,-0.037913065403699875,1.0,-2.895919172093272
0.10000000149011612,0.2666666805744171,0.9666017889976501,0.019999999552965164,0.550000011920929,0.5252525210380554,-0.0453111007809639,0.12164296209812164,0.03481970354914665,-0.1089148074388504,-0.039380546659231186,1.0,-3.239910777658224
0.1666666716337204,0.2666666805744171,0.966152012348175,0.03999999910593033,0.6000000238418579,0.5252525210380554,-0.045413605868816376,0.1212644875049591,0.03859429061412811,-0.10794159770011902,-0.04167084023356438,1.0,-3.489910539239645
0.20000000298023224,0.30000001192092896,0.9657022356987,0.03999999910593033,0.6499999761581421,0.5252525210380554,-0.04589159041643143,0.12141960114240646,0.03976289927959442,-0.10750782489776611,-0.04334518313407898,1.0,-3.6439232788980007
0.1666666716337204,0.30000001192092896,0.9654924273490906,0.03999999910593033,0.699999988079071,0.5252525210380554,-0.0473366305232048,0.12605246901512146,0.03663570061326027,-0.10818833112716675,-0.04381971061229706,1.0,-4.019910657778382
0.23333333432674408,0.30000001192092896,0.9650426506996155,0.05999999865889549,0.75,0.5252525210380554,-0.04793700948357582,0.12588569521903992,0.04050493240356445,-0.10752084106206894,-0.044631972908973694,1.0,-4.267914943397045
0.23333333432674408,0.3333333432674408,0.964672863483429,0.07999999821186066,0.800000011920929,0.5252525210380554,-0.04844074696302414,0.12757240235805511,0.03848237544298172,-0.10743290185928345,-0.04695623740553856,1.0,-4.48591922968626
0.23333333432674408,0.3333333432674408,0.964383065700531,0.07999999821186066,0.8500000238418579,0.5252525210380554,-0.049642499536275864,0.13011392951011658,0.038393162190914154,-0.10791836678981781,-0.0477311834692955,1.0,-219.0
0.03333333507180214,0.03333333507180214,0.9693213105201721,0.0,0.0,0.5252525210380554,-0.03260413557291031,0.10755838453769684,0.029030289500951767,-0.12380573153495789,-0.04446600377559662,1.0,-0.4612388648092747
0.03333333507180214,0.06666667014360428,0.9687932133674622,0.0,0.05000000074505806,0.5252525210380554,-0.03266110271215439,0.1097661554813385,0.029841218143701553,-0.12233059853315353,-0.04423823580145836,1.0,-0.6792430952191353
0.03333333507180214,0.06666667014360428,0.9683451056480408,0.0,0.10000000149011612,0.5252525210380554,-0.0338636077940464,0.11271747946739197,0.029908357188105583,-0.12212085723876953,-0.04355638846755028,1.0,-0.8972473442554474
0.0,0.06666667014360428,0.967976987361908,0.0,0.15000000596046448,0.5252525210380554,-0.03612193092703819,0.11670981347560883,0.027358246967196465,-0.12290924042463303,-0.04308437556028366,1.0,-1.0960111767053604
0.10000000149011612,0.06666667014360428,0.9677369594573975,0.0,0.20000000298023224,0.5252525210380554,-0.036135606467723846,0.1126696914434433,0.03454228490591049,-0.11898668110370636,-0.03951701894402504,1.0,-1.4592430870980024
0.10000000149011612,0.06666667014360428,0.9672888517379761,0.019999999552965164,0.25,0.5252525210380554,-0.03688080608844757,0.11454327404499054,0.03454600274562836,-0.11801077425479889,-0.03911074250936508,1.0,-1.7712389193475246
0.10000000149011612,0.10000000149011612,0.9667607545852661,0.03999999910593033,0.30000001192092896,0.5252525210380554,-0.03730731084942818,0.11439506709575653,0.034277938306331635,-0.11605367064476013,-0.039378706365823746,1.0,-1.957247283309698
0.06666667014360428,0.10000000149011612,0.9663926362991333,0.03999999910593033,0.3499999940395355,0.5252525210380554,-0.03886416554450989,0.11872934550046921,0.03278548642992973,-0.11658015102148056,-0.03942113369703293,1.0,-2.2392431162297726
0.06666667014360428,0.10000000149011612,0.9659445285797119,0.03999999910593033,0.4000000059604645,0.5252525210380554,-0.04061245173215866,0.12156147509813309,0.03342705965042114,-0.11593326181173325,-0.03953143209218979,1.0,-2.4912388008087873
0.10000000149011612,0.10000000149011612,0.965416431427002,0.019999999552965164,0.44999998807907104,0.5252525210380554,-0.042043302208185196,0.12336516380310059,0.03717998415231705,-0.11492548882961273,-0.03814301639795303,1.0,-2.773234633728862
0.1666666716337204,0.10000000149011612,0.9648083448410034,0.019999999552965164,0.5,0.5252525210380554,-0.043635670095682144,0.12271498143672943,0.04237067699432373,-0.11288323998451233,-0.03693215548992157,1.0,-2.9572473727166653
0.13333334028720856,0.10000000149011612,0.9644402265548706,0.03999999910593033,0.550000011920929,0.5252525210380554,-0.04503563791513443,0.126456618309021,0.039806291460990906,-0.11266789585351944,-0.038789138197898865,1.0,-3.335254367440939
0.23333333432674408,0.10000000149011612,0.9637520909309387,0.03999999910593033,0.6000000238418579,0.5252525210380554,-0.046157799661159515,0.12451028823852539,0.04692618548870087,-0.11042952537536621,-0.037700291723012924,1.0,-3.5192429665476084
0.23333333432674408,0.10000000149011612,0.9633039832115173,0.05999999865889549,0.6499999761581421,0.5252525210380554,-0.04748691990971565,0.12715910375118256,0.04681360349059105,-0.10984215885400772,-0.03910908102989197,1.0,-3.767247252166271
0.20000000298023224,0.10000000149011612,0.9629358649253845,0.07999999821186066,0.699999988079071,0.5252525210380554,-0.048684705048799515,0.13142439723014832,0.04394303634762764,-0.11018296331167221,-0.04110290855169296,1.0,-4.083234632387757
0.23333333432674408,0.13333334028720856,0.962327778339386,0.05999999865889549,0.75,0.5252525210380554,-0.04935918003320694,0.13199636340141296,0.04549913853406906,-0.10991182923316956,-0.04119159281253815,1.0,-4.2992431446909904
0.23333333432674408,0.13333334028720856,0.9618796706199646,0.07999999821186066,0.800000011920929,0.5252525210380554,-0.04994742572307587,0.13479408621788025,0.04574991390109062,-0.11007989943027496,-0.042813342064619064,1.0,-4.611238982528448
0.2666666805744171,0.13333334028720856,0.9613515734672546,0.10000000149011612,0.8500000238418579,0.5252525210380554,-0.04971721023321152,0.13715893030166626,0.04861600697040558,-0.10982641577720642,-0.04366743192076683,1.0,-4.859242964535952
0.2666666805744171,0.13333334028720856,0.9609034657478333,0.11999999731779099,0.8999999761581421,0.5252525210380554,-0.05040676146745682,0.1400875747203827,0.048549585044384,-0.10983098298311234,-0.04534811154007912,1.0,-5.109243024140596
0.23333333432674408,0.1666666716337204,0.9604553580284119,0.11999999731779099,0.949999988079071,0.5252525210380554,-0.051726046949625015,0.14197984337806702,0.045261140912771225,-0.11018865555524826,-0.04774053767323494,1.0,-138.0
0.0,0.0,0.968885600566864,0.0,0.0,0.5252525210380554,-0.0341201089322567,0.11160237342119217,0.027442127466201782,-0.12587077915668488,-0.0440647229552269,1.0,-2.384185791015625e-05
0.0,0.0,0.9688855409622192,0.0,0.0,0.5252525210380554,-0.0341201052069664,0.11160235852003098,0.02744213491678238,-0.12587076425552368,-0.0440647155046463,1.0,-0.09598731994628906
0.0,0.10000000149011612,0.9686455726623535,0.0,0.0,0.5252525210380554,-0.03178396448493004,0.10672670602798462,0.02577747404575348,-0.12447625398635864,-0.04782477021217346,1.0,-0.28201961889863014
0.03333333507180214,0.10000000149011612,0.9685655236244202,0.0,0.05000000074505806,0.5252525210380554,-0.032121844589710236,0.1087801605463028,0.02910139225423336,-0.12120218575000763,-0.0443880558013916,1.0,-0.6501798704266548
0.03333333507180214,0.13333334028720856,0.96819007396698,0.0,0.10000000149011612,0.5252525210380554,-0.033773232251405716,0.10908722132444382,0.027929410338401794,-0.11981762945652008,-0.04282647743821144,1.0,-0.8681602776050568
0.03333333507180214,0.13333334028720856,0.9678946733474731,0.0,0.15000000596046448,0.5252525210380554,-0.035605594515800476,0.1110725849866867,0.027632832527160645,-0.11975643783807755,-0.0418839193880558,1.0,-1.1181841045618057
0.03333333507180214,0.13333334028720856,0.9675992131233215,0.0,0.20000000298023224,0.5252525210380554,-0.036779992282390594,0.11320550739765167,0.028219902887940407,-0.1191621720790863,-0.04122007638216019,1.0,-1.3361644744873047
0.0,0.13333334028720856,0.9673838019371033,0.0,0.25,0.5252525210380554,-0.03847530484199524,0.11795888841152191,0.026731375604867935,-0.11916734278202057,-0.04075150191783905,1.0,-1.5319958329200745
0.0,0.1666666716337204,0.9673038125038147,0.0,0.30000001192092896,0.5252525210380554,-0.03915299475193024,0.11865995079278946,0.02667333371937275,-0.11731350421905518,-0.03996289521455765,1.0,-1.8460111320018768
0.10000000149011612,0.1666666716337204,0.9670637845993042,0.0,0.3499999940395355,0.5252525210380554,-0.03892805427312851,0.11494186520576477,0.035032495856285095,-0.11379264295101166,-0.0379292294383049,1.0,-2.1801798921078444
0.10000000149011612,0.20000000298023224,0.966688334941864,0.019999999552965164,0.4000000059604645,0.5252525210380554,-0.04059503227472305,0.1158275455236435,0.0349569171667099,-0.11216501146554947,-0.0386555939912796,1.0,-2.4921755753457546
0.13333334028720856,0.23333333432674408,0.9662328958511353,0.03999999910593033,0.44999998807907104,0.5252525210380554,-0.04214189574122429,0.11526690423488617,0.037587136030197144,-0.10952525585889816,-0.038978900760412216,1.0,-2.7421756349503994
0.20000000298023224,0.23333333432674408,0.9657774567604065,0.03999999910593033,0.5,0.5252525210380554,-0.043450187891721725,0.11474411189556122,0.04301911219954491,-0.1078469306230545,-0.039113834500312805,1.0,-2.992151852697134
0.2666666805744171,0.23333333432674408,0.9653220772743225,0.03999999910593033,0.550000011920929,0.5252525210380554,-0.04389457777142525,0.11438986659049988,0.04753393679857254,-0.107023686170578,-0.040119342505931854,1.0,-3.2721757534891367
0.30000001192092896,0.2666666805744171,0.9648666381835938,0.05999999865889549,0.6000000238418579,0.5252525210380554,-0.044233426451683044,0.11483760923147202,0.04816148802638054,-0.10600124299526215,-0.04242518171668053,1.0,-3.5541712883859873
0.4000000059604645,0.2666666805744171,0.9643312096595764,0.05999999865889549,0.6499999761581421,0.5252525210380554,-0.04413827881217003,0.11251044273376465,0.056508079171180725,-0.10567556321620941,-0.04315059259533882,1.0,-3.7381840273737907
0.36666667461395264,0.30000001192092896,0.9640357494354248,0.07999999821186066,0.699999988079071,0.5252525210380554,-0.045857273042201996,0.1159711480140686,0.051136985421180725,-0.10549355298280716,-0.04521854966878891,1.0,-4.0181602500379086
0.36666667461395264,0.30000001192092896,0.963740348815918,0.10000000149011612,0.75,0.5252525210380554,-0.04663674905896187,0.11922158300876617,0.05055318772792816,-0.10553799569606781,-0.04655902087688446,1.0,-4.300179924815893
0.4000000059604645,0.30000001192092896,0.9633648991584778,0.10000000149011612,0.800000011920929,0.5252525210380554,-0.04709118977189064,0.12121432274580002,0.053961750119924545,-0.10546544194221497,-0.04685550183057785,1.0,-4.54816036298871
0.36666667461395264,0.3333333432674408,0.963069498538971,0.11999999731779099,0.8500000238418579,0.5252525210380554,-0.0482013113796711,0.12425706535577774,0.048760026693344116,-0.10573253035545349,-0.04939907789230347,1.0,-181.07623958587646
0.0,0.0,0.9453788995742798,0.0,0.0,0.5555555820465088,-0.03375154733657837,0.11119714379310608,0.0268451776355505,-0.12641938030719757,-0.04218605160713196,1.0,0.0
0.0,0.0,0.9453788995742798,0.0,0.0,0.5555555820465088,-0.03375154733657837,0.11119714379310608,0.0268451776355505,-0.12641938030719757,-0.04218605160713196,1.0,-0.032019615173339844
0.03333333507180214,0.0,0.9452988505363464,0.0,0.0,0.5555555820465088,-0.033020492643117905,0.10913768410682678,0.028671983629465103,-0.1252291053533554,-0.041717104613780975,1.0,-0.22428035736083984
0.06666667014360428,0.0,0.9447381496429443,0.0,0.0,0.5555555820465088,-0.03246018663048744,0.10722565650939941,0.030496513471007347,-0.12374898046255112,-0.040767546743154526,1.0,-0.28629997186362743
0.06666667014360428,0.06666667014360428,0.9440973997116089,0.019999999552965164,0.0,0.5555555820465088,-0.03069090098142624,0.10241726040840149,0.029588758945465088,-0.12254522740840912,-0.043048180639743805,1.0,-0.5042803604155779
0.10000000149011612,0.06666667014360428,0.9435366988182068,0.019999999552965164,0.05000000074505806,0.5555555820465088,-0.030975863337516785,0.10456351935863495,0.03224609047174454,-0.12006151676177979,-0.04077596217393875,1.0,-0.7222845908254385
0.10000000149011612,0.06666667014360428,0.9430559873580933,0.019999999552965164,0.10000000149011612,0.5555555820465088,-0.032636936753988266,0.10717175900936127,0.03234386444091797,-0.11992128193378448,-0.03995620086789131,1.0,-0.9702888391911983
0.06666667014360428,0.06666667014360428,0.9426552653312683,0.03999999910593033,0.15000000596046448,0.5555555820465088,-0.03398170322179794,0.10981564223766327,0.029925230890512466,-0.12094555050134659,-0.040924377739429474,1.0,-1.2522845976054668
0.06666667014360428,0.06666667014360428,0.9421745538711548,0.03999999910593033,0.20000000298023224,0.5555555820465088,-0.03506143391132355,0.1123286709189415,0.03042827919125557,-0.12027117609977722,-0.040539100766181946,1.0,-1.5042803566902876
0.10000000149011612,0.06666667014360428,0.9416138529777527,0.019999999552965164,0.25,0.5555555820465088,-0.036707084625959396,0.1143675446510315,0.03392676264047623,-0.11816474795341492,-0.036876436322927475,1.0,-1.690288869664073
0.06666667014360428,0.06666667014360428,0.9412131309509277,0.019999999552965164,0.30000001192092896,0.5555555820465088,-0.03786696493625641,0.1181255504488945,0.03340888395905495,-0.11869130283594131,-0.03791035711765289,1.0,-2.0662760995328426
0.10000000149011612,0.10000000149011612,0.9405724406242371,0.03999999910593033,0.3499999940395355,0.5555555820465088,-0.03869934752583504,0.1164185032248497,0.03487735986709595,-0.11557373404502869,-0.03715438395738602,1.0,-2.25430422835052
0.10000000149011612,0.13333334028720856,0.9400116801261902,0.019999999552965164,0.4000000059604645,0.5555555820465088,-0.04036293923854828,0.11838924884796143,0.035424865782260895,-0.11448320746421814,-0.03683773800730705,1.0,-2.5662760697305202
0.13333334028720856,0.1666666716337204,0.9393709897994995,0.03999999910593033,0.44999998807907104,0.5555555820465088,-0.041814252734184265,0.11724428087472916,0.037332721054553986,-0.11160583049058914,-0.03753539174795151,1.0,-2.7522845827043056
0.13333334028720856,0.1666666716337204,0.938890278339386,0.03999999910593033,0.5,0.5555555820465088,-0.043656475841999054,0.12019016593694687,0.03761062026023865,-0.11105566471815109,-0.037768878042697906,1.0,-3.0022846423089504
0.13333334028720856,0.1666666716337204,0.9384095668792725,0.03999999910593033,0.550000011920929,0.5555555820465088,-0.04530695080757141,0.12278538942337036,0.038080379366874695,-0.11054381728172302,-0.03783908486366272,1.0,-3.3142804745584726
0.1666666716337204,0.1666666716337204,0.9378488659858704,0.05999999865889549,0.6000000238418579,0.5555555820465088,-0.04614562913775444,0.12398231029510498,0.039952244609594345,-0.10945283621549606,-0.039181992411613464,1.0,-3.500288689509034
0.13333334028720856,0.1666666716337204,0.9374481439590454,0.05999999865889549,0.6499999761581421,0.5555555820465088,-0.04701688140630722,0.12800467014312744,0.03785688430070877,-0.11029605567455292,-0.04102735221385956,1.0,-3.7822845224291086
0.10000000149011612,0.20000000298023224,0.9369674324989319,0.05999999865889549,0.699999988079071,0.5555555820465088,-0.04772423580288887,0.13030073046684265,0.03506261855363846,-0.11058582365512848,-0.04405844956636429,1.0,-4.096299970522523
0.1666666716337204,0.20000000298023224,0.9363266825675964,0.05999999865889549,0.75,0.5555555820465088,-0.048911433666944504,0.13083502650260925,0.03911960870027542,-0.10976815223693848,-0.043331749737262726,1.0,-156.0
0.0,0.0,0.9764457941055298,0.0,0.0,0.5151515007019043,-0.034307826310396194,0.1117483526468277,0.027740098536014557,-0.1257176697254181,-0.04470914602279663,1.0,-0.09601116180419922
0.06666667014360428,0.03333333507180214,0.9762057662010193,0.0,0.0,0.5151515007019043,-0.032095201313495636,0.10554616898298264,0.031010456383228302,-0.12242308259010315,-0.044127319008111954,1.0,-0.40037754364311695
0.03333333507180214,0.06666667014360428,0.9759048223495483,0.019999999552965164,0.05000000074505806,0.5151515007019043,-0.03270942345261574,0.10887553542852402,0.029228264465928078,-0.1219588965177536,-0.045021913945674896,1.0,-0.7163648679852486
0.10000000149011612,0.10000000149011612,0.9753639101982117,0.0,0.10000000149011612,0.5151515007019043,-0.032363880425691605,0.10615944862365723,0.033646464347839355,-0.1187552958726883,-0.0433378592133522,1.0,-0.9323733430355787
0.10000000149011612,0.13333334028720856,0.9749829769134521,0.019999999552965164,0.15000000596046448,0.5151515007019043,-0.03355148062109947,0.105931356549263,0.032308369874954224,-0.1175290048122406,-0.04289393872022629,1.0,-1.1803775541484356
0.10000000149011612,0.13333334028720856,0.9746820330619812,0.03999999910593033,0.20000000298023224,0.5151515007019043,-0.03469796106219292,0.10756994038820267,0.0320463702082634,-0.1167636513710022,-0.042323801666498184,1.0,-1.4943690858781338
0.13333334028720856,0.1666666716337204,0.9742211103439331,0.03999999910593033,0.25,0.5151515007019043,-0.03508138284087181,0.10652881860733032,0.03500496596097946,-0.1136980727314949,-0.04064491018652916,1.0,-1.6803775988519192
0.13333334028720856,0.1666666716337204,0.9739201664924622,0.03999999910593033,0.30000001192092896,0.5151515007019043,-0.03663032129406929,0.10934614390134811,0.036034177988767624,-0.11292634904384613,-0.040136754512786865,1.0,-1.930377509444952
0.13333334028720856,0.1666666716337204,0.9736192226409912,0.03999999910593033,0.3499999940395355,0.5151515007019043,-0.03825921565294266,0.11221839487552643,0.03708365932106972,-0.11218037456274033,-0.03973248600959778,1.0,-2.274392956867814
0.13333334028720856,0.23333333432674408,0.9731582403182983,0.05999999865889549,0.4000000059604645,0.5151515007019043,-0.03998230770230293,0.11179542541503906,0.03670145571231842,-0.10927598178386688,-0.040400683879852295,1.0,-2.460353637114167
0.13333334028720856,0.23333333432674408,0.9728573560714722,0.05999999865889549,0.44999998807907104,0.5151515007019043,-0.04201044514775276,0.11526069045066833,0.0372876338660717,-0.10886356979608536,-0.04014868289232254,1.0,-2.742397153750062
0.13333334028720856,0.2666666805744171,0.9724763631820679,0.05999999865889549,0.5,0.5151515007019043,-0.04355291649699211,0.1168237179517746,0.036985352635383606,-0.10772595554590225,-0.04111321270465851,1.0,-2.9603537563234568
0.13333334028720856,0.2666666805744171,0.9721754789352417,0.05999999865889549,0.550000011920929,0.5151515007019043,-0.044568419456481934,0.11983289569616318,0.03645934537053108,-0.10777358710765839,-0.04205741733312607,1.0,-3.178381884470582
0.10000000149011612,0.2666666805744171,0.9719545245170593,0.05999999865889549,0.6000000238418579,0.5151515007019043,-0.0458756759762764,0.12431962788105011,0.033134154975414276,-0.10852371901273727,-0.04305277764797211,1.0,-3.556388581171632
0.13333334028720856,0.3333333432674408,0.9714135527610779,0.05999999865889549,0.6499999761581421,0.5151515007019043,-0.04569002985954285,0.1232832670211792,0.033747874200344086,-0.10766337811946869,-0.04614265635609627,1.0,-3.7103774789720774
0.13333334028720856,0.3333333432674408,0.9711126089096069,0.05999999865889549,0.699999988079071,0.5151515007019043,-0.04688900709152222,0.12638109922409058,0.033462800085544586,-0.10790068656206131,-0.046677928417921066,1.0,-3.962373312562704
0.13333334028720856,0.36666667461395264,0.9707316756248474,0.03999999910593033,0.75,0.5151515007019043,-0.047757938504219055,0.12804852426052094,0.03337796777486801,-0.10820122808218002,-0.04765399545431137,1.0,-4.210353756323457
0.13333334028720856,0.36666667461395264,0.9704307913780212,0.05999999865889549,0.800000011920929,0.5151515007019043,-0.048769377171993256,0.13053978979587555,0.03308899328112602,-0.1082748994231224,-0.04981362074613571,1.0,-4.428381884470582
0.10000000149011612,0.36666667461395264,0.9702098369598389,0.05999999865889549,0.8500000238418579,0.5151515007019043,-0.05003909394145012,0.13434819877147675,0.03264209255576134,-0.10998362302780151,-0.05357629060745239,1.0,-4.774368965998292
0.13333334028720856,0.4000000059604645,0.9697489142417908,0.05999999865889549,0.8999999761581421,0.5151515007019043,-0.050686340779066086,0.13469120860099792,0.03384566307067871,-0.109864741563797,-0.054936483502388,1.0,-181.2217254638672
0.06666667014360428,0.03333333507180214,0.9591946005821228,0.0,0.0,0.5353535413742065,-0.0319662019610405,0.10545787215232849,0.030705846846103668,-0.12267284095287323,-0.042882148176431656,1.0,-0.41678074188530445
0.03333333507180214,0.06666667014360428,0.9588526487350464,0.019999999552965164,0.05000000074505806,0.5353535413742065,-0.032243721187114716,0.10838163644075394,0.028884224593639374,-0.12229657918214798,-0.04385189712047577,1.0,-0.6687765195965767
0.06666667014360428,0.06666667014360428,0.9584307074546814,0.0,0.10000000149011612,0.5353535413742065,-0.033313386142253876,0.11038804054260254,0.031796976923942566,-0.12111599743366241,-0.04209773242473602,1.0,-0.8847611527889967
0.03333333507180214,0.06666667014360428,0.9581688046455383,0.019999999552965164,0.15000000596046448,0.5353535413742065,-0.03503705561161041,0.1132555827498436,0.028853027150034904,-0.1221114993095398,-0.04266024008393288,1.0,-1.1687765270471573
0.03333333507180214,0.10000000149011612,0.9577468633651733,0.0,0.20000000298023224,0.5353535413742065,-0.036635152995586395,0.11449022591114044,0.028739318251609802,-0.12052764743566513,-0.040884893387556076,1.0,-1.418776512145996
0.03333333507180214,0.13333334028720856,0.9573249220848083,0.0,0.25,0.5353535413742065,-0.037682536989450455,0.11509089171886444,0.028802860528230667,-0.11860615015029907,-0.03989115357398987,1.0,-1.7327681183815002
0.10000000149011612,0.1666666716337204,0.9567430019378662,0.0,0.30000001192092896,0.5353535413742065,-0.037547919899225235,0.11206205189228058,0.03420646861195564,-0.11441174894571304,-0.037509985268116,1.0,-1.9807722549885511
0.13333334028720856,0.20000000298023224,0.9562410712242126,0.019999999552965164,0.3499999940395355,0.5353535413742065,-0.03833490610122681,0.11086325347423553,0.03679165244102478,-0.1116289272904396,-0.03778801113367081,1.0,-2.1967807672917843
0.13333334028720856,0.20000000298023224,0.9558991193771362,0.03999999910593033,0.4000000059604645,0.5353535413742065,-0.04006679728627205,0.11321152001619339,0.0371532179415226,-0.11107464134693146,-0.038398467004299164,1.0,-2.446780677884817
0.10000000149011612,0.23333333432674408,0.9555571675300598,0.03999999910593033,0.44999998807907104,0.5353535413742065,-0.04226429760456085,0.11670690774917603,0.03440331295132637,-0.11036960780620575,-0.03879415616393089,1.0,-2.7267807368189096
0.10000000149011612,0.23333333432674408,0.9552152156829834,0.05999999865889549,0.5,0.5353535413742065,-0.0440109446644783,0.11930924654006958,0.03420097380876541,-0.10917605459690094,-0.03963896632194519,1.0,-3.040772343054414
0.13333334028720856,0.2666666805744171,0.9547132849693298,0.05999999865889549,0.550000011920929,0.5353535413742065,-0.04425167292356491,0.11936605721712112,0.03571229800581932,-0.10824984312057495,-0.04170847684144974,1.0,-3.260772403329611
0.20000000298023224,0.2666666805744171,0.9542113542556763,0.03999999910593033,0.6000000238418579,0.5353535413742065,-0.04502677917480469,0.11928969621658325,0.040871113538742065,-0.10771967470645905,-0.0414147712290287,1.0,-3.446756776422262
0.20000000298023224,0.2666666805744171,0.9538694620132446,0.03999999910593033,0.6499999761581421,0.5353535413742065,-0.04626265540719032,0.12232453376054764,0.040329597890377045,-0.10786623507738113,-0.04208090901374817,1.0,-3.694784903898835
0.1666666716337204,0.2666666805744171,0.9536074995994568,0.05999999865889549,0.699999988079071,0.5353535413742065,-0.04750492051243782,0.12681494653224945,0.03671072795987129,-0.10824856162071228,-0.04384220391511917,1.0,-3.9767807368189096
0.1666666716337204,0.2666666805744171,0.9532655477523804,0.05999999865889549,0.75,0.5353535413742065,-0.048701297491788864,0.12916199862957,0.03680414333939552,-0.10879054665565491,-0.04480701684951782,1.0,-4.288776569068432
0.1666666716337204,0.30000001192092896,0.9528436064720154,0.07999999821186066,0.800000011920929,0.5353535413742065,-0.049171045422554016,0.13042238354682922,0.035299211740493774,-0.10882826149463654,-0.04766373708844185,1.0,-4.56875279173255
0.20000000298023224,0.30000001192092896,0.9524217247962952,0.10000000149011612,0.8500000238418579,0.5353535413742065,-0.049959924072027206,0.13161112368106842,0.036801766604185104,-0.10864388197660446,-0.048890985548496246,1.0,-4.818776395171881
0.1666666716337204,0.36666667461395264,0.9519997835159302,0.10000000149011612,0.8999999761581421,0.5353535413742065,-0.05041685700416565,0.13354764878749847,0.034287527203559875,-0.10926565527915955,-0.054157864302396774,1.0,-5.006780676543713
0.1666666716337204,0.36666667461395264,0.9516578316688538,0.07999999821186066,0.949999988079071,0.5353535413742065,-0.051870666444301605,0.13607199490070343,0.035218074917793274,-0.11016193777322769,-0.054483745247125626,1.0,-225.53658199310303
0.03333333507180214,0.06666667014360428,0.9428163766860962,0.0,0.0,0.5555555820465088,-0.03164849430322647,0.10534706711769104,0.02840285934507847,-0.12413118779659271,-0.04369966685771942,1.0,-0.4178943671286106
0.0,0.13333334028720856,0.9423966407775879,0.0,0.05000000074505806,0.5555555820465088,-0.03219781443476677,0.1069784164428711,0.025328438729047775,-0.12351424247026443,-0.04455775022506714,1.0,-0.5320196226239204
0.03333333507180214,0.13333334028720856,0.9423165917396545,0.0,0.10000000149011612,0.5555555820465088,-0.032940760254859924,0.1080058366060257,0.027734436094760895,-0.12045198678970337,-0.04148959368467331,1.0,-0.885898619890213
0.03333333507180214,0.13333334028720856,0.9419768452644348,0.0,0.15000000596046448,0.5555555820465088,-0.03470805659890175,0.11016790568828583,0.027560198679566383,-0.12021789699792862,-0.04047270119190216,1.0,-1.1358986049890518
0.0,0.1666666716337204,0.9416370987892151,0.0,0.20000000298023224,0.5555555820465088,-0.03597485274076462,0.11318555474281311,0.025586793199181557,-0.1189882755279541,-0.039990998804569244,1.0,-1.3140153884887695
0.0,0.23333333432674408,0.9414770603179932,0.0,0.25,0.5555555820465088,-0.03672990947961807,0.11229079961776733,0.02480984479188919,-0.11585166305303574,-0.03851621598005295,1.0,-1.596011221408844
0.06666667014360428,0.2666666805744171,0.9412370324134827,0.0,0.30000001192092896,0.5555555820465088,-0.03705892339348793,0.10889674723148346,0.029903173446655273,-0.1126154363155365,-0.03685101866722107,1.0,-1.9799139481037855
0.10000000149011612,0.30000001192092896,0.940737247467041,0.019999999552965164,0.3499999940395355,0.5555555820465088,-0.03856804594397545,0.10759209096431732,0.03267434984445572,-0.11054149270057678,-0.038021937012672424,1.0,-2.1658986192196608
0.10000000149011612,0.30000001192092896,0.9403975009918213,0.019999999552965164,0.4000000059604645,0.5555555820465088,-0.040354348719120026,0.11057308316230774,0.033363185822963715,-0.11030313372612,-0.03825952857732773,1.0,-2.5098900757730007
0.13333334028720856,0.3333333432674408,0.9398977756500244,0.03999999910593033,0.44999998807907104,0.5555555820465088,-0.04100225493311882,0.11044307053089142,0.03487773984670639,-0.10850256681442261,-0.04091919958591461,1.0,-2.727918203920126
0.13333334028720856,0.36666667461395264,0.9394779801368713,0.03999999910593033,0.5,0.5555555820465088,-0.04141245782375336,0.11208301782608032,0.03343283012509346,-0.10840955376625061,-0.04322046414017677,1.0,-3.0098901949822903
0.20000000298023224,0.36666667461395264,0.9389782547950745,0.03999999910593033,0.550000011920929,0.5555555820465088,-0.0419539138674736,0.11206941306591034,0.0383271723985672,-0.10727129876613617,-0.04397068917751312,1.0,-3.2579183224588633
0.23333333432674408,0.36666667461395264,0.9385584592819214,0.05999999865889549,0.6000000238418579,0.5555555820465088,-0.042784206569194794,0.11344455927610397,0.039752040058374405,-0.1067177802324295,-0.04563094675540924,1.0,-3.507894242182374
0.2666666805744171,0.36666667461395264,0.9381387233734131,0.05999999865889549,0.6499999761581421,0.5555555820465088,-0.04389005899429321,0.11482575535774231,0.04176165908575058,-0.10662189871072769,-0.04589792340993881,1.0,-3.757918143644929
0.2666666805744171,0.4000000059604645,0.93771892786026,0.05999999865889549,0.699999988079071,0.5555555820465088,-0.04479919373989105,0.11637139320373535,0.04047476127743721,-0.10678321123123169,-0.047511134296655655,1.0,-4.037894360721111
0.2666666805744171,0.4333333373069763,0.9372991919517517,0.07999999821186066,0.75,0.5555555820465088,-0.04561198875308037,0.1177450567483902,0.03866664320230484,-0.10667992383241653,-0.05030423402786255,1.0,-4.28589865192771
0.2666666805744171,0.4333333373069763,0.936959445476532,0.10000000149011612,0.800000011920929,0.5555555820465088,-0.046737123280763626,0.12063673883676529,0.03755108639597893,-0.10673092305660248,-0.051726870238780975,1.0,-4.567918326705694
0.30000001192092896,0.4333333373069763,0.9365396499633789,0.10000000149011612,0.8500000238418579,0.5555555820465088,-0.04789403825998306,0.12201597541570663,0.03968234360218048,-0.10651436448097229,-0.052179910242557526,1.0,-4.847894240170717
0.3333333432674408,0.4333333373069763,0.9361199140548706,0.11999999731779099,0.8999999761581421,0.5555555820465088,-0.04785484820604324,0.12434358894824982,0.042294323444366455,-0.10560372471809387,-0.05407823994755745,1.0,-5.097918141633272
0.3333333432674408,0.46666666865348816,0.9357001185417175,0.11999999731779099,0.949999988079071,0.5555555820465088,-0.04798294976353645,0.1267554759979248,0.04187578335404396,-0.10515939444303513,-0.05639500543475151,1.0,0.0
0.0,0.0,0.9975258111953735,0.0,0.0,0.4848484992980957,-0.034773100167512894,0.11190676689147949,0.028581980615854263,-0.12533517181873322,-0.04647395759820938,1.0,-0.09601116180419922
0.10000000149011612,0.0,0.997285783290863,0.0,0.0,0.4848484992980957,-0.03311115503311157,0.10560862720012665,0.03389133885502815,-0.12106642127037048,-0.04314839094877243,1.0,-0.21179416589438915
0.10000000149011612,0.0,0.9968312978744507,0.019999999552965164,0.0,0.4848484992980957,-0.032861270010471344,0.10461767017841339,0.033303964883089066,-0.12106750905513763,-0.043512359261512756,1.0,-0.33778148517012596
0.1666666716337204,0.03333333507180214,0.9961368441581726,0.03999999910593033,0.0,0.4848484992980957,-0.03052651137113571,0.09853077679872513,0.03742939233779907,-0.11750759184360504,-0.04339846968650818,1.0,-0.5237899422645569
0.20000000298023224,0.03333333507180214,0.9956023693084717,0.03999999910593033,0.05000000074505806,0.4848484992980957,-0.0308363139629364,0.10008544474840164,0.04043236002326012,-0.11664901673793793,-0.042385656386613846,1.0,-0.7097745575010777
0.1666666716337204,0.03333333507180214,0.9952279329299927,0.03999999910593033,0.10000000149011612,0.4848484992980957,-0.03224295750260353,0.10488484054803848,0.03887278586626053,-0.11762799322605133,-0.04317738860845566,1.0,-1.0537899676710367
0.13333334028720856,0.10000000149011612,0.9946934580802917,0.05999999865889549,0.15000000596046448,0.4848484992980957,-0.03238338232040405,0.10463213920593262,0.035541217774152756,-0.11675600707530975,-0.04572055861353874,1.0,-1.3337661102414131
0.13333334028720856,0.13333334028720856,0.9941590428352356,0.07999999821186066,0.20000000298023224,0.4848484992980957,-0.03351997956633568,0.10464486479759216,0.03412846475839615,-0.11480406671762466,-0.044860899448394775,1.0,-1.6157857105135918
0.13333334028720856,0.20000000298023224,0.9935445785522461,0.07999999821186066,0.25,0.4848484992980957,-0.034725114703178406,0.10427550971508026,0.03393862769007683,-0.11164446175098419,-0.04413570836186409,1.0,-1.8317942284047604
0.10000000149011612,0.23333333432674408,0.9930900931358337,0.10000000149011612,0.30000001192092896,0.4848484992980957,-0.03649727255105972,0.10704260319471359,0.03137340396642685,-0.11039360612630844,-0.044797383248806,1.0,-2.1177814546972513
0.1666666716337204,0.2666666805744171,0.9923956394195557,0.05999999865889549,0.3499999940395355,0.4848484992980957,-0.03790786489844322,0.10561327636241913,0.03836466372013092,-0.10737989842891693,-0.04259432852268219,1.0,-2.3357857409864664
0.23333333432674408,0.2666666805744171,0.9917811751365662,0.05999999865889549,0.4000000059604645,0.4848484992980957,-0.03866095840930939,0.10506479442119598,0.04452565312385559,-0.106361523270607,-0.04255935177206993,1.0,-2.523789878934622
0.23333333432674408,0.30000001192092896,0.9912467002868652,0.03999999910593033,0.44999998807907104,0.4848484992980957,-0.04095572605729103,0.10747629404067993,0.04563537612557411,-0.1055794209241867,-0.042091600596904755,1.0,-2.7717703226953745
0.23333333432674408,0.30000001192092896,0.9907922744750977,0.05999999865889549,0.5,0.4848484992980957,-0.04185674339532852,0.11071939766407013,0.04450088366866112,-0.10552927851676941,-0.04374900087714195,1.0,-3.051794223487377
0.23333333432674408,0.30000001192092896,0.9903377890586853,0.07999999821186066,0.550000011920929,0.4848484992980957,-0.04274534806609154,0.11393517255783081,0.04341353476047516,-0.10555022954940796,-0.0453038215637207,1.0,-3.3337900564074516
0.2666666805744171,0.30000001192092896,0.9898033142089844,0.07999999821186066,0.6000000238418579,0.4848484992980957,-0.04382200539112091,0.11538919806480408,0.04537566006183624,-0.10550250113010406,-0.045300453901290894,1.0,-3.549774434417486
0.23333333432674408,0.30000001192092896,0.9894288778305054,0.10000000149011612,0.6499999761581421,0.4848484992980957,-0.04527205973863602,0.11986610293388367,0.04174872487783432,-0.10590606927871704,-0.04678149148821831,1.0,-3.893789876252413
0.2666666805744171,0.30000001192092896,0.9888944029808044,0.11999999731779099,0.699999988079071,0.4848484992980957,-0.04597046971321106,0.12130557000637054,0.04304174333810806,-0.10561245679855347,-0.047847144305706024,1.0,-4.111794162541628
0.2666666805744171,0.30000001192092896,0.9884399175643921,0.11999999731779099,0.75,0.4848484992980957,-0.04742397740483284,0.12427382171154022,0.042542412877082825,-0.10591050982475281,-0.04805601388216019,1.0,-4.425785768777132
0.2666666805744171,0.36666667461395264,0.9878254532814026,0.11999999731779099,0.800000011920929,0.4848484992980957,-0.04773943871259689,0.12469474971294403,0.04037868604063988,-0.1059097945690155,-0.050403594970703125,1.0,0.0
0.03333333507180214,0.0,0.9973811507225037,0.0,0.0,0.4848484992980957,-0.03376014530658722,0.1092444360256195,0.030246468260884285,-0.12428959459066391,-0.04604073986411095,1.0,-0.1804351806640625
0.0,0.03333333507180214,0.9969300627708435,0.0,0.0,0.4848484992980957,-0.0338645838201046,0.1103677898645401,0.027988804504275322,-0.12444635480642319,-0.04787726700305939,1.0,-0.28199577704072
0.0,0.06666667014360428,0.9968500733375549,0.0,0.05000000074505806,0.4848484992980957,-0.03452616557478905,0.11256290972232819,0.02773299627006054,-0.12267988175153732,-0.04668492078781128,1.0,-0.5320196226239204
0.0,0.10000000149011612,0.9967700242996216,0.0,0.10000000149011612,0.4848484992980957,-0.03508417308330536,0.11412064731121063,0.027215635403990746,-0.12106260657310486,-0.04573623836040497,1.0,-0.8460111916065216
0.10000000149011612,0.10000000149011612,0.9965299963951111,0.0,0.15000000596046448,0.4848484992980957,-0.03395345062017441,0.10878519713878632,0.03448408097028732,-0.117985799908638,-0.04450363665819168,1.0,-1.1784155797213316
0.06666667014360428,0.10000000149011612,0.9961589574813843,0.019999999552965164,0.20000000298023224,0.4848484992980957,-0.03602994605898857,0.11205273866653442,0.031173598021268845,-0.11879657953977585,-0.0445292592048645,1.0,-1.490435179322958
0.03333333507180214,0.13333334028720856,0.9957078695297241,0.03999999910593033,0.25,0.4848484992980957,-0.037282563745975494,0.11445333063602448,0.028351664543151855,-0.11739345639944077,-0.044516466557979584,1.0,-1.6804113984107971
0.03333333507180214,0.13333334028720856,0.9952568411827087,0.0,0.30000001192092896,0.4848484992980957,-0.03916676342487335,0.11814534664154053,0.030411573126912117,-0.117073193192482,-0.042456984519958496,1.0,-1.8984155356884003
0.0,0.13333334028720856,0.9948858022689819,0.0,0.3499999940395355,0.4848484992980957,-0.04077919200062752,0.12210728228092194,0.028278548270463943,-0.11714284867048264,-0.04199323430657387,1.0,-2.0000238716602325
0.0,0.13333334028720856,0.9948857426643372,0.0,0.4000000059604645,0.4848484992980957,-0.04169696941971779,0.12426507472991943,0.02875911444425583,-0.11647537350654602,-0.04117691516876221,1.0,-2.3139914870262146
0.06666667014360428,0.13333334028720856,0.99472576379776,0.0,0.44999998807907104,0.4848484992980957,-0.04256438463926315,0.1234673410654068,0.034680675715208054,-0.11438433080911636,-0.039679594337940216,1.0,-2.74243095330894
0.06666667014360428,0.1666666716337204,0.9941946864128113,0.019999999552965164,0.5,0.4848484992980957,-0.04440423101186752,0.12487047910690308,0.03427322953939438,-0.11221146583557129,-0.04028164967894554,1.0,-2.960435239598155
0.06666667014360428,0.1666666716337204,0.9937435984611511,0.019999999552965164,0.550000011920929,0.4848484992980957,-0.04601529985666275,0.12773309648036957,0.03459697216749191,-0.11178238689899445,-0.040139421820640564,1.0,-3.17841568402946
0.03333333507180214,0.1666666716337204,0.9933725595474243,0.019999999552965164,0.6000000238418579,0.4848484992980957,-0.04780711233615875,0.1314324140548706,0.03296615928411484,-0.1120988130569458,-0.041389308869838715,1.0,-3.526422381401062
0.13333334028720856,0.1666666716337204,0.9926815032958984,0.0,0.6499999761581421,0.4848484992980957,-0.04840683937072754,0.13025422394275665,0.03985302895307541,-0.11094947159290314,-0.03972955420613289,1.0,-3.7104112785309553
0.13333334028720856,0.1666666716337204,0.9922304749488831,0.019999999552965164,0.699999988079071,0.4848484992980957,-0.04926523193717003,0.13252408802509308,0.03947584331035614,-0.11074557155370712,-0.04200422763824463,1.0,-4.054426725953817
0.1666666716337204,0.20000000298023224,0.9916194081306458,0.03999999910593033,0.75,0.4848484992980957,-0.04993675649166107,0.13262876868247986,0.04038113355636597,-0.1096305102109909,-0.04319056496024132,1.0,-4.2704352382570505
0.13333334028720856,0.23333333432674408,0.9911683201789856,0.05999999865889549,0.800000011920929,0.4848484992980957,-0.051096152514219284,0.1348244845867157,0.03741862624883652,-0.10937362164258957,-0.046005964279174805,1.0,-4.520411456003785
0.10000000149011612,0.2666666805744171,0.9907172918319702,0.05999999865889549,0.8500000238418579,0.4848484992980957,-0.052135761827230453,0.13739167153835297,0.03534555435180664,-0.10974220931529999,-0.04955431818962097,1.0,-4.738415444269776
0.06666667014360428,0.2666666805744171,0.9903462529182434,0.05999999865889549,0.8999999761581421,0.4848484992980957,-0.053447701036930084,0.1407657265663147,0.035722844302654266,-0.11135927587747574,-0.05194395035505295,1.0,0.0
0.06666667014360428,0.06666667014360428,0.9969902634620667,0.0,0.0,0.4848484992980957,-0.03180153667926788,0.10405538976192474,0.0316927507519722,-0.1210356280207634,-0.046548254787921906,1.0,-0.4728329498320818
0.10000000149011612,0.06666667014360428,0.9965081810951233,0.019999999552965164,0.05000000074505806,0.4848484992980957,-0.03144969418644905,0.10394923388957977,0.03391623497009277,-0.11948882788419724,-0.04633423313498497,1.0,-0.7548525687307119
0.13333334028720856,0.10000000149011612,0.9959460496902466,0.019999999552965164,0.10000000149011612,0.4848484992980957,-0.031201403588056564,0.10327185690402985,0.03652970492839813,-0.117439866065979,-0.04596250504255295,1.0,-1.0028568170964718
0.13333334028720856,0.13333334028720856,0.9954639077186584,0.03999999910593033,0.15000000596046448,0.4848484992980957,-0.03235355764627457,0.10345719754695892,0.035322897136211395,-0.11604536324739456,-0.04542995244264603,1.0,-1.31684834882617
0.1666666716337204,0.20000000298023224,0.9948217868804932,0.03999999910593033,0.20000000298023224,0.4848484992980957,-0.03278985992074013,0.1002863198518753,0.037015125155448914,-0.11264874786138535,-0.04394051432609558,1.0,-1.5328567866235971
0.1666666716337204,0.23333333432674408,0.994339644908905,0.05999999865889549,0.25,0.4848484992980957,-0.03434465080499649,0.10127666592597961,0.03681861609220505,-0.11022170633077621,-0.043739404529333115,1.0,-1.8148526195436716
0.20000000298023224,0.2666666805744171,0.9937775135040283,0.05999999865889549,0.30000001192092896,0.4848484992980957,-0.03550145775079727,0.10073541104793549,0.039918698370456696,-0.10785988718271255,-0.043418943881988525,1.0,-2.0328329149633646
0.20000000298023224,0.30000001192092896,0.993295431137085,0.05999999865889549,0.3499999940395355,0.4848484992980957,-0.03745058923959732,0.1024128645658493,0.040665820240974426,-0.10628436505794525,-0.04341711848974228,1.0,-2.344852589070797
0.23333333432674408,0.3333333432674408,0.9927332997322083,0.07999999821186066,0.4000000059604645,0.4848484992980957,-0.03837917000055313,0.10185953229665756,0.043313927948474884,-0.1045234203338623,-0.04528141766786575,1.0,-2.5308609530329704
0.23333333432674408,0.3333333432674408,0.9923311471939087,0.07999999821186066,0.44999998807907104,0.4848484992980957,-0.039532288908958435,0.10542692244052887,0.04337379336357117,-0.10460381954908371,-0.04571494460105896,1.0,-2.8448525592684746
0.2666666805744171,0.36666667461395264,0.991769015789032,0.07999999821186066,0.5,0.4848484992980957,-0.03972702845931053,0.10579635202884674,0.04479698836803436,-0.10460758954286575,-0.04801802709698677,1.0,-3.0288414619863033
0.23333333432674408,0.36666667461395264,0.9914469122886658,0.10000000149011612,0.550000011920929,0.4848484992980957,-0.0414808988571167,0.11112774908542633,0.041025254875421524,-0.1048492044210434,-0.04867251217365265,1.0,-3.310837294906378
0.23333333432674408,0.36666667461395264,0.991044819355011,0.10000000149011612,0.6000000238418579,0.4848484992980957,-0.042879000306129456,0.11434659361839294,0.040605369955301285,-0.10530135780572891,-0.04862957075238228,1.0,-3.528865125030279
0.20000000298023224,0.36666667461395264,0.99072265625,0.10000000149011612,0.6499999761581421,0.4848484992980957,-0.04470101371407509,0.1188502311706543,0.03766639530658722,-0.10594011098146439,-0.04906690865755081,1.0,-3.8728328831493855
0.20000000298023224,0.4000000059604645,0.9902405738830566,0.11999999731779099,0.699999988079071,0.4848484992980957,-0.04509667307138443,0.12087321281433105,0.03628970682621002,-0.10562479496002197,-0.05198414996266365,1.0,-4.058865237981081
0.1666666716337204,0.4000000059604645,0.9899184107780457,0.11999999731779099,0.75,0.4848484992980957,-0.04646063968539238,0.12585031986236572,0.03387898951768875,-0.10616020858287811,-0.05319666489958763,1.0,-4.404852617532015
0.20000000298023224,0.4333333373069763,0.989356279373169,0.11999999731779099,0.800000011920929,0.4848484992980957,-0.0469677671790123,0.12612012028694153,0.03524757921695709,-0.10608156770467758,-0.0546628013253212,1.0,-4.620837293565273
0.20000000298023224,0.4333333373069763,0.9889541864395142,0.14000000059604645,0.8500000238418579,0.4848484992980957,-0.04820753261446953,0.1288890540599823,0.03512829542160034,-0.10666540265083313,-0.05751423165202141,1.0,-4.872856665402651
0.20000000298023224,0.46666666865348816,0.988472044467926,0.11999999731779099,0.8999999761581421,0.4848484992980957,-0.04931612312793732,0.13050195574760437,0.035450998693704605,-0.10745551437139511,-0.05939588323235512,1.0,-5.092832889407873
0.23333333432674408,0.46666666865348816,0.9879899621009827,0.10000000149011612,0.949999988079071,0.4848484992980957,-0.05047161504626274,0.1318916380405426,0.03765406832098961,-0.10720296204090118,-0.057930804789066315,1.0,-171.13729667663574
0.06666667014360428,0.0,0.9651467204093933,0.0,0.0,0.5252525210380554,-0.032625067979097366,0.1070040762424469,0.031009569764137268,-0.12339257448911667,-0.042540937662124634,1.0,-0.2672026436775923
0.10000000149011612,0.0,0.964553713798523,0.019999999552965164,0.0,0.5252525210380554,-0.03221147879958153,0.10435468703508377,0.032298363745212555,-0.1217062920331955,-0.04130839928984642,1.0,-0.2991745751351118
0.13333334028720856,0.03333333507180214,0.9638807773590088,0.019999999552965164,0.0,0.5252525210380554,-0.031204424798488617,0.10093720257282257,0.03411419317126274,-0.11931008845567703,-0.040917303413152695,1.0,-0.5151830315589905
0.13333334028720856,0.03333333507180214,0.9633678197860718,0.03999999910593033,0.05000000074505806,0.5252525210380554,-0.03133716434240341,0.1029939204454422,0.0341498889029026,-0.11898602545261383,-0.0411493182182312,1.0,-0.7651830352842808
0.13333334028720856,0.03333333507180214,0.9628548622131348,0.03999999910593033,0.10000000149011612,0.5252525210380554,-0.03222573548555374,0.10624784231185913,0.03497186303138733,-0.11890383809804916,-0.04097108542919159,1.0,-1.1411703769117594
0.20000000298023224,0.06666667014360428,0.962101936340332,0.05999999865889549,0.15000000596046448,0.5252525210380554,-0.03219495713710785,0.10337971895933151,0.03933628648519516,-0.11507035791873932,-0.039457596838474274,1.0,-1.3591745886951685
0.2666666805744171,0.06666667014360428,0.9614289999008179,0.05999999865889549,0.20000000298023224,0.5252525210380554,-0.0327775813639164,0.10301756113767624,0.0444902740418911,-0.1134248822927475,-0.03730971738696098,1.0,-1.6091984156519175
0.3333333432674408,0.06666667014360428,0.9607560038566589,0.05999999865889549,0.25,0.5252525210380554,-0.03453280031681061,0.1022622287273407,0.049495190382003784,-0.11156557500362396,-0.03568252921104431,1.0,-1.8911704067140818
0.4333333373069763,0.06666667014360428,0.9600030779838562,0.05999999865889549,0.30000001192092896,0.5252525210380554,-0.036640431731939316,0.09862962365150452,0.05620585381984711,-0.10809721797704697,-0.0343179777264595,1.0,-2.0751829966902733
0.4333333373069763,0.06666667014360428,0.9594901204109192,0.07999999821186066,0.3499999940395355,0.5252525210380554,-0.03800453618168831,0.10159620642662048,0.05721732974052429,-0.1071782261133194,-0.034424856305122375,1.0,-2.387178834527731
0.4333333373069763,0.10000000149011612,0.9588971734046936,0.10000000149011612,0.4000000059604645,0.5252525210380554,-0.03871860355138779,0.10257262736558914,0.058702655136585236,-0.1054328978061676,-0.03584310784935951,1.0,-2.637178745120764
0.46666666865348816,0.10000000149011612,0.958304226398468,0.10000000149011612,0.44999998807907104,0.5252525210380554,-0.03982069715857506,0.1049920916557312,0.06325076520442963,-0.10348851978778839,-0.03478965908288956,1.0,-2.917178798466921
0.5,0.10000000149011612,0.9577112793922424,0.11999999731779099,0.5,0.5252525210380554,-0.04156980663537979,0.106633760035038,0.06803306192159653,-0.10138300061225891,-0.03473122417926788,1.0,-3.2291984781622887
0.5333333611488342,0.13333334028720856,0.9570382833480835,0.14000000059604645,0.550000011920929,0.5252525210380554,-0.042317599058151245,0.10645027458667755,0.07140493392944336,-0.09979034960269928,-0.03729546070098877,1.0,-3.415183149278164
0.5333333611488342,0.13333334028720856,0.9565253257751465,0.14000000059604645,0.6000000238418579,0.5252525210380554,-0.04333646968007088,0.11026646941900253,0.07163691520690918,-0.10009346902370453,-0.03736478462815285,1.0,-3.7591744512319565
0.5333333611488342,0.20000000298023224,0.9558523893356323,0.1599999964237213,0.6499999761581421,0.5252525210380554,-0.04316166788339615,0.10945456475019455,0.07021836936473846,-0.10030028223991394,-0.04226851090788841,1.0,-4.007178753614426
0.5666666626930237,0.20000000298023224,0.9552594423294067,0.18000000715255737,0.699999988079071,0.5252525210380554,-0.04387857764959335,0.11174362152814865,0.07301934063434601,-0.0992143303155899,-0.043106842786073685,1.0,-4.193187266588211
0.5333333611488342,0.20000000298023224,0.9548264741897583,0.18000000715255737,0.75,0.5252525210380554,-0.04497385397553444,0.11683941632509232,0.0695248395204544,-0.10075459629297256,-0.04381188750267029,1.0,-4.505183093249798
0.5333333611488342,0.20000000298023224,0.9543135166168213,0.20000000298023224,0.800000011920929,0.5252525210380554,-0.04541277140378952,0.12050589174032211,0.06897240877151489,-0.1007271334528923,-0.0455259270966053,1.0,-4.785183146595955
0.5,0.23333333432674408,0.9538005590438843,0.2199999988079071,0.8500000238418579,0.5252525210380554,-0.04509025439620018,0.12341530621051788,0.06403423100709915,-0.10222204029560089,-0.05064549669623375,1.0,-117.0
0.10000000149011612,0.0,0.971712052822113,0.0,0.0,0.5151515007019043,-0.03256361186504364,0.10535456240177155,0.033170320093631744,-0.12156738340854645,-0.041466958820819855,1.0,-0.2747605126351118
0.06666667014360428,0.03333333507180214,0.9711001515388489,0.019999999552965164,0.0,0.5151515007019043,-0.031860724091529846,0.10414578020572662,0.030262893065810204,-0.122394859790802,-0.04434344917535782,1.0,-0.5547366738319397
0.06666667014360428,0.03333333507180214,0.9704883098602295,0.03999999910593033,0.05000000074505806,0.5151515007019043,-0.03247445449233055,0.10672993212938309,0.030549606308341026,-0.12176880985498428,-0.043921709060668945,1.0,-0.7747366782277822
0.03333333507180214,0.06666667014360428,0.9698764681816101,0.019999999552965164,0.10000000149011612,0.5151515007019043,-0.033790551126003265,0.1118713915348053,0.029396582394838333,-0.12186446785926819,-0.04445742070674896,1.0,-1.0267563164234161
0.06666667014360428,0.06666667014360428,0.9691845774650574,0.0,0.15000000596046448,0.5151515007019043,-0.0350177139043808,0.11211336404085159,0.032134413719177246,-0.12063096463680267,-0.04235677048563957,1.0,-1.3067324589937925
0.03333333507180214,0.13333334028720856,0.9684927463531494,0.019999999552965164,0.20000000298023224,0.5151515007019043,-0.03635252267122269,0.11239100992679596,0.027851790189743042,-0.11879529803991318,-0.04243983328342438,1.0,-1.494736671447754
0.03333333507180214,0.13333334028720856,0.96788090467453,0.0,0.25,0.5151515007019043,-0.03772757202386856,0.11508366465568542,0.02913263440132141,-0.11836881190538406,-0.04127160459756851,1.0,-1.7767563462257385
0.03333333507180214,0.1666666716337204,0.9671890139579773,0.0,0.30000001192092896,0.5151515007019043,-0.03861872851848602,0.11595740914344788,0.02946467325091362,-0.11632579565048218,-0.04025956988334656,1.0,-2.026732414960861
0.0,0.23333333432674408,0.9664971828460693,0.0,0.3499999940395355,0.5151515007019043,-0.03977151960134506,0.11671465635299683,0.026263928040862083,-0.11437895148992538,-0.039737872779369354,1.0,-2.0320196449756622
0.03333333507180214,0.23333333432674408,0.966417133808136,0.0,0.4000000059604645,0.5151515007019043,-0.04104507341980934,0.11731819063425064,0.02965998649597168,-0.11312495172023773,-0.0390302836894989,1.0,-2.526732385158539
0.06666667014360428,0.23333333432674408,0.965725302696228,0.0,0.44999998807907104,0.5151515007019043,-0.042559243738651276,0.11831753700971603,0.03303857147693634,-0.11186680942773819,-0.03855638951063156,1.0,-2.8067562859505415
0.10000000149011612,0.23333333432674408,0.9650334119796753,0.019999999552965164,0.5,0.5151515007019043,-0.0440882183611393,0.11938904225826263,0.03583537042140961,-0.1099771037697792,-0.038845743983983994,1.0,-3.088728277012706
0.1666666716337204,0.23333333432674408,0.9642615914344788,0.019999999552965164,0.550000011920929,0.5151515007019043,-0.0451984703540802,0.11894938349723816,0.041081637144088745,-0.10848033428192139,-0.03921041265130043,1.0,-3.400747951120138
0.20000000298023224,0.30000001192092896,0.9634097218513489,0.03999999910593033,0.6000000238418579,0.5151515007019043,-0.04470393806695938,0.11789348721504211,0.040795646607875824,-0.107177734375,-0.04316483438014984,1.0,-3.5867561660706997
0.20000000298023224,0.3333333432674408,0.9627178311347961,0.03999999910593033,0.6499999761581421,0.5151515007019043,-0.0454011969268322,0.11962752044200897,0.03939121589064598,-0.10727235674858093,-0.044652245938777924,1.0,-3.866732383146882
0.20000000298023224,0.36666667461395264,0.9620260000228882,0.05999999865889549,0.699999988079071,0.5151515007019043,-0.04590241611003876,0.12129479646682739,0.03737340867519379,-0.10718554258346558,-0.04698120802640915,1.0,-4.178752057254314
0.20000000298023224,0.4333333373069763,0.9612541198730469,0.07999999821186066,0.75,0.5151515007019043,-0.045746032148599625,0.1220693290233612,0.03527606278657913,-0.10668536275625229,-0.051051586866378784,1.0,-4.396732501685619
0.23333333432674408,0.4333333373069763,0.9605622887611389,0.07999999821186066,0.800000011920929,0.5151515007019043,-0.046915385872125626,0.12331418693065643,0.0371466688811779,-0.10669010132551193,-0.05112769082188606,1.0,-4.6767564080655575
0.23333333432674408,0.46666666865348816,0.9598703980445862,0.10000000149011612,0.8500000238418579,0.5151515007019043,-0.047637518495321274,0.12501491606235504,0.036024145781993866,-0.10641329735517502,-0.05460072308778763,1.0,-4.926732327789068
0.23333333432674408,0.5,0.9591785669326782,0.10000000149011612,0.8999999761581421,0.5151515007019043,-0.04825114458799362,0.12741594016551971,0.03593108057975769,-0.1065041571855545,-0.05803750455379486,1.0,-186.0
0.06666667014360428,0.0,0.9637629985809326,0.0,0.0,0.5252525210380554,-0.032642774283885956,0.10694830864667892,0.031005356460809708,-0.1234029233455658,-0.04248030111193657,1.0,-0.17791488580405712
0.10000000149011612,0.0,0.9633932113647461,0.019999999552965164,0.0,0.5252525210380554,-0.0322347953915596,0.10430710017681122,0.032294001430273056,-0.12171110510826111,-0.041263144463300705,1.0,-0.17789104394614697
0.10000000149011612,0.03333333507180214,0.9630234837532043,0.019999999552965164,0.0,0.5252525210380554,-0.03153437748551369,0.10257706046104431,0.03206836059689522,-0.12095930427312851,-0.042300645262002945,1.0,-0.3939233422279358
0.06666667014360428,0.03333333507180214,0.962813675403595,0.03999999910593033,0.05000000074505806,0.5252525210380554,-0.032266631722450256,0.1066722497344017,0.030321674421429634,-0.12192614376544952,-0.043335527181625366,1.0,-0.7079148925840855
0.10000000149011612,0.03333333507180214,0.9624438881874084,0.03999999910593033,0.10000000149011612,0.5252525210380554,-0.03270987421274185,0.10780753195285797,0.032776981592178345,-0.1203944981098175,-0.04207311198115349,1.0,-0.9279149156063795
0.13333334028720856,0.03333333507180214,0.9620741009712219,0.019999999552965164,0.15000000596046448,0.5252525210380554,-0.03375358507037163,0.11054597795009613,0.03639650717377663,-0.11877778172492981,-0.039859991520643234,1.0,-1.2399106733500957
0.1666666716337204,0.06666667014360428,0.9616243243217468,0.03999999910593033,0.20000000298023224,0.5252525210380554,-0.03435058146715164,0.10803311318159103,0.03801988065242767,-0.1163068413734436,-0.0390414334833622,1.0,-1.5219064317643642
0.20000000298023224,0.13333334028720856,0.9610945582389832,0.03999999910593033,0.25,0.5252525210380554,-0.03477175906300545,0.10460792481899261,0.04012029618024826,-0.11272738873958588,-0.03822679817676544,1.0,-1.801930332556367
0.2666666805744171,0.1666666716337204,0.9605647325515747,0.05999999865889549,0.30000001192092896,0.5252525210380554,-0.03521288186311722,0.10163542628288269,0.04536145180463791,-0.11002406477928162,-0.038868069648742676,1.0,-1.9558952394872904
0.2666666805744171,0.1666666716337204,0.9602749943733215,0.05999999865889549,0.3499999940395355,0.5252525210380554,-0.036741502583026886,0.10433495789766312,0.04606284201145172,-0.10933641344308853,-0.03847043216228485,1.0,-2.2679149135947227
0.30000001192092896,0.1666666716337204,0.959905207157135,0.07999999821186066,0.4000000059604645,0.5252525210380554,-0.03775748610496521,0.10487208515405655,0.04903798550367355,-0.1078721433877945,-0.038759153336286545,1.0,-2.453923277556896
0.2666666805744171,0.1666666716337204,0.9596953988075256,0.07999999821186066,0.44999998807907104,0.5252525210380554,-0.039772022515535355,0.10939176380634308,0.04728793352842331,-0.10811498761177063,-0.03919776529073715,1.0,-2.7979148887097836
0.2666666805744171,0.20000000298023224,0.9593256115913391,0.10000000149011612,0.5,0.5252525210380554,-0.04146725684404373,0.11146890372037888,0.04679793119430542,-0.10602955520153046,-0.04063897952437401,1.0,-3.0479149483144283
0.30000001192092896,0.20000000298023224,0.9589558243751526,0.10000000149011612,0.550000011920929,0.5252525210380554,-0.04260408133268356,0.11299880594015121,0.04887968301773071,-0.10578423738479614,-0.04142016917467117,1.0,-3.263923455029726
0.2666666805744171,0.20000000298023224,0.9587460160255432,0.11999999731779099,0.6000000238418579,0.5252525210380554,-0.044210925698280334,0.11815044283866882,0.04531283676624298,-0.10601754486560822,-0.04318360239267349,1.0,-3.5758951529860497
0.2666666805744171,0.20000000298023224,0.95845627784729,0.14000000059604645,0.6499999761581421,0.5252525210380554,-0.04536227881908417,0.12133464962244034,0.04421677067875862,-0.1059606671333313,-0.04498481750488281,1.0,-3.793923281133175
0.23333333432674408,0.20000000298023224,0.9582464694976807,0.14000000059604645,0.699999988079071,0.5252525210380554,-0.04722750186920166,0.12603525817394257,0.041342925280332565,-0.10667784512042999,-0.04555633291602135,1.0,-4.107914887368679
0.23333333432674408,0.23333333432674408,0.9578766822814941,0.14000000059604645,0.75,0.5252525210380554,-0.048098959028720856,0.12760895490646362,0.040162526071071625,-0.10692702233791351,-0.04703611508011818,1.0,-4.419910714030266
0.2666666805744171,0.2666666805744171,0.957426905632019,0.1599999964237213,0.800000011920929,0.5252525210380554,-0.04837721586227417,0.12772122025489807,0.04066930711269379,-0.10647930949926376,-0.04913358762860298,1.0,-4.607915006577969
0.2666666805744171,0.30000001192092896,0.9570571184158325,0.14000000059604645,0.8500000238418579,0.5252525210380554,-0.04924548417329788,0.12937244772911072,0.040032848715782166,-0.106991708278656,-0.04960784316062927,1.0,-195.0
0.0,0.03333333507180214,0.9872028827667236,0.0,0.0,0.49494948983192444,-0.03385549783706665,0.10993167012929916,0.027964090928435326,-0.12456288933753967,-0.046948134899139404,1.0,-0.28201961889863014
0.03333333507180214,0.03333333507180214,0.9871228337287903,0.0,0.05000000074505806,0.49494948983192444,-0.03383227437734604,0.11086009442806244,0.030592557042837143,-0.12301962822675705,-0.0454975888133049,1.0,-0.7017974928021431
0.0,0.10000000149011612,0.9866183400154114,0.0,0.10000000149011612,0.49494948983192444,-0.03502052277326584,0.1137591302394867,0.027030469849705696,-0.12128422409296036,-0.04498240351676941,1.0,-0.8460111916065216
0.10000000149011612,0.10000000149011612,0.9863783121109009,0.0,0.15000000596046448,0.49494948983192444,-0.03401421755552292,0.10862316936254501,0.03429248556494713,-0.11811051517724991,-0.04362077638506889,1.0,-1.167805952951312
0.06666667014360428,0.10000000149011612,0.9860337972640991,0.019999999552965164,0.20000000298023224,0.49494948983192444,-0.03591081500053406,0.11180220544338226,0.03102097660303116,-0.11895503103733063,-0.04382821545004845,1.0,-1.511797484010458
0.06666667014360428,0.13333334028720856,0.9855293035507202,0.03999999910593033,0.25,0.49494948983192444,-0.03654906898736954,0.11219153553247452,0.030773445963859558,-0.1165822222828865,-0.04324740171432495,1.0,-1.6998017709702253
0.06666667014360428,0.13333334028720856,0.9851047992706299,0.019999999552965164,0.30000001192092896,0.49494948983192444,-0.03807554394006729,0.11531390994787216,0.03227050602436066,-0.11597560346126556,-0.04171750694513321,1.0,-1.9817974548786879
0.10000000149011612,0.13333334028720856,0.984600305557251,0.019999999552965164,0.3499999940395355,0.49494948983192444,-0.03883743658661842,0.11600643396377563,0.035792410373687744,-0.11422336846590042,-0.04041852056980133,1.0,-2.295789061114192
0.13333334028720856,0.20000000298023224,0.9839358329772949,0.019999999552965164,0.4000000059604645,0.49494948983192444,-0.04033946990966797,0.1139679104089737,0.03810727223753929,-0.11098384112119675,-0.04027174040675163,1.0,-2.4798016510903835
0.13333334028720856,0.20000000298023224,0.9835113286972046,0.03999999910593033,0.44999998807907104,0.49494948983192444,-0.042042285203933716,0.11649175733327866,0.03835713863372803,-0.11017076671123505,-0.04067998751997948,1.0,-2.7298017106950283
0.13333334028720856,0.20000000298023224,0.9830868244171143,0.03999999910593033,0.5,0.49494948983192444,-0.04393744096159935,0.11942056566476822,0.03876526653766632,-0.1097608283162117,-0.04026634246110916,1.0,-3.009801769629121
0.13333334028720856,0.20000000298023224,0.9826623201370239,0.05999999865889549,0.550000011920929,0.49494948983192444,-0.04570981487631798,0.12212063372135162,0.03863030672073364,-0.1084393784403801,-0.04093136265873909,1.0,-3.2918214444071054
0.1666666716337204,0.20000000298023224,0.9821577668190002,0.05999999865889549,0.6000000238418579,0.49494948983192444,-0.04654087871313095,0.12341727316379547,0.04070349782705307,-0.10800811648368835,-0.04175744950771332,1.0,-3.5098015908151865
0.1666666716337204,0.20000000298023224,0.9817332625389099,0.05999999865889549,0.6499999761581421,0.49494948983192444,-0.04765418916940689,0.12653151154518127,0.04023014381527901,-0.10813048481941223,-0.04231434687972069,1.0,-3.8237931970506907
0.20000000298023224,0.23333333432674408,0.9811487793922424,0.05999999865889549,0.699999988079071,0.49494948983192444,-0.048261843621730804,0.1269407421350479,0.04131548851728439,-0.10757257044315338,-0.04302266612648964,1.0,-3.9778059367090464
0.1666666716337204,0.23333333432674408,0.9808042645454407,0.05999999865889549,0.75,0.49494948983192444,-0.04966910928487778,0.13083897531032562,0.039052411913871765,-0.1084449514746666,-0.04410513490438461,1.0,-4.257805995643139
0.13333334028720856,0.23333333432674408,0.9804597496986389,0.07999999821186066,0.800000011920929,0.49494948983192444,-0.050846584141254425,0.13418838381767273,0.03674115613102913,-0.10920672118663788,-0.04705985635519028,1.0,-4.603793375194073
0.1666666716337204,0.2666666805744171,0.9798752665519714,0.07999999821186066,0.8500000238418579,0.49494948983192444,-0.051372088491916656,0.13448524475097656,0.037781521677970886,-0.10888729244470596,-0.048225730657577515,1.0,-4.821797363460064
0.20000000298023224,0.2666666805744171,0.9793707728385925,0.07999999821186066,0.8999999761581421,0.49494948983192444,-0.05227255821228027,0.13583233952522278,0.039912160485982895,-0.1090315729379654,-0.04814987629652023,1.0,-5.101797427982092
0.23333333432674408,0.2666666805744171,0.9788662791252136,0.10000000149011612,0.949999988079071,0.49494948983192444,-0.05300420895218849,0.1370730996131897,0.04150544852018356,-0.1088794469833374,-0.04929900914430618,1.0,-177.0
0.0,0.0,0.9872321486473083,0.0,0.0,0.49494948983192444,-0.03463832288980484,0.11166568100452423,0.02826082333922386,-0.12551987171173096,-0.04577416181564331,1.0,-0.06401538848876953
0.06666667014360428,0.0,0.9870721101760864,0.0,0.0,0.49494948983192444,-0.03315441682934761,0.10704922676086426,0.031661488115787506,-0.12292972207069397,-0.044108904898166656,1.0,-0.2075741570442915
0.06666667014360428,0.0,0.9866281747817993,0.019999999552965164,0.0,0.49494948983192444,-0.033039651811122894,0.10604973137378693,0.03101300075650215,-0.12289869785308838,-0.04446248710155487,1.0,-0.23959377221763134
0.10000000149011612,0.0,0.9861041903495789,0.019999999552965164,0.0,0.49494948983192444,-0.032757438719272614,0.10445328056812286,0.03296181932091713,-0.12122834473848343,-0.04276207089424133,1.0,-0.23956993035972118
0.13333334028720856,0.0,0.9855802655220032,0.019999999552965164,0.0,0.49494948983192444,-0.032179415225982666,0.10276749730110168,0.03509259596467018,-0.1195668876171112,-0.041434720158576965,1.0,-0.20557838305830956
0.10000000149011612,0.0,0.9852163195610046,0.03999999910593033,0.0,0.49494948983192444,-0.03267940133810043,0.10342195630073547,0.03230242431163788,-0.12118558585643768,-0.043132346123456955,1.0,-0.23757415637373924
0.06666667014360428,0.03333333507180214,0.9847723841667175,0.03999999910593033,0.0,0.49494948983192444,-0.03231468051671982,0.1033778265118599,0.030115889385342598,-0.12179341912269592,-0.045437976717948914,1.0,-0.5495937746018171
0.06666667014360428,0.06666667014360428,0.9842483997344971,0.05999999865889549,0.05000000074505806,0.49494948983192444,-0.031615592539310455,0.10417118668556213,0.030519753694534302,-0.12020409107208252,-0.04625983536243439,1.0,-0.7715657111257315
0.13333334028720856,0.06666667014360428,0.9836444854736328,0.019999999552965164,0.10000000149011612,0.49494948983192444,-0.03196283057332039,0.10496248304843903,0.03638288751244545,-0.11796839535236359,-0.04415513575077057,1.0,-1.053585348650813
0.20000000298023224,0.10000000149011612,0.9829605221748352,0.019999999552965164,0.15000000596046448,0.49494948983192444,-0.031648583710193634,0.10184713453054428,0.041316721588373184,-0.11507701128721237,-0.04228600114583969,1.0,-1.2375980131328106
0.1666666716337204,0.13333334028720856,0.9825165271759033,0.03999999910593033,0.20000000298023224,0.49494948983192444,-0.03350024297833443,0.10371196269989014,0.03793366625905037,-0.11461891978979111,-0.042517103254795074,1.0,-1.517574155703187
0.1666666716337204,0.13333334028720856,0.9820725917816162,0.05999999865889549,0.25,0.49494948983192444,-0.034612495452165604,0.10571940988302231,0.037892211228609085,-0.1133655533194542,-0.0420854352414608,1.0,-1.8315657619386911
0.23333333432674408,0.13333334028720856,0.981468677520752,0.05999999865889549,0.30000001192092896,0.49494948983192444,-0.03547922521829605,0.10495191812515259,0.04381357505917549,-0.11179721355438232,-0.041369203478097916,1.0,-2.0475979670882225
0.20000000298023224,0.1666666716337204,0.9810246825218201,0.07999999821186066,0.3499999940395355,0.49494948983192444,-0.03712599724531174,0.10746008157730103,0.041332997381687164,-0.11012563109397888,-0.0421469621360302,1.0,-2.3275741897523403
0.1666666716337204,0.20000000298023224,0.980580747127533,0.10000000149011612,0.4000000059604645,0.49494948983192444,-0.03896882012486458,0.11094160377979279,0.03887277469038963,-0.10825885832309723,-0.04259154200553894,1.0,-2.54757409542799
0.1666666716337204,0.20000000298023224,0.9801368117332458,0.07999999821186066,0.44999998807907104,0.49494948983192444,-0.0411207489669323,0.11441530287265778,0.04011751711368561,-0.10837382823228836,-0.04165356978774071,1.0,-2.7975741550326347
0.1666666716337204,0.20000000298023224,0.9796928763389587,0.07999999821186066,0.5,0.49494948983192444,-0.04316316917538643,0.11764860898256302,0.040537040680646896,-0.10798165202140808,-0.04158106446266174,1.0,-3.1095938347280025
0.1666666716337204,0.23333333432674408,0.9791688919067383,0.10000000149011612,0.550000011920929,0.49494948983192444,-0.04404032975435257,0.1192571297287941,0.0391552560031414,-0.10674816370010376,-0.043793097138404846,1.0,-3.3895700462162495
0.1666666716337204,0.2666666805744171,0.9786449670791626,0.11999999731779099,0.6000000238418579,0.49494948983192444,-0.044581782072782516,0.12084126472473145,0.037222970277071,-0.10640457272529602,-0.04684814065694809,1.0,-3.579593650996685
0.1666666716337204,0.30000001192092896,0.9781209826469421,0.07999999821186066,0.6499999761581421,0.49494948983192444,-0.04601353779435158,0.12262468039989471,0.03714285418391228,-0.10700780153274536,-0.046119749546051025,1.0,-137.82566261291504
0.06666667014360428,0.03333333507180214,0.9635568261146545,0.0,0.0,0.5252525210380554,-0.03211766108870506,0.10532733798027039,0.030835434794425964,-0.12256964296102524,-0.0433584600687027,1.0,-0.4367125350981951
0.06666667014360428,0.03333333507180214,0.9631650447845459,0.019999999552965164,0.05000000074505806,0.5252525210380554,-0.0324992761015892,0.107741579413414,0.030978970229625702,-0.12199294567108154,-0.042979344725608826,1.0,-0.6867363806813955
0.03333333507180214,0.06666667014360428,0.9627732038497925,0.019999999552965164,0.10000000149011612,0.5252525210380554,-0.03355475515127182,0.1114606037735939,0.02930632419884205,-0.12199635803699493,-0.04386584460735321,1.0,-0.9707041084766388
0.10000000149011612,0.06666667014360428,0.9622214436531067,0.0,0.15000000596046448,0.5252525210380554,-0.03441700339317322,0.11036853492259979,0.034298963844776154,-0.11937635391950607,-0.04083561897277832,1.0,-1.2507279347628355
0.13333334028720856,0.10000000149011612,0.9616696238517761,0.019999999552965164,0.20000000298023224,0.5252525210380554,-0.034974511712789536,0.10796269029378891,0.03575250506401062,-0.11661482602357864,-0.03968309611082077,1.0,-1.4667125307023525
0.13333334028720856,0.10000000149011612,0.9612778425216675,0.03999999910593033,0.25,0.5252525210380554,-0.03569544106721878,0.10981805622577667,0.035864442586898804,-0.11560916900634766,-0.03937650844454765,1.0,-1.7487322054803371
0.13333334028720856,0.13333334028720856,0.9608060121536255,0.03999999910593033,0.30000001192092896,0.5252525210380554,-0.036716170608997345,0.11069609224796295,0.03638617694377899,-0.11393801122903824,-0.038991205394268036,1.0,-1.9967125002294779
0.13333334028720856,0.13333334028720856,0.9604142308235168,0.05999999865889549,0.3499999940395355,0.5252525210380554,-0.03794083744287491,0.11286069452762604,0.03696061298251152,-0.11328928172588348,-0.03971550613641739,1.0,-2.2787321750074625
0.13333334028720856,0.1666666716337204,0.9599424004554749,0.05999999865889549,0.4000000059604645,0.5252525210380554,-0.039655014872550964,0.11447464674711227,0.03716540336608887,-0.11145026981830597,-0.039492323994636536,1.0,-2.5927236322313547
0.1666666716337204,0.23333333432674408,0.9593105912208557,0.05999999865889549,0.44999998807907104,0.5252525210380554,-0.04151644930243492,0.11287160217761993,0.03984091430902481,-0.1083015576004982,-0.03941275551915169,1.0,-2.7467125300318003
0.1666666716337204,0.23333333432674408,0.9589188098907471,0.05999999865889549,0.5,0.5252525210380554,-0.043601714074611664,0.11606565862894058,0.040166549384593964,-0.10765635967254639,-0.03973851725459099,1.0,-3.028732204809785
0.1666666716337204,0.2666666805744171,0.9584469795227051,0.05999999865889549,0.550000011920929,0.5252525210380554,-0.04403586685657501,0.11770568788051605,0.03871065750718117,-0.10756279528141022,-0.04200085997581482,1.0,-3.21471687592566
0.13333334028720856,0.2666666805744171,0.958135187625885,0.05999999865889549,0.6000000238418579,0.5252525210380554,-0.045360080897808075,0.12227654457092285,0.03557329252362251,-0.10813439637422562,-0.04292357340455055,1.0,-3.590727798640728
0.20000000298023224,0.2666666805744171,0.9575833678245544,0.07999999821186066,0.6499999761581421,0.5252525210380554,-0.04597524181008339,0.12206746637821198,0.039545200765132904,-0.10716313868761063,-0.04448842629790306,1.0,-3.7447166964411736
0.1666666716337204,0.2666666805744171,0.9572715759277344,0.07999999821186066,0.699999988079071,0.5252525210380554,-0.047397926449775696,0.1266600340604782,0.03648366779088974,-0.1078801155090332,-0.045035313814878464,1.0,-3.9947167560458183
0.13333334028720856,0.2666666805744171,0.9569597840309143,0.07999999821186066,0.75,0.5252525210380554,-0.04879699647426605,0.13004648685455322,0.03455665335059166,-0.10894251614809036,-0.04676040634512901,1.0,-4.278732204809785
0.1666666716337204,0.2666666805744171,0.9564879536628723,0.05999999865889549,0.800000011920929,0.5252525210380554,-0.04999709874391556,0.13145436346530914,0.03720850497484207,-0.10919724404811859,-0.04587563872337341,1.0,-4.590704195201397
0.23333333432674408,0.2666666805744171,0.9559361934661865,0.07999999821186066,0.8500000238418579,0.5252525210380554,-0.05051632225513458,0.13169722259044647,0.04088398814201355,-0.10849609971046448,-0.046313636004924774,1.0,-4.870727803558111
0.30000001192092896,0.2666666805744171,0.955384373664856,0.10000000149011612,0.8999999761581421,0.5252525210380554,-0.049834948033094406,0.13314186036586761,0.04607778042554855,-0.10781621187925339,-0.04649004340171814,1.0,-4.964716697111726
0.2666666805744171,0.2666666805744171,0.9550725817680359,0.05999999865889549,0.949999988079071,0.5252525210380554,-0.051489852368831635,0.13690422475337982,0.04522009938955307,-0.1095353439450264,-0.04600397124886513,1.0,-216.07991218566895
0.03333333507180214,0.03333333507180214,0.9398728013038635,0.0,0.0,0.5555555820465088,-0.0324275903403759,0.10698260366916656,0.028390202671289444,-0.12445339560508728,-0.04263754561543465,1.0,-0.42693043127655983
0.06666667014360428,0.03333333507180214,0.9394304752349854,0.0,0.05000000074505806,0.5555555820465088,-0.032517991960048676,0.10897622257471085,0.031228117644786835,-0.12238900363445282,-0.0406503900885582,1.0,-0.6429150458425283
0.03333333507180214,0.03333333507180214,0.9391481876373291,0.019999999552965164,0.10000000149011612,0.5555555820465088,-0.03316572681069374,0.11241056025028229,0.029140552505850792,-0.12325623631477356,-0.04147570580244064,1.0,-0.9589023888111115
0.06666667014360428,0.06666667014360428,0.9386259317398071,0.0,0.15000000596046448,0.5555555820465088,-0.03475964069366455,0.11180216819047928,0.03120168298482895,-0.12111339718103409,-0.03974127396941185,1.0,-1.142915053293109
0.03333333507180214,0.06666667014360428,0.9383436441421509,0.019999999552965164,0.20000000298023224,0.5555555820465088,-0.03561270982027054,0.11503800749778748,0.028944076970219612,-0.12149209529161453,-0.04076475650072098,1.0,-1.3629388809204102
0.0,0.06666667014360428,0.9380612969398499,0.0,0.25,0.5555555820465088,-0.0370558425784111,0.1200345829129219,0.02861562743782997,-0.12201584130525589,-0.04065801203250885,1.0,-1.596011221408844
0.10000000149011612,0.06666667014360428,0.9378212690353394,0.0,0.30000001192092896,0.5555555820465088,-0.03840404003858566,0.1176890879869461,0.03664550185203552,-0.11759448796510696,-0.035196490585803986,1.0,-1.9889023285359144
0.13333334028720856,0.10000000149011612,0.9372990131378174,0.019999999552965164,0.3499999940395355,0.5555555820465088,-0.0389079824090004,0.11582368612289429,0.03821057081222534,-0.11463068425655365,-0.035142313688993454,1.0,-2.2049346826970577
0.13333334028720856,0.10000000149011612,0.9369366765022278,0.03999999910593033,0.4000000059604645,0.5555555820465088,-0.040197230875492096,0.11750264465808868,0.03833318501710892,-0.11399871855974197,-0.03655257821083069,1.0,-2.48690652474761
0.1666666716337204,0.10000000149011612,0.9364944100379944,0.03999999910593033,0.44999998807907104,0.5555555820465088,-0.041689351201057434,0.11873532831668854,0.041148923337459564,-0.11265571415424347,-0.036033421754837036,1.0,-2.734910810366273
0.1666666716337204,0.10000000149011612,0.9361321330070496,0.05999999865889549,0.5,0.5555555820465088,-0.04305016249418259,0.12098613381385803,0.04103878140449524,-0.11187776923179626,-0.03757086396217346,1.0,-3.0489262584596872
0.20000000298023224,0.13333334028720856,0.9356098175048828,0.05999999865889549,0.550000011920929,0.5555555820465088,-0.04468480497598648,0.1203685775399208,0.043215952813625336,-0.10987995564937592,-0.03767326474189758,1.0,-3.2349109295755625
0.20000000298023224,0.13333334028720856,0.935247540473938,0.05999999865889549,0.6000000238418579,0.5555555820465088,-0.046170927584171295,0.12341788411140442,0.04351377859711647,-0.10960044711828232,-0.038233432918787,1.0,-3.5789260789752007
0.23333333432674408,0.1666666716337204,0.9347252249717712,0.07999999821186066,0.6499999761581421,0.5555555820465088,-0.046674951910972595,0.12386128306388855,0.04395835101604462,-0.10831872373819351,-0.04034223407506943,1.0,-3.8289261385798454
0.30000001192092896,0.1666666716337204,0.9342029094696045,0.07999999821186066,0.699999988079071,0.5555555820465088,-0.04651987925171852,0.12489078938961029,0.0496196448802948,-0.10756280273199081,-0.04024931788444519,1.0,-3.982915036380291
0.2666666805744171,0.1666666716337204,0.9339206218719482,0.07999999821186066,0.75,0.5555555820465088,-0.047831784933805466,0.12929189205169678,0.0469939261674881,-0.10849962383508682,-0.04115370288491249,1.0,-4.294910874217749
0.2666666805744171,0.1666666716337204,0.9335583448410034,0.10000000149011612,0.800000011920929,0.5555555820465088,-0.04838111624121666,0.1323278248310089,0.0470702089369297,-0.10866028070449829,-0.04263533279299736,1.0,-4.544934775680304
0.2666666805744171,0.1666666716337204,0.9331960082054138,0.10000000149011612,0.8500000238418579,0.5555555820465088,-0.04904382675886154,0.13524819910526276,0.04779927432537079,-0.1092548742890358,-0.04340038448572159,1.0,-4.762914922088385
0.23333333432674408,0.1666666716337204,0.9329137206077576,0.10000000149011612,0.8999999761581421,0.5555555820465088,-0.04977799206972122,0.13846531510353088,0.04608586058020592,-0.1104540005326271,-0.046019427478313446,1.0,-5.138902295380831
0.30000001192092896,0.1666666716337204,0.9323914647102356,0.11999999731779099,0.949999988079071,0.5555555820465088,-0.0494026318192482,0.14046208560466766,0.05095440149307251,-0.10973411798477173,-0.04564985632896423,1.0,-210.0
0.03333333507180214,0.03333333507180214,0.9622535705566406,0.0,0.0,0.5252525210380554,-0.03270379453897476,0.1071552112698555,0.028957299888134003,-0.12391790002584457,-0.04432019591331482,1.0,-0.4001798667013645
0.03333333507180214,0.06666667014360428,0.9618781208992004,0.0,0.05000000074505806,0.5252525210380554,-0.03273734077811241,0.10938441753387451,0.02983248233795166,-0.12243545055389404,-0.04406864196062088,1.0,-0.618160255253315
0.03333333507180214,0.06666667014360428,0.9615827202796936,0.0,0.10000000149011612,0.5252525210380554,-0.033816900104284286,0.11239196360111237,0.029995253309607506,-0.12219537794589996,-0.04345032945275307,1.0,-0.8681841194629669
0.03333333507180214,0.06666667014360428,0.961287260055542,0.0,0.15000000596046448,0.5252525210380554,-0.035561464726924896,0.11407312750816345,0.029625743627548218,-0.12203249335289001,-0.042366430163383484,1.0,-1.182175651192665
0.06666667014360428,0.10000000149011612,0.9608318209648132,0.0,0.20000000298023224,0.5252525210380554,-0.036266524344682693,0.1121707558631897,0.031007833778858185,-0.11929657310247421,-0.04077403247356415,1.0,-1.4941714089363813
0.13333334028720856,0.13333334028720856,0.9602963924407959,0.019999999552965164,0.25,0.5252525210380554,-0.035820122808218,0.10870997607707977,0.03592267632484436,-0.11476185917854309,-0.03880784288048744,1.0,-1.6161645334213972
0.10000000149011612,0.13333334028720856,0.9600809812545776,0.019999999552965164,0.30000001192092896,0.5252525210380554,-0.037392228841781616,0.11303526908159256,0.03435099124908447,-0.11515775322914124,-0.03874731808900833,1.0,-1.9281840585172176
0.10000000149011612,0.13333334028720856,0.959785521030426,0.03999999910593033,0.3499999940395355,0.5252525210380554,-0.03847530484199524,0.11511334031820297,0.03483455255627632,-0.11442134529352188,-0.03920061141252518,1.0,-2.2401560489088297
0.10000000149011612,0.1666666716337204,0.9594101309776306,0.05999999865889549,0.4000000059604645,0.5252525210380554,-0.04003237187862396,0.11653653532266617,0.0343698114156723,-0.11229684948921204,-0.03968900814652443,1.0,-2.3961882553994656
0.06666667014360428,0.1666666716337204,0.9591946601867676,0.03999999910593033,0.44999998807907104,0.5252525210380554,-0.04235263168811798,0.1213284581899643,0.03254438564181328,-0.11294995248317719,-0.03952942043542862,1.0,-2.7101560197770596
0.06666667014360428,0.20000000298023224,0.9588192701339722,0.03999999910593033,0.5,0.5252525210380554,-0.04417140781879425,0.12252441048622131,0.03252587839961052,-0.1112685576081276,-0.039480604231357574,1.0,-2.9301799219101667
0.10000000149011612,0.20000000298023224,0.958443820476532,0.019999999552965164,0.550000011920929,0.5252525210380554,-0.04578949883580208,0.12343897670507431,0.03601152449846268,-0.11037719249725342,-0.038432128727436066,1.0,-3.1481603663414717
0.10000000149011612,0.20000000298023224,0.9581484198570251,0.019999999552965164,0.6000000238418579,0.5252525210380554,-0.04719409719109535,0.12622937560081482,0.03611721843481064,-0.11010460555553436,-0.0389237105846405,1.0,-3.46017974242568
0.10000000149011612,0.23333333432674408,0.957772970199585,0.03999999910593033,0.6499999761581421,0.5252525210380554,-0.04748529940843582,0.12761805951595306,0.034575220197439194,-0.10944952070713043,-0.04206795245409012,1.0,-3.710179802030325
0.13333334028720856,0.23333333432674408,0.9573975205421448,0.03999999910593033,0.699999988079071,0.5252525210380554,-0.04851138964295387,0.1289222687482834,0.03667750582098961,-0.1091788113117218,-0.04276036098599434,1.0,-3.92816024646163
0.10000000149011612,0.2666666805744171,0.9571021199226379,0.03999999910593033,0.75,0.5252525210380554,-0.04940240830183029,0.13136239349842072,0.03381123021245003,-0.10984740406274796,-0.04552159830927849,1.0,-4.178184147924185
0.06666667014360428,0.30000001192092896,0.9568066596984863,0.03999999910593033,0.800000011920929,0.5252525210380554,-0.05013486370444298,0.13410133123397827,0.03184463828802109,-0.11047517508268356,-0.04927796125411987,1.0,-4.490156138315797
0.10000000149011612,0.30000001192092896,0.9564312696456909,0.05999999865889549,0.8500000238418579,0.5252525210380554,-0.051040168851614,0.13534915447235107,0.033399589359760284,-0.11032480746507645,-0.05050630494952202,1.0,-4.680179743096232
0.10000000149011612,0.3333333432674408,0.9560558199882507,0.019999999552965164,0.8999999761581421,0.5252525210380554,-0.05212561786174774,0.1367475390434265,0.034472256898880005,-0.11114457249641418,-0.05061430484056473,1.0,-4.928160186856985
0.10000000149011612,0.3333333432674408,0.9557604193687439,0.03999999910593033,0.949999988079071,0.5252525210380554,-0.053104449063539505,0.13871386647224426,0.03558538109064102,-0.111784428358078,-0.05325627699494362,1.0,-198.0
0.03333333507180214,0.03333333507180214,0.9688282608985901,0.0,0.0,0.5151515007019043,-0.03282725811004639,0.10715330392122269,0.02911868877708912,-0.1237693652510643,-0.04485076665878296,1.0,-0.3703775443136692
0.0,0.06666667014360428,0.9685273170471191,0.0,0.05000000074505806,0.5151515007019043,-0.033679407089948654,0.11173171550035477,0.027611004188656807,-0.12339738756418228,-0.045416973531246185,1.0,-0.5319957807660103
0.03333333507180214,0.06666667014360428,0.9684473276138306,0.0,0.10000000149011612,0.5151515007019043,-0.03404401242733002,0.11258570104837418,0.030077628791332245,-0.12199616432189941,-0.043876051902770996,1.0,-0.902373343706131
0.06666667014360428,0.06666667014360428,0.968066394329071,0.0,0.15000000596046448,0.5151515007019043,-0.03501845896244049,0.11207182705402374,0.032148439437150955,-0.12062978744506836,-0.042320284992456436,1.0,-1.1503775548189878
0.06666667014360428,0.06666667014360428,0.9677654504776001,0.019999999552965164,0.20000000298023224,0.5151515007019043,-0.03606535866856575,0.11337344348430634,0.03157876059412956,-0.1200876384973526,-0.04196500778198242,1.0,-1.368381766602397
0.03333333507180214,0.06666667014360428,0.9675444960594177,0.019999999552965164,0.25,0.5151515007019043,-0.03764450177550316,0.11778046190738678,0.029704883694648743,-0.12048359215259552,-0.04173595458269119,1.0,-1.6203776001930237
0.03333333507180214,0.06666667014360428,0.9672435522079468,0.0,0.30000001192092896,0.5151515007019043,-0.0391165092587471,0.1210658997297287,0.03166817128658295,-0.11988238245248795,-0.04004222899675369,1.0,-1.8703775107860565
0.03333333507180214,0.06666667014360428,0.9669426083564758,0.0,0.3499999940395355,0.5151515007019043,-0.040279313921928406,0.12392346560955048,0.0327441431581974,-0.1194787472486496,-0.0394069142639637,1.0,-2.152373343706131
0.06666667014360428,0.06666667014360428,0.9665616750717163,0.0,0.4000000059604645,0.5151515007019043,-0.0411042720079422,0.12469566613435745,0.03618129715323448,-0.11756183952093124,-0.03771112859249115,1.0,-2.4643690269440413
0.13333334028720856,0.06666667014360428,0.9661007523536682,0.019999999552965164,0.44999998807907104,0.5151515007019043,-0.042208969593048096,0.12335208058357239,0.04075571894645691,-0.11498335748910904,-0.03737185150384903,1.0,-2.6503775399178267
0.13333334028720856,0.06666667014360428,0.9657998085021973,0.019999999552965164,0.5,0.5151515007019043,-0.04358559474349022,0.12603271007537842,0.041052497923374176,-0.11459845304489136,-0.037698403000831604,1.0,-2.962373372167349
0.1666666716337204,0.06666667014360428,0.9654188752174377,0.03999999910593033,0.550000011920929,0.5151515007019043,-0.04478125274181366,0.1266091763973236,0.043036095798015594,-0.11304764449596405,-0.03850094974040985,1.0,-3.2423734311014414
0.20000000298023224,0.06666667014360428,0.9650379419326782,0.05999999865889549,0.6000000238418579,0.5151515007019043,-0.045968394726514816,0.12736600637435913,0.04515087604522705,-0.11151669919490814,-0.03926439210772514,1.0,-3.4923731926828623
0.20000000298023224,0.10000000149011612,0.9646570086479187,0.05999999865889549,0.6499999761581421,0.5151515007019043,-0.04767833277583122,0.1284554898738861,0.04478752613067627,-0.11026883125305176,-0.03975250571966171,1.0,-3.7103774789720774
0.20000000298023224,0.10000000149011612,0.9643560647964478,0.05999999865889549,0.699999988079071,0.5151515007019043,-0.048693835735321045,0.1315397024154663,0.044502466917037964,-0.11065657436847687,-0.04064808785915375,1.0,-3.99037753790617
0.20000000298023224,0.10000000149011612,0.9640551209449768,0.07999999821186066,0.75,0.5151515007019043,-0.04978515952825546,0.1338607668876648,0.04430203139781952,-0.11056751012802124,-0.042609021067619324,1.0,-4.304369144141674
0.23333333432674408,0.13333334028720856,0.9635941982269287,0.07999999821186066,0.800000011920929,0.5151515007019043,-0.05007205903530121,0.13458718359470367,0.045889563858509064,-0.11003100872039795,-0.043042294681072235,1.0,-4.552373435348272
0.2666666805744171,0.13333334028720856,0.9632132649421692,0.10000000149011612,0.8500000238418579,0.5151515007019043,-0.049870580434799194,0.13695663213729858,0.04870501160621643,-0.10975080728530884,-0.04391173645853996,1.0,-4.7703774236142635
0.2666666805744171,0.13333334028720856,0.9629123210906982,0.10000000149011612,0.8999999761581421,0.5151515007019043,-0.05049637705087662,0.14015939831733704,0.048999037593603134,-0.11033354699611664,-0.0448417067527771,1.0,-5.084369029849768
0.30000001192092896,0.1666666716337204,0.9624513983726501,0.10000000149011612,0.949999988079071,0.5151515007019043,-0.05051413178443909,0.1410675346851349,0.05097100883722305,-0.10983291268348694,-0.04529158025979996,1.0,-138.6582498550415
0.0,0.0,0.9608057737350464,0.0,0.0,0.5252525210380554,-0.03413661941885948,0.11111371964216232,0.02735384739935398,-0.12603791058063507,-0.04379267990589142,1.0,-0.06401538848876953
0.03333333507180214,0.03333333507180214,0.9606457352638245,0.0,0.0,0.5252525210380554,-0.03272681683301926,0.10707484930753708,0.028950439766049385,-0.12394269555807114,-0.04428212344646454,1.0,-0.4764261282980442
0.03333333507180214,0.03333333507180214,0.9600796699523926,0.0,0.05000000074505806,0.5252525210380554,-0.03338391333818436,0.11072774231433868,0.02990373782813549,-0.12352564185857773,-0.043567486107349396,1.0,-0.7264499738812447
0.0,0.06666667014360428,0.9595135450363159,0.0,0.10000000149011612,0.5252525210380554,-0.034242093563079834,0.11447197943925858,0.02783803455531597,-0.12309339642524719,-0.043994612991809845,1.0,-0.7819958031177521
0.03333333507180214,0.06666667014360428,0.9594335556030273,0.0,0.15000000596046448,0.5252525210380554,-0.03556143864989281,0.11400388926267624,0.029649753123521805,-0.1220305785536766,-0.042307548224925995,1.0,-1.2584219127893448
0.06666667014360428,0.06666667014360428,0.9587875008583069,0.0,0.20000000298023224,0.5252525210380554,-0.036495938897132874,0.11403746157884598,0.031963374465703964,-0.12023797631263733,-0.04029461741447449,1.0,-1.5384457390755415
0.03333333507180214,0.13333334028720856,0.9581413865089417,0.019999999552965164,0.25,0.5252525210380554,-0.03725384175777435,0.11427326500415802,0.02843584306538105,-0.11823948472738266,-0.041109971702098846,1.0,-1.7584219574928284
0.06666667014360428,0.13333334028720856,0.9574953317642212,0.0,0.30000001192092896,0.5252525210380554,-0.03824511170387268,0.1154099702835083,0.03240639716386795,-0.11653228849172592,-0.038893550634384155,1.0,-2.038421867415309
0.10000000149011612,0.13333334028720856,0.9568492770195007,0.019999999552965164,0.3499999940395355,0.5252525210380554,-0.038800325244665146,0.11559790372848511,0.0352153405547142,-0.1145227923989296,-0.03827141225337982,1.0,-2.256449995562434
0.10000000149011612,0.13333334028720856,0.9562831521034241,0.019999999552965164,0.4000000059604645,0.5252525210380554,-0.04039044678211212,0.11848652362823486,0.03595215827226639,-0.11426229029893875,-0.038225118070840836,1.0,-2.600417610257864
0.1666666716337204,0.13333334028720856,0.955557107925415,0.03999999910593033,0.44999998807907104,0.5252525210380554,-0.041344642639160156,0.11707239598035812,0.04100244492292404,-0.11191951483488083,-0.038267504423856735,1.0,-2.7544303499162197
0.13333334028720856,0.13333334028720856,0.9550710320472717,0.03999999910593033,0.5,0.5252525210380554,-0.043514370918273926,0.12179999053478241,0.03892947733402252,-0.11199966073036194,-0.038785696029663086,1.0,-3.1324373446404934
0.23333333432674408,0.13333334028720856,0.9542649388313293,0.03999999910593033,0.550000011920929,0.5252525210380554,-0.044643301516771317,0.11936743557453156,0.04686495661735535,-0.10966579616069794,-0.0377977229654789,1.0,-3.3164262417703867
0.23333333432674408,0.13333334028720856,0.9536988735198975,0.05999999865889549,0.6000000238418579,0.5252525210380554,-0.04614418372511864,0.12209474295377731,0.046737827360630035,-0.10877536982297897,-0.03898901119828224,1.0,-3.628421775996685
0.2666666805744171,0.13333334028720856,0.953052818775177,0.07999999821186066,0.6499999761581421,0.5252525210380554,-0.046917397528886795,0.12362776696681976,0.048312652856111526,-0.10802057385444641,-0.040163226425647736,1.0,-3.8164499048143625
0.23333333432674408,0.1666666716337204,0.9524866938591003,0.05999999865889549,0.699999988079071,0.5252525210380554,-0.04822564497590065,0.12706859409809113,0.045096199959516525,-0.10854573547840118,-0.04094395413994789,1.0,-4.096426121890545
0.23333333432674408,0.1666666716337204,0.9519206285476685,0.07999999821186066,0.75,0.5252525210380554,-0.04918893054127693,0.12993767857551575,0.04451126605272293,-0.10861514508724213,-0.0422481931746006,1.0,-4.440417733043432
0.30000001192092896,0.1666666716337204,0.9511945843696594,0.10000000149011612,0.800000011920929,0.5252525210380554,-0.04841836541891098,0.1313311755657196,0.04996287450194359,-0.10793544352054596,-0.04252907633781433,1.0,-4.65642623975873
0.30000001192092896,0.1666666716337204,0.9506285190582275,0.11999999731779099,0.8500000238418579,0.5252525210380554,-0.049010951071977615,0.13425464928150177,0.05008339136838913,-0.10807864367961884,-0.044041942805051804,1.0,-4.938445616513491
0.30000001192092896,0.20000000298023224,0.9499824047088623,0.11999999731779099,0.8999999761581421,0.5252525210380554,-0.04970132187008858,0.1355734020471573,0.049195531755685806,-0.10825040191411972,-0.04572498798370361,1.0,-165.0
0.10000000149011612,0.03333333507180214,0.9600397348403931,0.0,0.0,0.5252525210380554,-0.03177722543478012,0.10333000123500824,0.03268119692802429,-0.12104570865631104,-0.041941817849874496,1.0,-0.4769575912505388
0.13333334028720856,0.03333333507180214,0.9595473408699036,0.019999999552965164,0.05000000074505806,0.5252525210380554,-0.031588658690452576,0.10377237200737,0.03475215658545494,-0.11908040195703506,-0.040616586804389954,1.0,-0.8209729827940464
0.1666666716337204,0.10000000149011612,0.9588949084281921,0.03999999910593033,0.10000000149011612,0.5252525210380554,-0.0308309905230999,0.1008756011724472,0.036856114864349365,-0.11593993753194809,-0.041496094316244125,1.0,-1.0389533899724483
0.23333333432674408,0.10000000149011612,0.9583225250244141,0.03999999910593033,0.15000000596046448,0.5252525210380554,-0.031335704028606415,0.10009679943323135,0.04185193032026291,-0.11371785402297974,-0.038993436843156815,1.0,-1.2869576010853052
0.23333333432674408,0.13333334028720856,0.9578301310539246,0.05999999865889549,0.20000000298023224,0.5252525210380554,-0.03268890827894211,0.09948946535587311,0.04169934242963791,-0.11249010264873505,-0.039133258163928986,1.0,-1.5049618128687143
0.23333333432674408,0.13333334028720856,0.9574177265167236,0.05999999865889549,0.25,0.5252525210380554,-0.034242816269397736,0.10228109359741211,0.04244527220726013,-0.11201120913028717,-0.03884588181972504,1.0,-1.784985713660717
0.20000000298023224,0.1666666716337204,0.9570052623748779,0.07999999821186066,0.30000001192092896,0.5252525210380554,-0.0353768914937973,0.10425426065921783,0.04012478142976761,-0.11093868315219879,-0.04048362746834755,1.0,-2.098953329026699
0.20000000298023224,0.23333333432674408,0.9564328789710999,0.07999999821186066,0.3499999940395355,0.5252525210380554,-0.03696131706237793,0.10415078699588776,0.04026667773723602,-0.10786193609237671,-0.040305543690919876,1.0,-2.410973008722067
0.2666666805744171,0.2666666805744171,0.9557804465293884,0.10000000149011612,0.4000000059604645,0.5252525210380554,-0.03776457905769348,0.10190168023109436,0.04550082981586456,-0.10521173477172852,-0.04152357950806618,1.0,-2.6269575245678425
0.2666666805744171,0.30000001192092896,0.9552880525588989,0.11999999731779099,0.44999998807907104,0.5252525210380554,-0.03810638189315796,0.10395228862762451,0.04412757605314255,-0.10475967824459076,-0.04453056678175926,1.0,-2.908953357487917
0.2666666805744171,0.36666667461395264,0.9547156691551208,0.11999999731779099,0.5,0.5252525210380554,-0.03899943083524704,0.10465747117996216,0.042426999658346176,-0.10454584658145905,-0.04824215918779373,1.0,-3.0949618704617023
0.2666666805744171,0.36666667461395264,0.9543032646179199,0.11999999731779099,0.550000011920929,0.5252525210380554,-0.040565792471170425,0.10809357464313507,0.04202615097165108,-0.10481774806976318,-0.048999328166246414,1.0,-3.314985778182745
0.2666666805744171,0.36666667461395264,0.9538908004760742,0.10000000149011612,0.6000000238418579,0.5252525210380554,-0.04242435470223427,0.11161267757415771,0.04216436296701431,-0.10544722527265549,-0.04826311767101288,1.0,-3.5969574712216854
0.30000001192092896,0.36666667461395264,0.9533984065055847,0.10000000149011612,0.6499999761581421,0.5252525210380554,-0.0437728688120842,0.11279387772083282,0.04431112855672836,-0.10538297146558762,-0.04867254197597504,1.0,-3.844961751252413
0.30000001192092896,0.36666667461395264,0.9529860019683838,0.11999999731779099,0.699999988079071,0.5252525210380554,-0.04493911191821098,0.11566288769245148,0.04320681095123291,-0.10543318837881088,-0.050083618611097336,1.0,-4.124961815774441
0.30000001192092896,0.36666667461395264,0.9525735974311829,0.14000000059604645,0.75,0.5252525210380554,-0.04610534757375717,0.11853190511465073,0.04210250452160835,-0.10548339784145355,-0.05149471387267113,1.0,-4.342966102063656
0.2666666805744171,0.36666667461395264,0.9522411823272705,0.14000000059604645,0.800000011920929,0.5252525210380554,-0.04733877629041672,0.1234125867486,0.038813866674900055,-0.10617224127054214,-0.05153879150748253,1.0,-4.592966161668301
0.23333333432674408,0.36666667461395264,0.9519087672233582,0.14000000059604645,0.8500000238418579,0.5252525210380554,-0.04837222024798393,0.12820330262184143,0.03630020096898079,-0.10689158737659454,-0.052391622215509415,1.0,-4.874961696565151
0.20000000298023224,0.4000000059604645,0.9514963626861572,0.14000000059604645,0.8999999761581421,0.5252525210380554,-0.04939214512705803,0.13106536865234375,0.03470887988805771,-0.10806630551815033,-0.056867942214012146,1.0,-5.124961756169796
0.20000000298023224,0.4000000059604645,0.9510839581489563,0.14000000059604645,0.949999988079071,0.5252525210380554,-0.05069825053215027,0.13353677093982697,0.03533370420336723,-0.10890243202447891,-0.05869155377149582,1.0,-231.0
0.13333334028720856,0.0,0.9823850989341736,0.0,0.0,0.49494948983192444,-0.032500021159648895,0.10358530282974243,0.035649023950099945,-0.11961738020181656,-0.04096471518278122,1.0,-0.27282932214438915
0.13333334028720856,0.0,0.9817780256271362,0.019999999552965164,0.0,0.49494948983192444,-0.032241515815258026,0.10260915756225586,0.03507031127810478,-0.11958099901676178,-0.0412851944565773,1.0,-0.33480125293135643
0.13333334028720856,0.03333333507180214,0.9810910224914551,0.03999999910593033,0.0,0.49494948983192444,-0.031095322221517563,0.09974579513072968,0.03439784795045853,-0.11879731714725494,-0.04318682849407196,1.0,-0.5828293245285749
0.10000000149011612,0.06666667014360428,0.9804839491844177,0.05999999865889549,0.05000000074505806,0.49494948983192444,-0.03104172646999359,0.10202158242464066,0.03251103311777115,-0.1192203164100647,-0.0456448532640934,1.0,-0.8967970330268145
0.13333334028720856,0.10000000149011612,0.979716956615448,0.05999999865889549,0.10000000149011612,0.49494948983192444,-0.030812911689281464,0.10176265239715576,0.03513511270284653,-0.1171782910823822,-0.04578202962875366,1.0,-1.1148251239210367
0.1666666716337204,0.10000000149011612,0.9790298938751221,0.05999999865889549,0.15000000596046448,0.49494948983192444,-0.03198966383934021,0.10241550207138062,0.03821435570716858,-0.11559963971376419,-0.043810851871967316,1.0,-1.3348012678325176
0.20000000298023224,0.10000000149011612,0.9783428907394409,0.03999999910593033,0.20000000298023224,0.49494948983192444,-0.0331292599439621,0.10336355865001678,0.04127271845936775,-0.11459919065237045,-0.04151532053947449,1.0,-1.6148250941187143
0.23333333432674408,0.10000000149011612,0.977655827999115,0.05999999865889549,0.25,0.49494948983192444,-0.03429005295038223,0.10397490113973618,0.04387916997075081,-0.11325326561927795,-0.040865831077098846,1.0,-1.8968209270387888
0.2666666805744171,0.13333334028720856,0.9768887758255005,0.05999999865889549,0.30000001192092896,0.49494948983192444,-0.0353144034743309,0.10328201204538345,0.046564556658267975,-0.11115267872810364,-0.04085623100399971,1.0,-2.1768208369612694
0.3333333432674408,0.13333334028720856,0.976121723651886,0.07999999821186066,0.3499999940395355,0.49494948983192444,-0.03653369098901749,0.10217341035604477,0.0525345504283905,-0.10882899165153503,-0.04013102501630783,1.0,-2.330809734761715
0.30000001192092896,0.13333334028720856,0.975594699382782,0.07999999821186066,0.4000000059604645,0.49494948983192444,-0.03798047453165054,0.1066158264875412,0.0506138876080513,-0.10905042290687561,-0.04031776264309883,1.0,-2.73881658539176
0.3333333432674408,0.20000000298023224,0.9747476577758789,0.10000000149011612,0.44999998807907104,0.49494948983192444,-0.03872855380177498,0.10430888831615448,0.05298987776041031,-0.1057482585310936,-0.04212459176778793,1.0,-2.956820871680975
0.4000000059604645,0.20000000298023224,0.9739806056022644,0.10000000149011612,0.5,0.49494948983192444,-0.04033505916595459,0.10400596261024475,0.059004269540309906,-0.10405448824167252,-0.04187822714447975,1.0,-3.204801309853792
0.4000000059604645,0.23333333432674408,0.9732936024665833,0.11999999731779099,0.550000011920929,0.49494948983192444,-0.04105433076620102,0.10554083436727524,0.057374078780412674,-0.10416949540376663,-0.04510083794593811,1.0,-3.454825211316347
0.4333333373069763,0.23333333432674408,0.9726065397262573,0.11999999731779099,0.6000000238418579,0.49494948983192444,-0.042294181883335114,0.10771511495113373,0.060471028089523315,-0.10372846573591232,-0.0450759083032608,1.0,-3.734801135957241
0.4333333373069763,0.2666666805744171,0.9719195365905762,0.14000000059604645,0.6499999761581421,0.49494948983192444,-0.04296490177512169,0.10916873812675476,0.058700382709503174,-0.10401536524295807,-0.04837983474135399,1.0,-3.984825037419796
0.46666666865348816,0.2666666805744171,0.9712324738502502,0.14000000059604645,0.699999988079071,0.49494948983192444,-0.04377548769116402,0.11171144992113113,0.062226153910160065,-0.103620745241642,-0.048298779875040054,1.0,-4.264825090765953
0.5,0.2666666805744171,0.9705454111099243,0.1599999964237213,0.75,0.49494948983192444,-0.04403623566031456,0.11452477425336838,0.06517456471920013,-0.10222575068473816,-0.049241065979003906,1.0,-4.608792871236801
0.6000000238418579,0.2666666805744171,0.969698429107666,0.18000000715255737,0.800000011920929,0.49494948983192444,-0.04315698891878128,0.11645632237195969,0.0758126899600029,-0.09794829040765762,-0.04829220846295357,1.0,-4.828816756606102
0.699999988079071,0.2666666805744171,0.9688513875007629,0.1599999964237213,0.8500000238418579,0.49494948983192444,-0.04349707439541817,0.11829227209091187,0.08711494505405426,-0.09468375146389008,-0.04383891820907593,1.0,-114.9992094039917
0.10000000149011612,0.0,0.9588533639907837,0.0,0.0,0.5252525210380554,-0.03248186036944389,0.1051168218255043,0.03297639638185501,-0.12177947163581848,-0.040720656514167786,1.0,-0.20924308709800243
0.10000000149011612,0.0,0.9584052562713623,0.019999999552965164,0.0,0.5252525210380554,-0.032335057854652405,0.10410256683826447,0.0322752371430397,-0.12173183262348175,-0.04106859117746353,1.0,-0.23924308642745018
0.10000000149011612,0.0,0.9579571485519409,0.03999999910593033,0.0,0.5252525210380554,-0.03219929710030556,0.10308314859867096,0.03157101199030876,-0.12167911231517792,-0.04142974689602852,1.0,-0.30323463305830956
0.1666666716337204,0.0,0.9573490619659424,0.03999999910593033,0.0,0.5252525210380554,-0.0316268652677536,0.10018344223499298,0.03598347678780556,-0.1182829886674881,-0.038222894072532654,1.0,-0.23926692828536034
0.13333334028720856,0.03333333507180214,0.9569008946418762,0.03999999910593033,0.0,0.5252525210380554,-0.03111439198255539,0.09974299371242523,0.03348570317029953,-0.11926925927400589,-0.04097195342183113,1.0,-0.5852304100990295
0.20000000298023224,0.06666667014360428,0.9562128186225891,0.03999999910593033,0.05000000074505806,0.5252525210380554,-0.030128762125968933,0.09833423048257828,0.03899194300174713,-0.11551819741725922,-0.039723318070173264,1.0,-0.833258481696248
0.2666666805744171,0.06666667014360428,0.9556046724319458,0.05999999865889549,0.10000000149011612,0.5252525210380554,-0.02977806329727173,0.09729660302400589,0.043683551251888275,-0.11337229609489441,-0.0382029190659523,1.0,-1.0812388882040977
0.2666666805744171,0.10000000149011612,0.9550765752792358,0.07999999821186066,0.15000000596046448,0.5252525210380554,-0.030750107020139694,0.09713578224182129,0.04344318434596062,-0.11220362782478333,-0.03871212527155876,1.0,-1.2692431006580591
0.23333333432674408,0.13333334028720856,0.9546284675598145,0.05999999865889549,0.20000000298023224,0.5252525210380554,-0.032714370638132095,0.0993872582912445,0.0417170412838459,-0.11248514801263809,-0.03905676677823067,1.0,-1.5812388584017754
0.2666666805744171,0.13333334028720856,0.9541003704071045,0.07999999821186066,0.25,0.5252525210380554,-0.033943455666303635,0.10031961649656296,0.04455351084470749,-0.11102019250392914,-0.039071690291166306,1.0,-1.8292431496083736
0.2666666805744171,0.13333334028720856,0.9536522626876831,0.10000000149011612,0.30000001192092896,0.5252525210380554,-0.03524532914161682,0.10240885615348816,0.045176707208156586,-0.11006482690572739,-0.03955452889204025,1.0,-2.143234606832266
0.30000001192092896,0.1666666716337204,0.9530441761016846,0.10000000149011612,0.3499999940395355,0.5252525210380554,-0.0363338403403759,0.10160332173109055,0.04826953262090683,-0.10802264511585236,-0.03944343701004982,1.0,-2.3592431135475636
0.30000001192092896,0.1666666716337204,0.9525960683822632,0.11999999731779099,0.4000000059604645,0.5252525210380554,-0.037543006241321564,0.1037287637591362,0.0486302524805069,-0.10705119371414185,-0.04003458470106125,1.0,-2.6392430290579796
0.30000001192092896,0.1666666716337204,0.9521479606628418,0.14000000059604645,0.44999998807907104,0.5252525210380554,-0.03872787952423096,0.106442891061306,0.04867924004793167,-0.10569287836551666,-0.041200798004865646,1.0,-2.8892669305205345
0.2666666805744171,0.20000000298023224,0.9516997933387756,0.14000000059604645,0.5,0.5252525210380554,-0.04052133485674858,0.11077825725078583,0.04554106667637825,-0.10536177456378937,-0.042489659041166306,1.0,-3.1412389166653156
0.30000001192092896,0.20000000298023224,0.9511716961860657,0.11999999731779099,0.550000011920929,0.5252525210380554,-0.042162057012319565,0.11236874759197235,0.04838850349187851,-0.10542252659797668,-0.04233356565237045,1.0,-3.4532347545027733
0.3333333432674408,0.23333333432674408,0.9505636096000671,0.14000000059604645,0.6000000238418579,0.5252525210380554,-0.0425274595618248,0.11223015189170837,0.04913362115621567,-0.10472556203603745,-0.04540437459945679,1.0,-3.6712387427687645
0.30000001192092896,0.30000001192092896,0.9500355124473572,0.14000000059604645,0.6499999761581421,0.5252525210380554,-0.04364553466439247,0.1152690052986145,0.04447004199028015,-0.10519318282604218,-0.04832390323281288,1.0,-3.8892430290579796
0.2666666805744171,0.3333333432674408,0.9495874047279358,0.14000000059604645,0.699999988079071,0.5252525210380554,-0.04498255252838135,0.1186639592051506,0.040670525282621384,-0.10572289675474167,-0.04978761076927185,1.0,-4.233258470892906
0.2666666805744171,0.4000000059604645,0.9489792585372925,0.1599999964237213,0.75,0.5252525210380554,-0.04562859237194061,0.11846467107534409,0.03824217617511749,-0.10544995963573456,-0.05393683910369873,1.0,-116.28822231292725
0.03333333507180214,0.03333333507180214,0.9432587027549744,0.0,0.0,0.5454545617103577,-0.03257482871413231,0.10686461627483368,0.028572484850883484,-0.12428732961416245,-0.04307607561349869,1.0,-0.5344333685934544
0.03333333507180214,0.06666667014360428,0.942547619342804,0.0,0.05000000074505806,0.5454545617103577,-0.03245265409350395,0.10902578383684158,0.029426362365484238,-0.12282158434391022,-0.042865294963121414,1.0,-0.7844333723187447
0.06666667014360428,0.06666667014360428,0.9418365359306335,0.0,0.10000000149011612,0.5454545617103577,-0.03324287384748459,0.10986803472042084,0.03151698783040047,-0.12113592028617859,-0.040942125022411346,1.0,-1.0324376206845045
0.06666667014360428,0.06666667014360428,0.9412054419517517,0.019999999552965164,0.15000000596046448,0.5454545617103577,-0.034596167504787445,0.11063656210899353,0.030798733234405518,-0.120995432138443,-0.04078644514083862,1.0,-1.314433379098773
0.06666667014360428,0.10000000149011612,0.9404943585395813,0.019999999552965164,0.20000000298023224,0.5454545617103577,-0.0356660857796669,0.11112211644649506,0.03020828403532505,-0.11927925050258636,-0.039888910949230194,1.0,-1.5324614327400923
0.06666667014360428,0.10000000149011612,0.9398632049560547,0.019999999552965164,0.25,0.5454545617103577,-0.03686992824077606,0.11368345469236374,0.031124427914619446,-0.11837254464626312,-0.0388331264257431,1.0,-1.782437650486827
0.06666667014360428,0.10000000149011612,0.9392321109771729,0.019999999552965164,0.30000001192092896,0.5454545617103577,-0.03794213384389877,0.11618071049451828,0.032342229038476944,-0.11760017275810242,-0.03795836865901947,1.0,-2.0324375610798597
0.06666667014360428,0.10000000149011612,0.938601016998291,0.019999999552965164,0.3499999940395355,0.5454545617103577,-0.03920755535364151,0.11870481818914413,0.03345279395580292,-0.11697758734226227,-0.03760497644543648,1.0,-2.314433393999934
0.06666667014360428,0.13333334028720856,0.9378899335861206,0.019999999552965164,0.4000000059604645,0.5454545617103577,-0.040459390729665756,0.11967043578624725,0.03321210667490959,-0.11556767672300339,-0.03815031424164772,1.0,-2.5004417579621077
0.03333333507180214,0.13333334028720856,0.9373388290405273,0.019999999552965164,0.44999998807907104,0.5454545617103577,-0.041665028780698776,0.12376158684492111,0.03133698180317879,-0.11580877751111984,-0.03944218158721924,1.0,-2.8164291381835938
0.10000000149011612,0.13333334028720856,0.9365477561950684,0.0,0.5,0.5454545617103577,-0.04370460659265518,0.12358535826206207,0.03774898126721382,-0.11424927413463593,-0.03694244101643562,1.0,-3.0644572656601667
0.10000000149011612,0.1666666716337204,0.9358366131782532,0.019999999552965164,0.550000011920929,0.5454545617103577,-0.04531237855553627,0.1241210550069809,0.036581553518772125,-0.11174703389406204,-0.03797627612948418,1.0,-3.344433482736349
0.10000000149011612,0.20000000298023224,0.9351255297660828,0.03999999910593033,0.6000000238418579,0.5454545617103577,-0.046474672853946686,0.12534868717193604,0.035259947180747986,-0.11020086705684662,-0.0397714227437973,1.0,-3.59443324431777
0.10000000149011612,0.23333333432674408,0.9344144463539124,0.03999999910593033,0.6499999761581421,0.5454545617103577,-0.04699759930372238,0.12670202553272247,0.03422698378562927,-0.11004405468702316,-0.04205799102783203,1.0,-3.812437530606985
0.10000000149011612,0.23333333432674408,0.9337833523750305,0.03999999910593033,0.699999988079071,0.5454545617103577,-0.04799295961856842,0.12898270785808563,0.03453434258699417,-0.11032038927078247,-0.04366308078169823,1.0,-4.06246143206954
0.10000000149011612,0.23333333432674408,0.9331521987915039,0.03999999910593033,0.75,0.5454545617103577,-0.048904143273830414,0.13126835227012634,0.034878525882959366,-0.11068274080753326,-0.04526637867093086,1.0,-4.376429196447134
0.13333334028720856,0.2666666805744171,0.9323611259460449,0.03999999910593033,0.800000011920929,0.5454545617103577,-0.04972204938530922,0.13157488405704498,0.03562300279736519,-0.11034988611936569,-0.04606733098626137,1.0,-4.594433482736349
0.1666666716337204,0.2666666805744171,0.9316500425338745,0.03999999910593033,0.8500000238418579,0.5454545617103577,-0.05059974268078804,0.13296319544315338,0.03789906948804855,-0.1104239895939827,-0.04616550728678703,1.0,-4.81243747100234
0.1666666716337204,0.2666666805744171,0.9310189485549927,0.03999999910593033,0.8999999761581421,0.5454545617103577,-0.05134867876768112,0.13526000082492828,0.038348011672496796,-0.11102011799812317,-0.04749628156423569,1.0,-5.092461371794343
0.13333334028720856,0.30000001192092896,0.9303877949714661,0.05999999865889549,0.949999988079071,0.5454545617103577,-0.05223127827048302,0.13746277987957,0.036089230328798294,-0.11143267154693604,-0.05242094397544861,1.0,-189.0
0.03333333507180214,0.0,0.9507535099983215,0.0,0.0,0.5353535413742065,-0.03334460034966469,0.10877861827611923,0.028942173346877098,-0.12502776086330414,-0.04263037070631981,1.0,-0.23279190063476562
0.03333333507180214,0.10000000149011612,0.9501715302467346,0.0,0.0,0.5353535413742065,-0.031320467591285706,0.10345497727394104,0.028574546799063683,-0.12318967282772064,-0.04521259665489197,1.0,-0.4187765158712864
0.06666667014360428,0.10000000149011612,0.9497495889663696,0.0,0.05000000074505806,0.5353535413742065,-0.03137782961130142,0.1054864153265953,0.03133804351091385,-0.12043912708759308,-0.04290065914392471,1.0,-0.6667569037526846
0.03333333507180214,0.13333334028720856,0.949407696723938,0.019999999552965164,0.10000000149011612,0.5353535413742065,-0.033083900809288025,0.10729828476905823,0.027314940467476845,-0.1200103834271431,-0.042790766805410385,1.0,-0.8867807686328888
0.0,0.1666666716337204,0.9490657448768616,0.0,0.15000000596046448,0.5353535413742065,-0.03536711633205414,0.11082729697227478,0.025103872641921043,-0.11940132826566696,-0.0414641872048378,1.0,-1.12800695002079
0.10000000149011612,0.20000000298023224,0.9487457275390625,0.0,0.20000000298023224,0.5353535413742065,-0.03476284444332123,0.10481920838356018,0.031924039125442505,-0.11521357297897339,-0.0395478792488575,1.0,-1.4167807381600142
0.06666667014360428,0.23333333432674408,0.9484037756919861,0.019999999552965164,0.25,0.5353535413742065,-0.03582845628261566,0.10697710514068604,0.029247824102640152,-0.11383263766765594,-0.03968086093664169,1.0,-1.760772343724966
0.06666667014360428,0.30000001192092896,0.9479018449783325,0.03999999910593033,0.30000001192092896,0.5353535413742065,-0.03660068288445473,0.10516046732664108,0.028947575017809868,-0.11116015911102295,-0.04089752957224846,1.0,-1.9807722549885511
0.10000000149011612,0.3333333432674408,0.947399914264679,0.019999999552965164,0.3499999940395355,0.5353535413742065,-0.038673680275678635,0.10583055019378662,0.03290864825248718,-0.10947155952453613,-0.04000237211585045,1.0,-2.2627680879086256
0.20000000298023224,0.3333333432674408,0.9468179941177368,0.019999999552965164,0.4000000059604645,0.5353535413742065,-0.03968803957104683,0.10433419048786163,0.04181039705872536,-0.10653051733970642,-0.03926919400691986,1.0,-2.542767997831106
0.23333333432674408,0.4000000059604645,0.9462360739707947,0.03999999910593033,0.44999998807907104,0.5353535413742065,-0.03900960087776184,0.10237250477075577,0.04183875396847725,-0.10580020397901535,-0.04425256326794624,1.0,-2.696780737489462
0.23333333432674408,0.4000000059604645,0.9458941221237183,0.03999999910593033,0.5,0.5353535413742065,-0.0401606447994709,0.10590342432260513,0.041377171874046326,-0.10617333650588989,-0.04499708488583565,1.0,-3.040772343054414
0.30000001192092896,0.4000000059604645,0.9453921914100647,0.05999999865889549,0.550000011920929,0.5353535413742065,-0.041164420545101166,0.10513541102409363,0.04563345015048981,-0.10522396117448807,-0.04715011641383171,1.0,-3.3207724019885063
0.36666667461395264,0.4000000059604645,0.9448902606964111,0.07999999821186066,0.6000000238418579,0.5353535413742065,-0.041835784912109375,0.10399045050144196,0.050140928477048874,-0.10509411990642548,-0.04943729192018509,1.0,-3.5687763951718807
0.4000000059604645,0.4000000059604645,0.9444683194160461,0.10000000149011612,0.6499999761581421,0.5353535413742065,-0.04268866777420044,0.10512800514698029,0.05192890018224716,-0.10450126975774765,-0.0514056570827961,1.0,-3.8187764547765255
0.4333333373069763,0.4000000059604645,0.9440463781356812,0.10000000149011612,0.699999988079071,0.5353535413742065,-0.043114855885505676,0.10741877555847168,0.05506778508424759,-0.10400588810443878,-0.05208280682563782,1.0,-4.098776508122683
0.46666666865348816,0.4000000059604645,0.9436244368553162,0.11999999731779099,0.75,0.5353535413742065,-0.042815838009119034,0.11028797924518585,0.05833762139081955,-0.10285159945487976,-0.05290766805410385,1.0,-4.348776567727327
0.5,0.4000000059604645,0.9432024955749512,0.11999999731779099,0.800000011920929,0.5353535413742065,-0.04299670085310936,0.11346356570720673,0.06225351244211197,-0.1020931601524353,-0.0525076724588871,1.0,-4.630772400647402
0.5666666626930237,0.4000000059604645,0.9427005648612976,0.11999999731779099,0.8500000238418579,0.5353535413742065,-0.04249432310461998,0.11605294048786163,0.07019121944904327,-0.10025342553853989,-0.05132533609867096,1.0,-4.878776393830776
0.6000000238418579,0.4000000059604645,0.9422786235809326,0.14000000059604645,0.8999999761581421,0.5353535413742065,-0.04243669658899307,0.11921961605548859,0.07351364195346832,-0.09881579130887985,-0.05175437405705452,1.0,-116.89249420166016
0.0,0.03333333507180214,0.9350473880767822,0.0,0.0,0.5555555820465088,-0.03322678804397583,0.10865932703018188,0.02645060606300831,-0.12609069049358368,-0.04305195063352585,1.0,-0.3139915503561497
0.06666667014360428,0.03333333507180214,0.9348874092102051,0.0,0.05000000074505806,0.5555555820465088,-0.032602060586214066,0.10878109931945801,0.03120708093047142,-0.12241106480360031,-0.04048227518796921,1.0,-0.786299979314208
0.13333334028720856,0.03333333507180214,0.9342466592788696,0.019999999552965164,0.10000000149011612,0.5555555820465088,-0.032522477209568024,0.10714943706989288,0.034703463315963745,-0.11925055086612701,-0.037824153900146484,1.0,-0.9402888398617506
0.10000000149011612,0.03333333507180214,0.9338459372520447,0.019999999552965164,0.15000000596046448,0.5555555820465088,-0.034296974539756775,0.11115887016057968,0.03290995955467224,-0.12044703960418701,-0.03807599097490311,1.0,-1.2522845976054668
0.10000000149011612,0.03333333507180214,0.9333652257919312,0.03999999910593033,0.20000000298023224,0.5555555820465088,-0.0350993312895298,0.11286929249763489,0.0329669788479805,-0.11966602504253387,-0.03788335621356964,1.0,-1.564280355349183
0.10000000149011612,0.06666667014360428,0.932804524898529,0.05999999865889549,0.25,0.5555555820465088,-0.03564556688070297,0.11244779080152512,0.032820262014865875,-0.11787398159503937,-0.038511987775564194,1.0,-1.7522846423089504
0.10000000149011612,0.06666667014360428,0.9323238134384155,0.03999999910593033,0.30000001192092896,0.5555555820465088,-0.03724958747625351,0.11534813791513443,0.03489777445793152,-0.11709660291671753,-0.03700147569179535,1.0,-2.0662760995328426
0.1666666716337204,0.06666667014360428,0.9316831231117249,0.03999999910593033,0.3499999940395355,0.5555555820465088,-0.03847290202975273,0.11539462208747864,0.040420178323984146,-0.11426767706871033,-0.0348271019756794,1.0,-2.3163000009953976
0.20000000298023224,0.10000000149011612,0.9310423731803894,0.03999999910593033,0.4000000059604645,0.5555555820465088,-0.03970656916499138,0.11410742253065109,0.04304666072130203,-0.11211849749088287,-0.03496209904551506,1.0,-2.5342802964150906
0.1666666716337204,0.1666666716337204,0.9304816722869873,0.03999999910593033,0.44999998807907104,0.5555555820465088,-0.04146333411335945,0.11463841795921326,0.040065698325634,-0.11110233515501022,-0.037327732890844345,1.0,-2.7822845820337534
0.1666666716337204,0.1666666716337204,0.9300009608268738,0.05999999865889549,0.5,0.5555555820465088,-0.04330270737409592,0.11757060140371323,0.03995262831449509,-0.1098252460360527,-0.03813926503062248,1.0,-3.1263000294566154
0.23333333432674408,0.1666666716337204,0.9293602108955383,0.07999999821186066,0.550000011920929,0.5555555820465088,-0.04398217797279358,0.11687346547842026,0.04466180503368378,-0.1078931987285614,-0.038932450115680695,1.0,-3.3122847005724907
0.23333333432674408,0.1666666716337204,0.9288794994354248,0.07999999821186066,0.6000000238418579,0.5555555820465088,-0.04546552896499634,0.12037783861160278,0.0443308986723423,-0.10808079689741135,-0.03961436077952385,1.0,-3.592284467071295
0.23333333432674408,0.1666666716337204,0.9283987879753113,0.10000000149011612,0.6499999761581421,0.5555555820465088,-0.04647616669535637,0.12348710745573044,0.043564531952142715,-0.10795068740844727,-0.04129274934530258,1.0,-3.9082718417048454
0.30000001192092896,0.20000000298023224,0.927678108215332,0.07999999821186066,0.699999988079071,0.5555555820465088,-0.046358902007341385,0.1231452077627182,0.048410363495349884,-0.10710671544075012,-0.041127629578113556,1.0,-4.1582957431674
0.3333333432674408,0.2666666805744171,0.926957368850708,0.07999999821186066,0.75,0.5555555820465088,-0.0462363101541996,0.12203492224216461,0.048912353813648224,-0.10672514140605927,-0.04371406510472298,1.0,-4.374280419200659
0.30000001192092896,0.3333333432674408,0.9263966679573059,0.10000000149011612,0.800000011920929,0.5555555820465088,-0.04742301255464554,0.12294359505176544,0.042791999876499176,-0.10685715824365616,-0.04789428785443306,1.0,-4.686300087720156
0.3333333432674408,0.36666667461395264,0.9257559180259705,0.11999999731779099,0.8500000238418579,0.5555555820465088,-0.04761689156293869,0.12314032018184662,0.044523827731609344,-0.1064157783985138,-0.05077499896287918,1.0,-4.9362760074436665
0.36666667461395264,0.4000000059604645,0.9251152276992798,0.11999999731779099,0.8999999761581421,0.5555555820465088,-0.047156840562820435,0.12437421828508377,0.047097835689783096,-0.1053542047739029,-0.05290371552109718,1.0,-5.122284520417452
0.36666667461395264,0.4000000059604645,0.9246345162391663,0.11999999731779099,0.949999988079071,0.5555555820465088,-0.04769429937005043,0.1279071867465973,0.04737546294927597,-0.10569410026073456,-0.053444333374500275,1.0,-264.0
0.0,0.0,0.9350169897079468,0.0,0.0,0.5555555820465088,-0.03378266841173172,0.11056984215974808,0.02673470601439476,-0.1266314685344696,-0.04184712469577789,1.0,-0.09601116180419922
0.06666667014360428,0.03333333507180214,0.9347769618034363,0.0,0.0,0.5555555820465088,-0.03199264407157898,0.10505732893943787,0.03036062978208065,-0.12296131998300552,-0.04137547314167023,1.0,-0.4479182083159685
0.06666667014360428,0.06666667014360428,0.9343571662902832,0.019999999552965164,0.05000000074505806,0.5555555820465088,-0.03154046833515167,0.1060066893696785,0.030425064265727997,-0.12150859087705612,-0.04156855493783951,1.0,-0.7298901434987783
0.10000000149011612,0.10000000149011612,0.9338574409484863,0.019999999552965164,0.10000000149011612,0.5555555820465088,-0.0324711799621582,0.10486587882041931,0.03208443522453308,-0.11912347376346588,-0.04000339284539223,1.0,-0.9158986192196608
0.06666667014360428,0.13333334028720856,0.9335176944732666,0.019999999552965164,0.15000000596046448,0.5555555820465088,-0.03396902605891228,0.10690674185752869,0.02913004718720913,-0.11911019682884216,-0.040181711316108704,1.0,-1.2279182188212872
0.10000000149011612,0.13333334028720856,0.9330978989601135,0.03999999910593033,0.20000000298023224,0.5555555820465088,-0.03445235639810562,0.10681513696908951,0.03150540590286255,-0.11700831353664398,-0.039073068648576736,1.0,-1.4798901360481977
0.1666666716337204,0.13333334028720856,0.9325981736183167,0.019999999552965164,0.25,0.5555555820465088,-0.03531773388385773,0.1065690666437149,0.03793688863515854,-0.11365538835525513,-0.035411287099123,1.0,-1.7599140368402004
0.20000000298023224,0.1666666716337204,0.932098388671875,0.03999999910593033,0.30000001192092896,0.5555555820465088,-0.03603094816207886,0.10527656972408295,0.04049552604556084,-0.11127512902021408,-0.03610577806830406,1.0,-1.9458985589444637
0.20000000298023224,0.1666666716337204,0.9317586421966553,0.03999999910593033,0.3499999940395355,0.5555555820465088,-0.03755062073469162,0.10802169889211655,0.04145563393831253,-0.1108035147190094,-0.03586746007204056,1.0,-2.2259224597364664
0.20000000298023224,0.1666666716337204,0.9314188361167908,0.05999999865889549,0.4000000059604645,0.5555555820465088,-0.03889378905296326,0.10983158648014069,0.041765399277210236,-0.11021186411380768,-0.03715551644563675,1.0,-2.5378943011164665
0.20000000298023224,0.20000000298023224,0.9309991002082825,0.07999999821186066,0.44999998807907104,0.5555555820465088,-0.040738534182310104,0.11108629405498505,0.04158082604408264,-0.10819829255342484,-0.03829595446586609,1.0,-2.819913975894451
0.23333333432674408,0.23333333432674408,0.9304993152618408,0.07999999821186066,0.5,0.5555555820465088,-0.041727591305971146,0.11130569875240326,0.043462999165058136,-0.10695120692253113,-0.03999786451458931,1.0,-3.00390287861228
0.20000000298023224,0.23333333432674408,0.9302395582199097,0.10000000149011612,0.550000011920929,0.5555555820465088,-0.04324401915073395,0.11621974408626556,0.0398898720741272,-0.10731780529022217,-0.04218790680170059,1.0,-3.2858987115323544
0.20000000298023224,0.23333333432674408,0.9298998117446899,0.10000000149011612,0.6000000238418579,0.5555555820465088,-0.044656455516815186,0.11954206228256226,0.03941374272108078,-0.10751719027757645,-0.043037042021751404,1.0,-3.5358984731137753
0.20000000298023224,0.23333333432674408,0.9295600652694702,0.10000000149011612,0.6499999761581421,0.5555555820465088,-0.045875027775764465,0.12254960089921951,0.038923751562833786,-0.10769273340702057,-0.043760064989328384,1.0,-3.81791814789176
0.23333333432674408,0.23333333432674408,0.9291402697563171,0.10000000149011612,0.699999988079071,0.5555555820465088,-0.04689858481287956,0.12400949001312256,0.04091597720980644,-0.1074274480342865,-0.04429299756884575,1.0,-4.0678943656384945
0.2666666805744171,0.23333333432674408,0.9287205338478088,0.10000000149011612,0.75,0.5555555820465088,-0.04760775715112686,0.12571491301059723,0.04328430816531181,-0.10745980590581894,-0.044310782104730606,1.0,-4.315898645669222
0.2666666805744171,0.23333333432674408,0.9283807873725891,0.11999999731779099,0.800000011920929,0.5555555820465088,-0.048078492283821106,0.12892715632915497,0.043043993413448334,-0.10774274915456772,-0.04588666930794716,1.0,-4.599914100021124
0.3333333432674408,0.23333333432674408,0.9278810024261475,0.10000000149011612,0.8500000238418579,0.5555555820465088,-0.047499656677246094,0.13063281774520874,0.050091009587049484,-0.10755524039268494,-0.04387560486793518,1.0,-4.817894246429205
0.3333333432674408,0.2666666805744171,0.9274612665176392,0.10000000149011612,0.8999999761581421,0.5555555820465088,-0.04825714975595474,0.1320582628250122,0.049083080142736435,-0.1078215166926384,-0.0458584688603878,1.0,-126.0
0.06666667014360428,0.0,0.9892346262931824,0.0,0.0,0.4848484992980957,-0.03345013037323952,0.10689489543437958,0.03191160410642624,-0.12281160056591034,-0.044385477900505066,1.0,-0.1784155648201704
0.03333333507180214,0.0,0.9888635873794556,0.019999999552965164,0.0,0.4848484992980957,-0.03381972014904022,0.10788092017173767,0.029460977762937546,-0.1241796538233757,-0.046060360968112946,1.0,-0.2124309539794922
0.06666667014360428,0.0,0.9883325099945068,0.0,0.0,0.4848484992980957,-0.03346571326255798,0.10685759037733078,0.03190579265356064,-0.12281493097543716,-0.04434892535209656,1.0,-0.2104113381356001
0.03333333507180214,0.03333333507180214,0.9878814816474915,0.019999999552965164,0.0,0.4848484992980957,-0.03331945091485977,0.1060793548822403,0.02908087708055973,-0.12313654273748398,-0.04673505946993828,1.0,-0.39841556921601295
0.0,0.03333333507180214,0.9875104427337646,0.0,0.05000000074505806,0.4848484992980957,-0.03502386063337326,0.11314483731985092,0.02859557792544365,-0.12407214194536209,-0.04661402106285095,1.0,-0.6280069425702095
0.10000000149011612,0.06666667014360428,0.9871904253959656,0.0,0.10000000149011612,0.4848484992980957,-0.03280837833881378,0.10697929561138153,0.034951768815517426,-0.11925240606069565,-0.044983234256505966,1.0,-0.928439436480403
0.06666667014360428,0.06666667014360428,0.986819326877594,0.019999999552965164,0.15000000596046448,0.4848484992980957,-0.03448951616883278,0.11125975847244263,0.032212261110544205,-0.1203325092792511,-0.045507919043302536,1.0,-1.2724071256816387
0.06666667014360428,0.10000000149011612,0.98628830909729,0.03999999910593033,0.20000000298023224,0.4848484992980957,-0.03548537939786911,0.11100630462169647,0.030783675611019135,-0.11856143176555634,-0.045006729662418365,1.0,-1.4284394066780806
0.03333333507180214,0.10000000149011612,0.9859172105789185,0.019999999552965164,0.25,0.4848484992980957,-0.03762749210000038,0.11612723767757416,0.02953357622027397,-0.1189458966255188,-0.04404757171869278,1.0,-1.6804113984107971
0.03333333507180214,0.10000000149011612,0.9854661822319031,0.0,0.30000001192092896,0.4848484992980957,-0.03907451778650284,0.11938101798295975,0.031166456639766693,-0.11837812513113022,-0.04229334369301796,1.0,-1.9304351508617401
0.0,0.13333334028720856,0.9850150942802429,0.0,0.3499999940395355,0.4848484992980957,-0.040618862956762314,0.12151987850666046,0.028418883681297302,-0.11721724271774292,-0.04198196157813072,1.0,-2.0639915764331818
0.06666667014360428,0.13333334028720856,0.9848551154136658,0.0,0.4000000059604645,0.4848484992980957,-0.040932897478342056,0.12044613808393478,0.034336499869823456,-0.11463403701782227,-0.040018532425165176,1.0,-2.524426667019725
0.10000000149011612,0.1666666716337204,0.9842440485954285,0.019999999552965164,0.44999998807907104,0.4848484992980957,-0.04238847643136978,0.11937176436185837,0.036668285727500916,-0.11215031892061234,-0.04062367603182793,1.0,-2.6784155648201704
0.06666667014360428,0.1666666716337204,0.9838730096817017,0.019999999552965164,0.5,0.4848484992980957,-0.04429617524147034,0.12434733659029007,0.034440457820892334,-0.11223115026950836,-0.04021978750824928,1.0,-2.9904352389276028
0.06666667014360428,0.1666666716337204,0.9834219217300415,0.03999999910593033,0.550000011920929,0.4848484992980957,-0.04596095532178879,0.12704992294311523,0.0344967395067215,-0.11113147437572479,-0.040952444076538086,1.0,-3.2424310725182295
0.10000000149011612,0.1666666716337204,0.9828908443450928,0.019999999552965164,0.6000000238418579,0.4848484992980957,-0.04714737832546234,0.12823429703712463,0.03732871636748314,-0.11101248115301132,-0.04022304713726044,1.0,-3.52440276555717
0.10000000149011612,0.23333333432674408,0.9822798371315002,0.019999999552965164,0.6499999761581421,0.4848484992980957,-0.048179637640714645,0.12800805270671844,0.035953447222709656,-0.10922813415527344,-0.04210289567708969,1.0,-3.8044266663491726
0.13333334028720856,0.2666666805744171,0.9816687703132629,0.03999999910593033,0.699999988079071,0.4848484992980957,-0.04851508140563965,0.1282670497894287,0.03662900626659393,-0.10826936364173889,-0.043874192982912064,1.0,-3.990435179322958
0.13333334028720856,0.2666666805744171,0.9812176823616028,0.03999999910593033,0.75,0.4848484992980957,-0.04971206560730934,0.13065199553966522,0.03676719218492508,-0.10876864194869995,-0.044874407351017,1.0,-4.272407170385122
0.13333334028720856,0.30000001192092896,0.9806866645812988,0.03999999910593033,0.800000011920929,0.4848484992980957,-0.05034463480114937,0.13222432136535645,0.03627832978963852,-0.10883045196533203,-0.047071073204278946,1.0,0.0
0.06666667014360428,0.0,0.9967715740203857,0.0,0.0,0.4747474789619446,-0.03368204087018967,0.10694936662912369,0.03218831866979599,-0.1226603239774704,-0.04491448402404785,1.0,-0.10843971185386181
0.03333333507180214,0.0,0.9965754747390747,0.019999999552965164,0.0,0.4747474789619446,-0.03407517820596695,0.10796943306922913,0.02973022498190403,-0.1239875927567482,-0.04655202105641365,1.0,-0.07843971252441406
0.0,0.0,0.9963793754577637,0.0,0.0,0.4747474789619446,-0.03491983935236931,0.11142491549253464,0.028704240918159485,-0.12536419928073883,-0.047055475413799286,1.0,0.0
0.0,0.0,0.9963793754577637,0.0,0.0,0.4747474789619446,-0.03491983935236931,0.11142491549253464,0.028704240918159485,-0.12536419928073883,-0.047055475413799286,1.0,0.0
0.0,0.0,0.9963793754577637,0.0,0.0,0.4747474789619446,-0.03491983935236931,0.11142491549253464,0.028704240918159485,-0.12536419928073883,-0.047055475413799286,1.0,-0.09601116180419922
0.06666667014360428,0.03333333507180214,0.9961393475532532,0.0,0.0,0.4747474789619446,-0.032921478152275085,0.105052150785923,0.03194168210029602,-0.12193149328231812,-0.04620250687003136,1.0,-0.3904354888945818
0.03333333507180214,0.06666667014360428,0.9958632588386536,0.019999999552965164,0.05000000074505806,0.4747474789619446,-0.03349211812019348,0.10884211957454681,0.029617274180054665,-0.12140735983848572,-0.04715171828866005,1.0,-0.642431266605854
0.03333333507180214,0.10000000149011612,0.9955071806907654,0.0,0.10000000149011612,0.4747474789619446,-0.03420444577932358,0.11135382950305939,0.02995830401778221,-0.12010511755943298,-0.04626193270087242,1.0,-0.8604355156421661
0.0,0.13333334028720856,0.9952310919761658,0.0,0.15000000596046448,0.4747474789619446,-0.036589544266462326,0.11398642510175705,0.026405880227684975,-0.11975592374801636,-0.0453164204955101,1.0,-1.032019630074501
0.0,0.1666666716337204,0.9951510429382324,0.0,0.20000000298023224,0.4747474789619446,-0.03760717436671257,0.11438710987567902,0.026332881301641464,-0.11801882088184357,-0.04451926797628403,1.0,-1.3140153884887695
0.06666667014360428,0.1666666716337204,0.9949910044670105,0.0,0.25,0.4747474789619446,-0.03713010251522064,0.11172446608543396,0.03173283487558365,-0.11570415645837784,-0.043425023555755615,1.0,-1.6404355447739363
0.06666667014360428,0.1666666716337204,0.9947149157524109,0.019999999552965164,0.30000001192092896,0.4747474789619446,-0.03794296085834503,0.11371222883462906,0.032103244215250015,-0.11452420800924301,-0.04295477271080017,1.0,-1.9864227753132582
0.13333334028720856,0.20000000298023224,0.9941988587379456,0.019999999552965164,0.3499999940395355,0.4747474789619446,-0.038460858166217804,0.11115585267543793,0.03759855031967163,-0.11101251095533371,-0.04174579679965973,1.0,-2.108439741656184
0.10000000149011612,0.20000000298023224,0.9940027594566345,0.019999999552965164,0.4000000059604645,0.4747474789619446,-0.040636468678712845,0.11539125442504883,0.03597851097583771,-0.11116671562194824,-0.04163498058915138,1.0,-2.4204354248940945
0.06666667014360428,0.23333333432674408,0.9937266707420349,0.03999999910593033,0.44999998807907104,0.4747474789619446,-0.04277294501662254,0.11823935061693192,0.03300444409251213,-0.11010123044252396,-0.04218246415257454,1.0,-2.7324312571436167
0.03333333507180214,0.30000001192092896,0.9933705925941467,0.05999999865889549,0.5,0.4747474789619446,-0.04427388310432434,0.11979542672634125,0.02955596335232258,-0.10849592089653015,-0.044599372893571854,1.0,-2.892431318759918
0.03333333507180214,0.3333333432674408,0.9930145144462585,0.0,0.550000011920929,0.4747474789619446,-0.04536193236708641,0.12202608585357666,0.03078729286789894,-0.1085783839225769,-0.04344216734170914,1.0,-3.1104356050491333
0.03333333507180214,0.3333333432674408,0.9927384257316589,0.0,0.6000000238418579,0.4747474789619446,-0.04611978679895401,0.12511788308620453,0.0309436097741127,-0.10869331657886505,-0.04458434879779816,1.0,-3.3284395933151245
0.0,0.3333333432674408,0.9925423264503479,0.0,0.6499999761581421,0.4747474789619446,-0.04660525918006897,0.1293836236000061,0.02937993034720421,-0.10942307114601135,-0.04654327407479286,1.0,-3.5640153288841248
0.06666667014360428,0.3333333432674408,0.992382287979126,0.0,0.699999988079071,0.4747474789619446,-0.04810445010662079,0.12935547530651093,0.033041007816791534,-0.10870973765850067,-0.04591435194015503,1.0,-185.24120998382568
0.03333333507180214,0.03333333507180214,0.9342792630195618,0.0,0.0,0.5555555820465088,-0.03254185616970062,0.10677176713943481,0.02836870774626732,-0.12443715333938599,-0.04241672158241272,1.0,-0.5513610877096653
0.03333333507180214,0.10000000149011612,0.9335258603096008,0.0,0.05000000074505806,0.5555555820465088,-0.0319979153573513,0.10663019120693207,0.028923187404870987,-0.12231471389532089,-0.042711272835731506,1.0,-0.7373695448040962
0.03333333507180214,0.10000000149011612,0.932932436466217,0.0,0.10000000149011612,0.5555555820465088,-0.03301277011632919,0.10942389070987701,0.028877120465040207,-0.12166094034910202,-0.041623640805482864,1.0,-0.9553737938404083
0.0,0.10000000149011612,0.9324190020561218,0.0,0.15000000596046448,0.5555555820465088,-0.03484811633825302,0.11381037533283234,0.02658741921186447,-0.12215942144393921,-0.04140821471810341,1.0,-1.0319957882165909
0.03333333507180214,0.10000000149011612,0.9323390126228333,0.0,0.20000000298023224,0.5555555820465088,-0.03601152077317238,0.11394568532705307,0.02890409715473652,-0.1205483004450798,-0.03966792672872543,1.0,-1.5193653106689453
0.06666667014360428,0.10000000149011612,0.9316655993461609,0.0,0.25,0.5555555820465088,-0.03714903071522713,0.11426442861557007,0.03163929656147957,-0.11854096502065659,-0.037503380328416824,1.0,-1.7673695962876081
0.03333333507180214,0.13333334028720856,0.9310721755027771,0.019999999552965164,0.30000001192092896,0.5555555820465088,-0.03753039985895157,0.11581075936555862,0.02930566668510437,-0.11799781024456024,-0.03909994661808014,1.0,-1.987345665693283
0.0,0.1666666716337204,0.9304788112640381,0.0,0.3499999940395355,0.5555555820465088,-0.038916654884815216,0.11943797767162323,0.02744782343506813,-0.11754254251718521,-0.039036281406879425,1.0,-2.0960111916065216
0.10000000149011612,0.1666666716337204,0.9302387833595276,0.0,0.4000000059604645,0.5555555820465088,-0.04053688049316406,0.1171075701713562,0.03564949333667755,-0.11399786174297333,-0.03622254729270935,1.0,-2.5493652503937483
0.10000000149011612,0.20000000298023224,0.9295653700828552,0.019999999552965164,0.44999998807907104,0.5555555820465088,-0.04205860570073128,0.1172942966222763,0.03478766232728958,-0.11206433922052383,-0.037296559661626816,1.0,-2.797369536012411
0.10000000149011612,0.20000000298023224,0.9289719462394714,0.03999999910593033,0.5,0.5555555820465088,-0.04375413805246353,0.1198362335562706,0.034737735986709595,-0.11088761687278748,-0.038179799914360046,1.0,-3.0793415270745754
0.10000000149011612,0.23333333432674408,0.9282985925674438,0.03999999910593033,0.550000011920929,0.5555555820465088,-0.044922925531864166,0.12121208012104034,0.03410046175122261,-0.10993726551532745,-0.039216652512550354,1.0,-3.3933808170259
0.13333334028720856,0.30000001192092896,0.9274651408195496,0.03999999910593033,0.6000000238418579,0.5555555820465088,-0.04457447677850723,0.1201341301202774,0.0343683585524559,-0.10887007415294647,-0.04249360412359238,1.0,-3.5153498016297817
0.10000000149011612,0.30000001192092896,0.9269517660140991,0.03999999910593033,0.6499999761581421,0.5555555820465088,-0.045914553105831146,0.12436817586421967,0.031464025378227234,-0.10982228815555573,-0.04373902082443237,1.0,-3.7653737030923367
0.06666667014360428,0.30000001192092896,0.9264383316040039,0.03999999910593033,0.699999988079071,0.5555555820465088,-0.046812742948532104,0.12761792540550232,0.02997131273150444,-0.1108047366142273,-0.046688102185726166,1.0,-4.077345693483949
0.06666667014360428,0.30000001192092896,0.9258449673652649,0.05999999865889549,0.75,0.5555555820465088,-0.04770093411207199,0.12992703914642334,0.029854655265808105,-0.1107906773686409,-0.049577195197343826,1.0,-4.3313611429184675
0.13333334028720856,0.30000001192092896,0.925091564655304,0.019999999552965164,0.800000011920929,0.5555555820465088,-0.049180034548044205,0.13045823574066162,0.034867122769355774,-0.11050347983837128,-0.04582794010639191,1.0,-4.549365429207683
0.1666666716337204,0.30000001192092896,0.9244181513786316,0.019999999552965164,0.8500000238418579,0.5555555820465088,-0.05019493028521538,0.1317654550075531,0.03696385398507118,-0.11052554845809937,-0.04599897563457489,1.0,-4.797369416803122
0.1666666716337204,0.30000001192092896,0.9238247275352478,0.03999999910593033,0.8999999761581421,0.5555555820465088,-0.050931088626384735,0.13398340344429016,0.036780182272195816,-0.11079193651676178,-0.048455968499183655,1.0,-5.077369475737214
0.13333334028720856,0.3333333432674408,0.923231303691864,0.05999999865889549,0.949999988079071,0.5555555820465088,-0.051598191261291504,0.1365569829940796,0.035041093826293945,-0.11148597300052643,-0.053792599588632584,1.0,-225.0
0.03333333507180214,0.0,0.9571437239646912,0.0,0.0,0.5252525210380554,-0.033423662185668945,0.10874611884355545,0.02912074141204357,-0.12491705268621445,-0.043200429528951645,1.0,-0.23679733276367188
0.03333333507180214,0.0,0.956551730632782,0.0,0.0,0.5252525210380554,-0.033435720950365067,0.1087169200181961,0.029112741351127625,-0.12491929531097412,-0.04317959398031235,1.0,-0.20477771759033203
0.0,0.0,0.9560397863388062,0.0,0.0,0.5252525210380554,-0.03415714204311371,0.11082230508327484,0.02730131521821022,-0.12613260746002197,-0.04364417493343353,1.0,-0.06401538848876953
0.06666667014360428,0.0,0.9558797478675842,0.0,0.0,0.5252525210380554,-0.03278786689043045,0.10661008954048157,0.030969075858592987,-0.12344157695770264,-0.0421876534819603,1.0,-0.2987931054085493
0.10000000149011612,0.0,0.9552077651023865,0.019999999552965164,0.0,0.5252525210380554,-0.03239931911230087,0.1039714366197586,0.032263219356536865,-0.12174510955810547,-0.040943898260593414,1.0,-0.2987931054085493
0.13333334028720856,0.0,0.9545357823371887,0.019999999552965164,0.0,0.5252525210380554,-0.032191671431064606,0.10237787663936615,0.03427956625819206,-0.12008730322122574,-0.039276205003261566,1.0,-0.29679733142256737
0.13333334028720856,0.0,0.9539437890052795,0.03999999910593033,0.0,0.5252525210380554,-0.03205881267786026,0.10135257244110107,0.03357480838894844,-0.12003517150878906,-0.03963172435760498,1.0,-0.29679733142256737
0.13333334028720856,0.0,0.9533517956733704,0.03999999910593033,0.0,0.5252525210380554,-0.03207071125507355,0.1013282984495163,0.033572569489479065,-0.12003763765096664,-0.039608635008335114,1.0,-0.39081271924078465
0.1666666716337204,0.03333333507180214,0.9525997638702393,0.05999999865889549,0.0,0.5252525210380554,-0.030493922531604767,0.09721828997135162,0.035281337797641754,-0.1174999549984932,-0.03983931988477707,1.0,-0.5767973344773054
0.13333334028720856,0.06666667014360428,0.9520077705383301,0.05999999865889549,0.05000000074505806,0.5252525210380554,-0.030306275933980942,0.10002949088811874,0.03354882448911667,-0.11821752041578293,-0.04216574877500534,1.0,-0.8907888848334551
0.1666666716337204,0.10000000149011612,0.9512557983398438,0.05999999865889549,0.10000000149011612,0.5252525210380554,-0.030657555907964706,0.0996924638748169,0.03633541613817215,-0.11581782251596451,-0.04148133844137192,1.0,-1.1407889071851969
0.23333333432674408,0.10000000149011612,0.9505038261413574,0.05999999865889549,0.15000000596046448,0.5252525210380554,-0.031307049095630646,0.09922726452350616,0.04154498875141144,-0.11342227458953857,-0.03899754583835602,1.0,-1.3887931182980537
0.2666666805744171,0.10000000149011612,0.9498318433761597,0.07999999821186066,0.20000000298023224,0.5252525210380554,-0.03269481658935547,0.09960337728261948,0.043910108506679535,-0.11231406033039093,-0.038642797619104385,1.0,-1.6408127192407846
0.3333333432674408,0.10000000149011612,0.9490798115730286,0.05999999865889549,0.25,0.5252525210380554,-0.03412530571222305,0.09948569536209106,0.049430057406425476,-0.11060041189193726,-0.03633292019367218,1.0,-1.8887931630015373
0.36666667461395264,0.10000000149011612,0.9484078288078308,0.07999999821186066,0.30000001192092896,0.5252525210380554,-0.03583738952875137,0.10007620602846146,0.05208577215671539,-0.10891328752040863,-0.036203738301992416,1.0,-2.1067973002791405
0.36666667461395264,0.10000000149011612,0.9478158354759216,0.07999999821186066,0.3499999940395355,0.5252525210380554,-0.037354812026023865,0.10303374379873276,0.053345292806625366,-0.10837729275226593,-0.03592491149902344,1.0,-2.3867973648011684
0.36666667461395264,0.10000000149011612,0.9472238421440125,0.10000000149011612,0.4000000059604645,0.5252525210380554,-0.03881829231977463,0.10503693670034409,0.05427812784910202,-0.10734832286834717,-0.036673206835985184,1.0,-2.6667972691357136
0.3333333432674408,0.13333334028720856,0.9466318488121033,0.11999999731779099,0.44999998807907104,0.5252525210380554,-0.039437394589185715,0.10628427565097809,0.05243933945894241,-0.10596436262130737,-0.03892221301794052,1.0,-2.9167973287403584
0.30000001192092896,0.1666666716337204,0.9460398554801941,0.11999999731779099,0.5,0.5252525210380554,-0.04094401001930237,0.10956238210201263,0.04968762397766113,-0.1056928038597107,-0.040805257856845856,1.0,-3.1967973932623863
0.2666666805744171,0.20000000298023224,0.9454478621482849,0.14000000059604645,0.550000011920929,0.5252525210380554,-0.04205186665058136,0.11379961669445038,0.045230619609355927,-0.10561250150203705,-0.04348905012011528,1.0,-177.0
0.06666667014360428,0.0,0.9559979438781738,0.0,0.0,0.5252525210380554,-0.03278568759560585,0.10661516338586807,0.03096962720155716,-0.12344099581241608,-0.042192041873931885,1.0,-0.17791488580405712
0.10000000149011612,0.0,0.9556281566619873,0.019999999552965164,0.0,0.5252525210380554,-0.032390858978033066,0.10398869216442108,0.03226479887962341,-0.12174335867166519,-0.04096028953790665,1.0,-0.2099106591194868
0.1666666716337204,0.0,0.9551783800125122,0.019999999552965164,0.0,0.5252525210380554,-0.03184441849589348,0.1010446771979332,0.0366024523973465,-0.1183619350194931,-0.03773865848779678,1.0,-0.17591911181807518
0.1666666716337204,0.0,0.9548885822296143,0.03999999910593033,0.0,0.5252525210380554,-0.031665507704019547,0.10006425529718399,0.03596637398004532,-0.11829762160778046,-0.038144562393426895,1.0,-0.17591911181807518
0.1666666716337204,0.0,0.9545987844467163,0.03999999910593033,0.0,0.5252525210380554,-0.03167005255818367,0.10005021095275879,0.03596436232328415,-0.11829936504364014,-0.038135334849357605,1.0,-0.2379148844629526
0.20000000298023224,0.0,0.9542289972305298,0.05999999865889549,0.0,0.5252525210380554,-0.03114873170852661,0.0978856012225151,0.037879664450883865,-0.11645099520683289,-0.036983225494623184,1.0,-0.23589526861906052
0.20000000298023224,0.0,0.9539392590522766,0.07999999821186066,0.0,0.5252525210380554,-0.030997686088085175,0.09686028212308884,0.037210963666439056,-0.1163913756608963,-0.03739938139915466,1.0,-0.26791488379240036
0.23333333432674408,0.0,0.9535694718360901,0.07999999821186066,0.0,0.5252525210380554,-0.030847594141960144,0.09523868560791016,0.0395510196685791,-0.11500324308872223,-0.03615898638963699,1.0,-0.29991065710783005
0.23333333432674408,0.06666667014360428,0.953119695186615,0.07999999821186066,0.0,0.5252525210380554,-0.02871023118495941,0.09213278442621231,0.03998151421546936,-0.11403052508831024,-0.039086755365133286,1.0,-0.5179148875176907
0.20000000298023224,0.13333334028720856,0.9527499079704285,0.07999999821186066,0.05000000074505806,0.5252525210380554,-0.028136439621448517,0.09279739111661911,0.03780107572674751,-0.11402870714664459,-0.04224231094121933,1.0,-0.7979148961603642
0.23333333432674408,0.13333334028720856,0.9523801207542419,0.10000000149011612,0.10000000149011612,0.5252525210380554,-0.0291355699300766,0.09328247606754303,0.040150463581085205,-0.11233555525541306,-0.04074784368276596,1.0,-1.0799106918275356
0.2666666805744171,0.1666666716337204,0.9519303441047668,0.10000000149011612,0.15000000596046448,0.5252525210380554,-0.03023427724838257,0.0923951119184494,0.04289265722036362,-0.11046561598777771,-0.04090384393930435,1.0,-1.2339233569800854
0.23333333432674408,0.1666666716337204,0.9517205357551575,0.10000000149011612,0.20000000298023224,0.5252525210380554,-0.03226131945848465,0.09683669358491898,0.040941014885902405,-0.11103182286024094,-0.04096120595932007,1.0,-1.6099106557667255
0.30000001192092896,0.1666666716337204,0.9512707591056824,0.11999999731779099,0.25,0.5252525210380554,-0.0334073081612587,0.09584328532218933,0.0463898703455925,-0.1086803451180458,-0.04047013074159622,1.0,-1.8279149420559406
0.3333333432674408,0.1666666716337204,0.9509009718894958,0.11999999731779099,0.30000001192092896,0.5252525210380554,-0.034844543784856796,0.09696795046329498,0.0498923733830452,-0.10742594301700592,-0.03972867131233215,1.0,-2.079910632222891
0.36666667461395264,0.20000000298023224,0.9504511952400208,0.10000000149011612,0.3499999940395355,0.5252525210380554,-0.035871341824531555,0.09708037972450256,0.05345168709754944,-0.10562359541654587,-0.039196211844682693,1.0,-2.359910685569048
0.4000000059604645,0.23333333432674408,0.9500014185905457,0.11999999731779099,0.4000000059604645,0.5252525210380554,-0.03759627789258957,0.09625670313835144,0.05692717432975769,-0.10343749821186066,-0.041101086884737015,1.0,-2.5459190495312214
0.4000000059604645,0.23333333432674408,0.9497116208076477,0.11999999731779099,0.44999998807907104,0.5252525210380554,-0.03882371261715889,0.0987928956747055,0.05703797563910484,-0.10356926918029785,-0.04201096296310425,1.0,-2.8259191140532494
0.36666667461395264,0.2666666805744171,0.9494218230247498,0.14000000059604645,0.5,0.5252525210380554,-0.03910617530345917,0.10186442732810974,0.052485041320323944,-0.10391920804977417,-0.045804474502801895,1.0,-3.0139233954250813
0.3333333432674408,0.2666666805744171,0.9492120146751404,0.11999999731779099,0.550000011920929,0.5252525210380554,-0.040977176278829575,0.1078047901391983,0.04945140331983566,-0.10455925762653351,-0.04497694596648216,1.0,-246.0
0.03333333507180214,0.10000000149011612,0.9866669774055481,0.0,0.0,0.4848484992980957,-0.03167179971933365,0.10488863289356232,0.02849644422531128,-0.1217019259929657,-0.04817952215671539,1.0,-0.4748525656759739
0.06666667014360428,0.13333334028720856,0.9861048460006714,0.0,0.05000000074505806,0.4848484992980957,-0.03134194761514664,0.10435546189546585,0.031200453639030457,-0.11846718937158585,-0.046302154660224915,1.0,-0.6588414069265127
0.03333333507180214,0.13333334028720856,0.9857827425003052,0.019999999552965164,0.10000000149011612,0.4848484992980957,-0.033541321754455566,0.1085214763879776,0.028295595198869705,-0.11905810236930847,-0.04605630785226822,1.0,-0.9108610451221466
0.0,0.1666666716337204,0.9853805899620056,0.0,0.15000000596046448,0.4848484992980957,-0.03624515235424042,0.11176843196153641,0.025584548711776733,-0.11880184710025787,-0.04449612647294998,1.0,-1.0960111767053604
0.06666667014360428,0.20000000298023224,0.9851405620574951,0.0,0.20000000298023224,0.4848484992980957,-0.03566867858171463,0.10733701288700104,0.030151663348078728,-0.11554668843746185,-0.04361232370138168,1.0,-1.4408371727913618
0.06666667014360428,0.20000000298023224,0.9847384691238403,0.019999999552965164,0.25,0.4848484992980957,-0.03647914528846741,0.10931864380836487,0.03052333928644657,-0.1143675148487091,-0.043141432106494904,1.0,-1.7868483942002058
0.10000000149011612,0.2666666805744171,0.984096348285675,0.019999999552965164,0.30000001192092896,0.4848484992980957,-0.037108734250068665,0.10695097595453262,0.03308989852666855,-0.11025862395763397,-0.04187852889299393,1.0,-2.004852531477809
0.1666666716337204,0.2666666805744171,0.9835342168807983,0.019999999552965164,0.3499999940395355,0.4848484992980957,-0.03815542533993721,0.1059563159942627,0.039447713643312454,-0.10852430015802383,-0.04127398505806923,1.0,-2.2848525904119015
0.20000000298023224,0.30000001192092896,0.9829720854759216,0.03999999910593033,0.4000000059604645,0.4848484992980957,-0.03941789269447327,0.10559042543172836,0.042430344969034195,-0.10625378042459488,-0.042197469621896744,1.0,-2.5028567276895046
0.23333333432674408,0.30000001192092896,0.9824899435043335,0.03999999910593033,0.44999998807907104,0.4848484992980957,-0.04085372015833855,0.10703935474157333,0.04577966779470444,-0.10569046437740326,-0.04219834506511688,1.0,-2.7508371714502573
0.20000000298023224,0.3333333432674408,0.9820878505706787,0.05999999865889549,0.5,0.4848484992980957,-0.041690584272146225,0.11026465147733688,0.041254036128520966,-0.10561900585889816,-0.04524168744683266,1.0,-3.03086107224226
0.1666666716337204,0.36666667461395264,0.9816856980323792,0.07999999821186066,0.550000011920929,0.4848484992980957,-0.042502906173467636,0.11347809433937073,0.03682071715593338,-0.10581862926483154,-0.0482872799038887,1.0,-3.3128330633044243
0.1666666716337204,0.4000000059604645,0.9812036156654358,0.07999999821186066,0.6000000238418579,0.4848484992980957,-0.043261706829071045,0.11552974581718445,0.035850413143634796,-0.10594669729471207,-0.04966830462217331,1.0,-3.5928566716611385
0.20000000298023224,0.4000000059604645,0.9807214736938477,0.10000000149011612,0.6499999761581421,0.4848484992980957,-0.04405359923839569,0.1170772984623909,0.03720623999834061,-0.10574813932180405,-0.05046987906098366,1.0,-3.874852504581213
0.20000000298023224,0.46666666865348816,0.980159342288971,0.10000000149011612,0.699999988079071,0.4848484992980957,-0.044101282954216,0.11796993762254715,0.03582143783569336,-0.10546716302633286,-0.05364491790533066,1.0,-4.0908371694386005
0.20000000298023224,0.46666666865348816,0.9797572493553162,0.11999999731779099,0.75,0.4848484992980957,-0.045205023139715195,0.12103687226772308,0.03510941192507744,-0.10550311207771301,-0.05553315952420235,1.0,-4.31285684555769
0.20000000298023224,0.5,0.979275107383728,0.07999999821186066,0.800000011920929,0.4848484992980957,-0.04633646830916405,0.12313666939735413,0.03545418381690979,-0.10633864253759384,-0.05559539049863815,1.0,-4.562856905162334
0.20000000298023224,0.5333333611488342,0.9787929654121399,0.07999999821186066,0.8500000238418579,0.4848484992980957,-0.04702143371105194,0.12540572881698608,0.03525441884994507,-0.10650041699409485,-0.05889499559998512,1.0,-4.842832829803228
0.23333333432674408,0.5333333611488342,0.9783108830451965,0.10000000149011612,0.8999999761581421,0.4848484992980957,-0.047704067081213,0.1271667778491974,0.03690074756741524,-0.10550424456596375,-0.0607067309319973,1.0,-5.156872119754553
0.3333333432674408,0.5333333611488342,0.9776687026023865,0.10000000149011612,0.949999988079071,0.4848484992980957,-0.04733793064951897,0.1257144808769226,0.0434848815202713,-0.10261227190494537,-0.0579228401184082,1.0,-207.0
0.06666667014360428,0.0,0.9866030216217041,0.0,0.0,0.4848484992980957,-0.033495597541332245,0.10678604245185852,0.03189464658498764,-0.12282130122184753,-0.04427885264158249,1.0,-0.1797745507210493
0.03333333507180214,0.0,0.9862285852432251,0.019999999552965164,0.0,0.4848484992980957,-0.033845704048871994,0.10772427171468735,0.02942713350057602,-0.12421996146440506,-0.045999348163604736,1.0,-0.2137899398803711
0.06666667014360428,0.0,0.9856941103935242,0.0,0.0,0.4848484992980957,-0.03351130336523056,0.10674846172332764,0.03188879042863846,-0.12282465398311615,-0.044242024421691895,1.0,-0.1797745507210493
0.03333333507180214,0.0,0.9853196740150452,0.019999999552965164,0.0,0.4848484992980957,-0.03385467827320099,0.10767022520303726,0.02941546030342579,-0.12423385679721832,-0.04597829282283783,1.0,-0.14979839324951172
0.0,0.0,0.9849451780319214,0.0,0.0,0.4848484992980957,-0.03490550071001053,0.11115576326847076,0.028399761766195297,-0.12552931904792786,-0.046167947351932526,1.0,-0.03199577331542969
0.03333333507180214,0.0,0.9848651885986328,0.0,0.0,0.4848484992980957,-0.03385625779628754,0.1084674820303917,0.030071010813117027,-0.12449309229850769,-0.04578462988138199,1.0,-0.2137899398803711
0.06666667014360428,0.0,0.9843307137489319,0.0,0.0,0.4848484992980957,-0.03353484719991684,0.10669206827878952,0.03188000246882439,-0.12282967567443848,-0.0441867858171463,1.0,-0.21179416589438915
0.03333333507180214,0.03333333507180214,0.9838762283325195,0.019999999552965164,0.0,0.4848484992980957,-0.03336525708436966,0.10587790608406067,0.029053879901766777,-0.12319693714380264,-0.0466347299516201,1.0,-0.4957857169210911
0.10000000149011612,0.03333333507180214,0.98326176404953,0.0,0.05000000074505806,0.4848484992980957,-0.03253420442342758,0.10615609586238861,0.03461106866598129,-0.12014562636613846,-0.044004231691360474,1.0,-0.7117703314870596
0.10000000149011612,0.03333333507180214,0.9828073382377625,0.019999999552965164,0.10000000149011612,0.4848484992980957,-0.033104341477155685,0.1080065667629242,0.034608688205480576,-0.12012012302875519,-0.04463233798742294,1.0,-1.0877815149724483
0.1666666716337204,0.06666667014360428,0.9821128845214844,0.03999999910593033,0.15000000596046448,0.4848484992980957,-0.03241182863712311,0.10514266788959503,0.039493098855018616,-0.11675330996513367,-0.043726518750190735,1.0,-1.2737899534404278
0.20000000298023224,0.06666667014360428,0.9815784096717834,0.03999999910593033,0.20000000298023224,0.4848484992980957,-0.033388152718544006,0.10589911788702011,0.0422108918428421,-0.11569206416606903,-0.04161224514245987,1.0,-1.491794165223837
0.20000000298023224,0.06666667014360428,0.9811239242553711,0.03999999910593033,0.25,0.4848484992980957,-0.03482753410935402,0.10835878551006317,0.0427311547100544,-0.11534540355205536,-0.04034792631864548,1.0,-1.803766155615449
0.23333333432674408,0.06666667014360428,0.9805895090103149,0.05999999865889549,0.30000001192092896,0.4848484992980957,-0.03594965487718582,0.10916383564472198,0.04543983191251755,-0.11380233615636826,-0.04018573835492134,1.0,-2.05179413408041
0.20000000298023224,0.10000000149011612,0.9801350235939026,0.07999999821186066,0.3499999940395355,0.4848484992980957,-0.037213124334812164,0.11057940125465393,0.04248927906155586,-0.11220377683639526,-0.04185650497674942,1.0,-2.3337899670004845
0.20000000298023224,0.13333334028720856,0.9796005487442017,0.07999999821186066,0.4000000059604645,0.4848484992980957,-0.03861610218882561,0.11153221130371094,0.04297409951686859,-0.11071126908063889,-0.0422191247344017,1.0,-2.64578565582633
0.20000000298023224,0.20000000298023224,0.9789860844612122,0.10000000149011612,0.44999998807907104,0.4848484992980957,-0.040333062410354614,0.11194998025894165,0.042492181062698364,-0.1070898175239563,-0.042649976909160614,1.0,-2.8637899421155453
0.20000000298023224,0.23333333432674408,0.9784516096115112,0.10000000149011612,0.5,0.4848484992980957,-0.04217666760087013,0.11425964534282684,0.042487628757953644,-0.10604848712682724,-0.04318592697381973,1.0,-3.11376615986228
0.23333333432674408,0.23333333432674408,0.9779171943664551,0.10000000149011612,0.550000011920929,0.4848484992980957,-0.04315061494708061,0.11582348495721817,0.04448132589459419,-0.10580939054489136,-0.044099122285842896,1.0,-3.425785828381777
0.2666666805744171,0.2666666805744171,0.9773027300834656,0.11999999731779099,0.6000000238418579,0.4848484992980957,-0.04338262230157852,0.11594460904598236,0.04501277953386307,-0.10521699488162994,-0.04658437520265579,1.0,-170.87234210968018
0.06666667014360428,0.0,0.9551218748092651,0.0,0.0,0.5252525210380554,-0.03280189633369446,0.1065775454044342,0.030965574085712433,-0.12344525009393692,-0.042159609496593475,1.0,-0.1801560204476118
0.10000000149011612,0.0,0.9547464847564697,0.019999999552965164,0.0,0.5252525210380554,-0.032408587634563446,0.10395251959562302,0.032261475920677185,-0.12174703180789948,-0.040925897657871246,1.0,-0.14818408899009228
0.06666667014360428,0.03333333507180214,0.9544510245323181,0.019999999552965164,0.0,0.5252525210380554,-0.031960491091012955,0.10375061631202698,0.030067265033721924,-0.1225723922252655,-0.0434449277818203,1.0,-0.46017986536026
0.06666667014360428,0.06666667014360428,0.9540755748748779,0.03999999910593033,0.05000000074505806,0.5252525210380554,-0.03170054033398628,0.10482178628444672,0.030205806717276573,-0.12099100649356842,-0.04352959617972374,1.0,-0.6481602545827627
0.06666667014360428,0.06666667014360428,0.9537801742553711,0.019999999552965164,0.10000000149011612,0.5252525210380554,-0.03316393867135048,0.10891693830490112,0.03141413629055023,-0.12096624821424484,-0.0427853986620903,1.0,-0.8981841187924147
0.03333333507180214,0.10000000149011612,0.9534847140312195,0.019999999552965164,0.15000000596046448,0.5252525210380554,-0.035198457539081573,0.11144029349088669,0.028167495504021645,-0.12080385535955429,-0.04251008480787277,1.0,-1.182151809334755
0.03333333507180214,0.1666666716337204,0.9530293345451355,0.0,0.20000000298023224,0.5252525210380554,-0.03639545291662216,0.1110878735780716,0.02793020009994507,-0.11797154694795609,-0.040885355323553085,1.0,-1.3681840896606445
0.03333333507180214,0.1666666716337204,0.9527338743209839,0.0,0.25,0.5252525210380554,-0.03739538788795471,0.11316007375717163,0.02861165627837181,-0.11728455871343613,-0.04030419886112213,1.0,-1.6821756958961487
0.06666667014360428,0.20000000298023224,0.9522784352302551,0.0,0.30000001192092896,0.5252525210380554,-0.03767640143632889,0.11186404526233673,0.031431011855602264,-0.11433085799217224,-0.0388503223657608,1.0,-1.9301559906452894
0.10000000149011612,0.20000000298023224,0.9519030451774597,0.019999999552965164,0.3499999940395355,0.5252525210380554,-0.038568299263715744,0.11224803328514099,0.03438691794872284,-0.11247987300157547,-0.0386907160282135,1.0,-2.212175665423274
0.10000000149011612,0.2666666805744171,0.951447606086731,0.019999999552965164,0.4000000059604645,0.5252525210380554,-0.04054167866706848,0.11176176369190216,0.03450947627425194,-0.11040164530277252,-0.03893192112445831,1.0,-2.5241713486611843
0.13333334028720856,0.3333333432674408,0.9509121775627136,0.03999999910593033,0.44999998807907104,0.5252525210380554,-0.041296929121017456,0.11008528620004654,0.03607610613107681,-0.10790230333805084,-0.04180009290575981,1.0,-2.7421756349503994
0.1666666716337204,0.36666667461395264,0.9504567384719849,0.03999999910593033,0.5,0.5252525210380554,-0.04140029847621918,0.11034592241048813,0.03748670592904091,-0.1071273684501648,-0.04395575821399689,1.0,-2.9601799212396145
0.20000000298023224,0.36666667461395264,0.9500812888145447,0.03999999910593033,0.550000011920929,0.5252525210380554,-0.04223933815956116,0.11176209151744843,0.039470817893743515,-0.1068032830953598,-0.044779807329177856,1.0,-3.2721757534891367
0.20000000298023224,0.4333333373069763,0.9496258497238159,0.05999999865889549,0.6000000238418579,0.5252525210380554,-0.042219795286655426,0.1121332198381424,0.03666765242815018,-0.10640333592891693,-0.048561371862888336,1.0,-3.5221516732126474
0.2666666805744171,0.4333333373069763,0.9491704702377319,0.05999999865889549,0.6499999761581421,0.5252525210380554,-0.04341016337275505,0.11164342612028122,0.04139908403158188,-0.10597572475671768,-0.04894063621759415,1.0,-3.7381840273737907
0.2666666805744171,0.4333333373069763,0.9488750100135803,0.07999999821186066,0.699999988079071,0.5252525210380554,-0.04453672468662262,0.11453404277563095,0.04027552157640457,-0.10602914541959763,-0.050355784595012665,1.0,-4.020179860293865
0.2666666805744171,0.46666666865348816,0.9484995603561401,0.07999999821186066,0.75,0.5252525210380554,-0.04542353004217148,0.11615460366010666,0.0391232855618,-0.10614241659641266,-0.052092455327510834,1.0,-4.268160309642553
0.2666666805744171,0.46666666865348816,0.9482041597366333,0.10000000149011612,0.800000011920929,0.5252525210380554,-0.04632735997438431,0.1194571703672409,0.0383671335875988,-0.10586041212081909,-0.05387178063392639,1.0,-4.550179984420538
0.2666666805744171,0.5,0.9478287100791931,0.10000000149011612,0.8500000238418579,0.5252525210380554,-0.04664473235607147,0.12199901044368744,0.037728630006313324,-0.10517654567956924,-0.05616065859794617,1.0,-129.55903816223145
0.06666667014360428,0.0,0.9314311146736145,0.0,0.0,0.5555555820465088,-0.03271830826997757,0.10669267177581787,0.03044353425502777,-0.12381666898727417,-0.04026748239994049,1.0,-0.20690658502280712
0.10000000149011612,0.0,0.9309888482093811,0.019999999552965164,0.0,0.5555555820465088,-0.032016362994909286,0.10377707332372665,0.03169374540448189,-0.12225237488746643,-0.0394449383020401,1.0,-0.17491081170737743
0.10000000149011612,0.0,0.9306265711784363,0.019999999552965164,0.0,0.5555555820465088,-0.03202364593744278,0.10376220941543579,0.03169237822294235,-0.12225387245416641,-0.03943081200122833,1.0,-0.20493465289473534
0.06666667014360428,0.03333333507180214,0.9302642345428467,0.03999999910593033,0.0,0.5555555820465088,-0.031390972435474396,0.10247855633497238,0.028898701071739197,-0.12290064990520477,-0.04203518480062485,1.0,-0.4549108147621155
0.03333333507180214,0.06666667014360428,0.9299019575119019,0.03999999910593033,0.05000000074505806,0.5555555820465088,-0.031815268099308014,0.10621365904808044,0.027611708268523216,-0.12266708165407181,-0.042714592069387436,1.0,-0.6769304350018501
0.06666667014360428,0.06666667014360428,0.9294596314430237,0.0,0.10000000149011612,0.5555555820465088,-0.033257342875003815,0.10952268540859222,0.03133004903793335,-0.12119924277067184,-0.040035177022218704,1.0,-0.9569066148251295
0.10000000149011612,0.06666667014360428,0.9290173649787903,0.019999999552965164,0.15000000596046448,0.5555555820465088,-0.03429573401808739,0.1087130457162857,0.03237456455826759,-0.11967619508504868,-0.03860572725534439,1.0,-1.2389262150973082
0.1666666716337204,0.06666667014360428,0.9284950494766235,0.019999999552965164,0.20000000298023224,0.5555555820465088,-0.034740298986434937,0.10875318199396133,0.03753506764769554,-0.11644546687602997,-0.035544052720069885,1.0,-1.4549108110368252
0.1666666716337204,0.06666667014360428,0.9281327724456787,0.03999999910593033,0.25,0.5555555820465088,-0.03545687720179558,0.11047278344631195,0.037691812962293625,-0.11539012938737869,-0.035169683396816254,1.0,-1.6729150973260403
0.13333334028720856,0.06666667014360428,0.9278504848480225,0.03999999910593033,0.30000001192092896,0.5555555820465088,-0.0370166078209877,0.11409977078437805,0.03696000203490257,-0.1157643049955368,-0.0354958176612854,1.0,-1.9849346224218607
0.13333334028720856,0.06666667014360428,0.9274881482124329,0.05999999865889549,0.3499999940395355,0.5555555820465088,-0.03820714354515076,0.11550529301166534,0.037855248898267746,-0.11504007875919342,-0.036810651421546936,1.0,-2.2969066128134727
0.1666666716337204,0.06666667014360428,0.9270458817481995,0.07999999821186066,0.4000000059604645,0.5555555820465088,-0.03929945081472397,0.1160777360200882,0.040285877883434296,-0.11314697563648224,-0.03727355971932411,1.0,-2.5789261385798454
0.23333333432674408,0.06666667014360428,0.9265235662460327,0.07999999821186066,0.44999998807907104,0.5555555820465088,-0.04057920724153519,0.1159144937992096,0.04498394578695297,-0.11088986694812775,-0.035916950553655624,1.0,-2.734910810366273
0.23333333432674408,0.06666667014360428,0.9261612892150879,0.05999999865889549,0.5,0.5555555820465088,-0.042711589485406876,0.11933009326457977,0.046503596007823944,-0.11086311936378479,-0.03521858528256416,1.0,-3.0169304851442575
0.2666666805744171,0.06666667014360428,0.9257189631462097,0.05999999865889549,0.550000011920929,0.5555555820465088,-0.0442863367497921,0.12067331373691559,0.049577903002500534,-0.10967271029949188,-0.03479677811264992,1.0,-3.2649109289050102
0.2666666805744171,0.06666667014360428,0.9253566861152649,0.07999999821186066,0.6000000238418579,0.5555555820465088,-0.04536539316177368,0.12332850694656372,0.050195761024951935,-0.10900629311800003,-0.03617042303085327,1.0,-3.6109218522906303
0.36666667461395264,0.06666667014360428,0.9247543811798096,0.07999999821186066,0.6499999761581421,0.5555555820465088,-0.04556996375322342,0.12496573477983475,0.058613017201423645,-0.10660255700349808,-0.03449065238237381,1.0,-3.794910755008459
0.36666667461395264,0.06666667014360428,0.9243921041488647,0.10000000149011612,0.699999988079071,0.5555555820465088,-0.04595623537898064,0.12793947756290436,0.05795839801430702,-0.10661056637763977,-0.036364566534757614,1.0,-4.106930423527956
0.36666667461395264,0.10000000149011612,0.9239497780799866,0.11999999731779099,0.75,0.5555555820465088,-0.04591187834739685,0.12876442074775696,0.057531073689460754,-0.1065717488527298,-0.03927119821310043,1.0,-4.292915094643831
0.3333333432674408,0.10000000149011612,0.9236674904823303,0.11999999731779099,0.800000011920929,0.5555555820465088,-0.04679488018155098,0.13337242603302002,0.05520600080490112,-0.1083037406206131,-0.041017718613147736,1.0,-156.0
0.0,0.03333333507180214,0.977840006351471,0.0,0.0,0.49494948983192444,-0.03404970467090607,0.10932130366563797,0.027833884581923485,-0.12467463314533234,-0.04660709947347641,1.0,-0.31401539221405983
0.03333333507180214,0.06666667014360428,0.977679967880249,0.0,0.05000000074505806,0.49494948983192444,-0.03351781517267227,0.10949873924255371,0.03001980669796467,-0.12202583253383636,-0.04547545313835144,1.0,-0.7017974928021431
0.06666667014360428,0.06666667014360428,0.9771754741668701,0.0,0.10000000149011612,0.49494948983192444,-0.03352680429816246,0.10966275632381439,0.032653748989105225,-0.12062450498342514,-0.04463396221399307,1.0,-0.9817975144833326
0.03333333507180214,0.13333334028720856,0.9766709804534912,0.019999999552965164,0.15000000596046448,0.49494948983192444,-0.03531602397561073,0.11020527780056,0.02779712714254856,-0.11920350044965744,-0.04438282549381256,1.0,-1.1378059536218643
0.0,0.13333334028720856,0.9763264656066895,0.0,0.20000000298023224,0.49494948983192444,-0.037582878023386,0.11558680236339569,0.026615377515554428,-0.11950656771659851,-0.0431940071284771,1.0,-1.3460111618041992
0.10000000149011612,0.13333334028720856,0.976086437702179,0.0,0.25,0.49494948983192444,-0.03668792545795441,0.11110956966876984,0.034495759755373,-0.11592232435941696,-0.041200969368219376,1.0,-1.731797544285655
0.13333334028720856,0.13333334028720856,0.9755819439888,0.019999999552965164,0.30000001192092896,0.49494948983192444,-0.03701364994049072,0.11120150983333588,0.03725862503051758,-0.11383197456598282,-0.040068626403808594,1.0,-2.0117974542081356
0.1666666716337204,0.13333334028720856,0.9750774502754211,0.03999999910593033,0.3499999940395355,0.49494948983192444,-0.037963636219501495,0.11167939752340317,0.04021865129470825,-0.11241456866264343,-0.04029752314090729,1.0,-2.2617975138127804
0.20000000298023224,0.13333334028720856,0.9745729565620422,0.03999999910593033,0.4000000059604645,0.49494948983192444,-0.03922133147716522,0.11289463937282562,0.04352831840515137,-0.11121528595685959,-0.0393400564789772,1.0,-2.4778058771044016
0.1666666716337204,0.13333334028720856,0.9742284417152405,0.05999999865889549,0.44999998807907104,0.49494948983192444,-0.04090433567762375,0.11732747405767441,0.041208844631910324,-0.11124970018863678,-0.04056548327207565,1.0,-2.8237932566553354
0.20000000298023224,0.1666666716337204,0.973643958568573,0.05999999865889549,0.5,0.49494948983192444,-0.042718034237623215,0.11677999794483185,0.043822865933179855,-0.10924070328474045,-0.04068077728152275,1.0,-3.0398017689585686
0.20000000298023224,0.1666666716337204,0.9732194542884827,0.07999999821186066,0.550000011920929,0.49494948983192444,-0.044532231986522675,0.11963368952274323,0.04374861717224121,-0.10791785269975662,-0.04136345162987709,1.0,-3.321797601878643
0.20000000298023224,0.20000000298023224,0.9727149605751038,0.07999999821186066,0.6000000238418579,0.49494948983192444,-0.04576776921749115,0.12142634391784668,0.0426691398024559,-0.1072106808423996,-0.04264769330620766,1.0,-3.5698015950620174
0.20000000298023224,0.20000000298023224,0.9722904562950134,0.10000000149011612,0.6499999761581421,0.49494948983192444,-0.04688560962677002,0.12457769364118576,0.041621431708335876,-0.10690931975841522,-0.043915241956710815,1.0,-3.821821264922619
0.23333333432674408,0.20000000298023224,0.9717859029769897,0.07999999821186066,0.699999988079071,0.49494948983192444,-0.048168282955884933,0.1260516196489334,0.04440219700336456,-0.10727393627166748,-0.042875126004219055,1.0,-4.069801714271307
0.23333333432674408,0.20000000298023224,0.9713613986968994,0.10000000149011612,0.75,0.49494948983192444,-0.04913339018821716,0.1290723830461502,0.04358355328440666,-0.10732734203338623,-0.04405767470598221,1.0,-4.319801773875952
0.23333333432674408,0.20000000298023224,0.9709368944168091,0.10000000149011612,0.800000011920929,0.49494948983192444,-0.05023784562945366,0.1315997838973999,0.04372737556695938,-0.10790185630321503,-0.04484661668539047,1.0,-4.537782218307257
0.20000000298023224,0.20000000298023224,0.9705924391746521,0.10000000149011612,0.8500000238418579,0.49494948983192444,-0.051545917987823486,0.13508030772209167,0.04180392995476723,-0.10904557257890701,-0.04657918959856033,1.0,-4.787805821746588
0.1666666716337204,0.20000000298023224,0.9702479243278503,0.10000000149011612,0.8999999761581421,0.49494948983192444,-0.05285269767045975,0.1387178897857666,0.03963516652584076,-0.11015059053897858,-0.04838630557060242,1.0,-5.069801654666662
0.1666666716337204,0.20000000298023224,0.96982342004776,0.10000000149011612,0.949999988079071,0.49494948983192444,-0.05378115549683571,0.14131484925746918,0.03991015627980232,-0.11065586656332016,-0.04958992451429367,1.0,-126.31923961639404
0.03333333507180214,0.03333333507180214,0.9615253210067749,0.0,0.0,0.5151515007019043,-0.03292787820100784,0.10678808391094208,0.029085222631692886,-0.12388162314891815,-0.044676706194877625,1.0,-0.4023733176290989
0.06666667014360428,0.03333333507180214,0.9611443877220154,0.0,0.05000000074505806,0.5151515007019043,-0.032955534756183624,0.10835375636816025,0.03182916343212128,-0.12193795293569565,-0.042757634073495865,1.0,-0.7143690939992666
0.10000000149011612,0.06666667014360428,0.9606834650039673,0.019999999552965164,0.10000000149011612,0.5151515007019043,-0.032363973557949066,0.10672809183597565,0.03363494947552681,-0.11962448060512543,-0.04329449310898781,1.0,-0.9323733430355787
0.10000000149011612,0.10000000149011612,0.9603025317192078,0.019999999552965164,0.15000000596046448,0.5151515007019043,-0.03379048779606819,0.10708659142255783,0.03327089920639992,-0.11842342466115952,-0.042412638664245605,1.0,-1.1803775541484356
0.10000000149011612,0.10000000149011612,0.9600015878677368,0.03999999910593033,0.20000000298023224,0.5151515007019043,-0.03481970727443695,0.1087176501750946,0.03291201591491699,-0.11768260598182678,-0.041956644505262375,1.0,-1.462373312562704
0.10000000149011612,0.13333334028720856,0.9596206545829773,0.03999999910593033,0.25,0.5151515007019043,-0.03567134216427803,0.109501414000988,0.033109042793512344,-0.11583814769983292,-0.04110759124159813,1.0,-1.7443691454827785
0.13333334028720856,0.1666666716337204,0.9591597318649292,0.03999999910593033,0.30000001192092896,0.5151515007019043,-0.03642672672867775,0.10869300365447998,0.036183834075927734,-0.11298107355833054,-0.04005881026387215,1.0,-1.9943928979337215
0.1666666716337204,0.20000000298023224,0.9586987495422363,0.03999999910593033,0.3499999940395355,0.5151515007019043,-0.03764284402132034,0.10820011049509048,0.039263539016246796,-0.11038918048143387,-0.03959428891539574,1.0,-2.2123733423650265
0.1666666716337204,0.23333333432674408,0.9583178162574768,0.03999999910593033,0.4000000059604645,0.5151515007019043,-0.03964005783200264,0.10944202542304993,0.039955202490091324,-0.10909565538167953,-0.03954217955470085,1.0,-2.4603774789720774
0.1666666716337204,0.23333333432674408,0.9580168724060059,0.05999999865889549,0.44999998807907104,0.5151515007019043,-0.04139450192451477,0.11258780211210251,0.04014787822961807,-0.1082390695810318,-0.03996599465608597,1.0,-2.7743690852075815
0.23333333432674408,0.23333333432674408,0.9575559496879578,0.05999999865889549,0.5,0.5151515007019043,-0.042447227984666824,0.11222954094409943,0.04539588466286659,-0.1067304015159607,-0.040238674730062485,1.0,-2.9903775975108147
0.20000000298023224,0.2666666805744171,0.9572550058364868,0.07999999821186066,0.550000011920929,0.5151515007019043,-0.04334636032581329,0.11568686366081238,0.040985189378261566,-0.10675395280122757,-0.043518662452697754,1.0,-3.272373430430889
0.20000000298023224,0.30000001192092896,0.9568740725517273,0.07999999821186066,0.6000000238418579,0.5151515007019043,-0.04426984488964081,0.11734399199485779,0.039723996073007584,-0.10666162520647049,-0.04537924751639366,1.0,-3.4583816453814507
0.1666666716337204,0.30000001192092896,0.9566531181335449,0.07999999821186066,0.6499999761581421,0.5151515007019043,-0.045717816799879074,0.12196923792362213,0.0366164967417717,-0.10728342086076736,-0.04599905014038086,1.0,-3.740353636443615
0.1666666716337204,0.30000001192092896,0.9563522338867188,0.07999999821186066,0.699999988079071,0.5151515007019043,-0.04694521799683571,0.1250269114971161,0.03601738438010216,-0.10760122537612915,-0.04624128341674805,1.0,-4.084392931312323
0.20000000298023224,0.3333333432674408,0.9558912515640259,0.10000000149011612,0.75,0.5151515007019043,-0.04723132401704788,0.12513843178749084,0.03652290627360344,-0.10715058445930481,-0.04833323135972023,1.0,-4.30037759616971
0.20000000298023224,0.3333333432674408,0.9555903077125549,0.11999999731779099,0.800000011920929,0.5151515007019043,-0.048177577555179596,0.1278810203075409,0.0359511524438858,-0.10729372501373291,-0.05023292824625969,1.0,-4.552373435348272
0.1666666716337204,0.4000000059604645,0.9552093744277954,0.10000000149011612,0.8500000238418579,0.5151515007019043,-0.048823241144418716,0.12987464666366577,0.03383590281009674,-0.10809964686632156,-0.05420485883951187,1.0,-4.80436896532774
0.20000000298023224,0.4333333373069763,0.9547484517097473,0.07999999821186066,0.8999999761581421,0.5151515007019043,-0.04949188604950905,0.1302967220544815,0.03540068119764328,-0.10803854465484619,-0.0540572926402092,1.0,-5.0543690249323845
0.20000000298023224,0.5,0.9542875289916992,0.07999999821186066,0.949999988079071,0.5151515007019043,-0.049994226545095444,0.13097554445266724,0.035141319036483765,-0.10853050649166107,-0.05948948115110397,1.0,-159.0
0.03333333507180214,0.0,0.9768944978713989,0.0,0.0,0.49494948983192444,-0.033741723746061325,0.10849522054195404,0.02980232425034046,-0.1246018186211586,-0.045090727508068085,1.0,-0.17757415771484375
0.0,0.03333333507180214,0.9764505624771118,0.0,0.0,0.49494948983192444,-0.034078530967235565,0.10923070460557938,0.027814555913209915,-0.12469121813774109,-0.04655648022890091,1.0,-0.3460111655294895
0.10000000149011612,0.03333333507180214,0.9762105345726013,0.0,0.05000000074505806,0.49494948983192444,-0.03241943567991257,0.10619131475687027,0.034261979162693024,-0.12025609612464905,-0.043251365423202515,1.0,-0.7715657111257315
0.13333334028720856,0.06666667014360428,0.9756066203117371,0.019999999552965164,0.10000000149011612,0.49494948983192444,-0.03196556121110916,0.10465649515390396,0.036353811621665955,-0.11795797199010849,-0.04393734782934189,1.0,-1.0515895746648312
0.20000000298023224,0.06666667014360428,0.975002646446228,0.03999999910593033,0.15000000596046448,0.49494948983192444,-0.03196042776107788,0.1037391722202301,0.04134542867541313,-0.11584260314702988,-0.04197363555431366,1.0,-1.2375741712749004
0.20000000298023224,0.06666667014360428,0.9745587110519409,0.03999999910593033,0.20000000298023224,0.49494948983192444,-0.0335114523768425,0.10602594166994095,0.04173475131392479,-0.11562974750995636,-0.04068154841661453,1.0,-1.5495937708765268
0.20000000298023224,0.10000000149011612,0.9740347266197205,0.05999999865889549,0.25,0.49494948983192444,-0.03450140357017517,0.10552658140659332,0.04125693440437317,-0.11380013078451157,-0.041231460869312286,1.0,-1.8315657619386911
0.23333333432674408,0.13333334028720856,0.9734308123588562,0.05999999865889549,0.30000001192092896,0.49494948983192444,-0.03548196330666542,0.10472391545772552,0.04396289214491844,-0.11170034855604172,-0.04118660092353821,1.0,-2.079593740403652
0.2666666805744171,0.13333334028720856,0.9729068279266357,0.07999999821186066,0.3499999940395355,0.49494948983192444,-0.03660568594932556,0.10539700835943222,0.04701787233352661,-0.11022529751062393,-0.04123438894748688,1.0,-2.2955784164369106
0.23333333432674408,0.13333334028720856,0.9725428819656372,0.10000000149011612,0.4000000059604645,0.49494948983192444,-0.03804504871368408,0.10919930785894394,0.04476812481880188,-0.10981199145317078,-0.04212575778365135,1.0,-2.609569873660803
0.2666666805744171,0.13333334028720856,0.9720189571380615,0.10000000149011612,0.44999998807907104,0.49494948983192444,-0.039342667907476425,0.11079376935958862,0.04807344824075699,-0.10841535031795502,-0.040992334485054016,1.0,-2.827574159950018
0.2666666805744171,0.13333334028720856,0.9715750217437744,0.10000000149011612,0.5,0.49494948983192444,-0.04117482900619507,0.11379718035459518,0.04841476306319237,-0.10789185762405396,-0.04118749499320984,1.0,-3.077598061412573
0.23333333432674408,0.1666666716337204,0.9711310267448425,0.10000000149011612,0.550000011920929,0.49494948983192444,-0.04382016509771347,0.1177520900964737,0.04577691853046417,-0.10681985318660736,-0.04200510308146477,1.0,-3.421565819531679
0.2666666805744171,0.20000000298023224,0.9705271124839783,0.11999999731779099,0.6000000238418579,0.49494948983192444,-0.044261522591114044,0.11827214807271957,0.046334873884916306,-0.10562673956155777,-0.04420675337314606,1.0,-3.6395936496555805
0.30000001192092896,0.20000000298023224,0.9700031280517578,0.11999999731779099,0.6499999761581421,0.49494948983192444,-0.04542246460914612,0.11967146396636963,0.048565853387117386,-0.10561315715312958,-0.04442157596349716,1.0,-3.8875740990042686
0.30000001192092896,0.20000000298023224,0.9695591926574707,0.14000000059604645,0.699999988079071,0.49494948983192444,-0.04650738835334778,0.12255415320396423,0.04748538136482239,-0.10567837208509445,-0.04570833593606949,1.0,-4.13956992700696
0.3333333432674408,0.20000000298023224,0.969035267829895,0.11999999731779099,0.75,0.49494948983192444,-0.04728781059384346,0.12466315925121307,0.05112845078110695,-0.10589257627725601,-0.044301360845565796,1.0,-4.387598060071468
0.3333333432674408,0.20000000298023224,0.9685912728309631,0.14000000059604645,0.800000011920929,0.49494948983192444,-0.04795344918966293,0.1280241310596466,0.050519898533821106,-0.10594698786735535,-0.04545455425977707,1.0,-4.733585439622402
0.4000000059604645,0.23333333432674408,0.9679073095321655,0.14000000059604645,0.8500000238418579,0.49494948983192444,-0.04753367602825165,0.12708742916584015,0.05597532540559769,-0.10536769777536392,-0.046875786036252975,1.0,-4.825578261166811
0.36666667461395264,0.23333333432674408,0.967543363571167,0.11999999731779099,0.8999999761581421,0.49494948983192444,-0.049124881625175476,0.13232502341270447,0.053321462124586105,-0.10649318993091583,-0.045619696378707886,1.0,-167.72707653045654
0.10000000149011612,0.0,0.9532256722450256,0.0,0.0,0.5252525210380554,-0.03258391469717026,0.10489118844270706,0.032958295196294785,-0.12180792540311813,-0.040487974882125854,1.0,-0.15474059991538525
0.06666667014360428,0.0,0.9529138207435608,0.019999999552965164,0.0,0.5252525210380554,-0.032666560262441635,0.10544338077306747,0.030235709622502327,-0.1234152540564537,-0.042495906352996826,1.0,-0.2487083040177822
0.03333333507180214,0.06666667014360428,0.9524420499801636,0.03999999910593033,0.0,0.5252525210380554,-0.03171752020716667,0.10276217758655548,0.027313636615872383,-0.12328839302062988,-0.04535272717475891,1.0,-0.4067363776266575
0.03333333507180214,0.06666667014360428,0.9520502090454102,0.0,0.05000000074505806,0.5252525210380554,-0.03284977376461029,0.1088900938630104,0.029766220599412918,-0.12258362025022507,-0.04382246360182762,1.0,-0.6567125394940376
0.03333333507180214,0.06666667014360428,0.9516584277153015,0.0,0.10000000149011612,0.5252525210380554,-0.03376062586903572,0.11192849278450012,0.030120328068733215,-0.1222861185669899,-0.04327325522899628,1.0,-0.9067125618457794
0.03333333507180214,0.06666667014360428,0.9512666463851929,0.0,0.15000000596046448,0.5252525210380554,-0.03556131571531296,0.11369885504245758,0.029755540192127228,-0.12202213704586029,-0.0420481413602829,1.0,-1.1567363888025284
0.03333333507180214,0.06666667014360428,0.9508748054504395,0.0,0.20000000298023224,0.5252525210380554,-0.036757100373506546,0.11593397706747055,0.029859697446227074,-0.12130776047706604,-0.04098493605852127,1.0,-1.4387083053588867
0.03333333507180214,0.10000000149011612,0.9504030346870422,0.0,0.25,0.5252525210380554,-0.037782154977321625,0.11626917123794556,0.029617615044116974,-0.11956383287906647,-0.04036363959312439,1.0,-1.6247168183326721
0.0,0.10000000149011612,0.9500912427902222,0.0,0.30000001192092896,0.5252525210380554,-0.038962557911872864,0.12073997408151627,0.028526518493890762,-0.12005610018968582,-0.04071769863367081,1.0,-1.8460111320018768
0.03333333507180214,0.1666666716337204,0.9498512148857117,0.0,0.3499999940395355,0.5252525210380554,-0.03933029621839523,0.11775609105825424,0.029937613755464554,-0.11595240980386734,-0.03895707428455353,1.0,-2.1567364037036896
0.03333333507180214,0.1666666716337204,0.9494593739509583,0.0,0.4000000059604645,0.5252525210380554,-0.040715739130973816,0.12003563344478607,0.030650664120912552,-0.11555113643407822,-0.03848699480295181,1.0,-2.438708245754242
0.06666667014360428,0.1666666716337204,0.948987603187561,0.0,0.44999998807907104,0.5252525210380554,-0.04232615977525711,0.12088274210691452,0.033841460943222046,-0.11408020555973053,-0.03809653967618942,1.0,-2.686736373230815
0.06666667014360428,0.1666666716337204,0.9485957622528076,0.019999999552965164,0.5,0.5252525210380554,-0.043945878744125366,0.12333442270755768,0.03371203690767288,-0.11289645731449127,-0.038973648101091385,1.0,-2.9367125909775496
0.06666667014360428,0.1666666716337204,0.948203980922699,0.019999999552965164,0.550000011920929,0.5252525210380554,-0.04560449719429016,0.12598679959774017,0.03430827334523201,-0.11227524280548096,-0.03900814428925514,1.0,-3.250728039070964
0.13333334028720856,0.1666666716337204,0.9476521611213684,0.019999999552965164,0.6000000238418579,0.5252525210380554,-0.046797849237918854,0.12539198994636536,0.03946845605969429,-0.11064624786376953,-0.03845658898353577,1.0,-3.5007039587944746
0.1666666716337204,0.20000000298023224,0.9471004009246826,0.019999999552965164,0.6499999761581421,0.5252525210380554,-0.04739907756447792,0.12562450766563416,0.040668800473213196,-0.1094798594713211,-0.03972595930099487,1.0,-3.716736312955618
0.1666666716337204,0.20000000298023224,0.9467085599899292,0.03999999910593033,0.699999988079071,0.5252525210380554,-0.048443324863910675,0.12832973897457123,0.04020017385482788,-0.10931755602359772,-0.04147624969482422,1.0,-3.9647167567163706
0.13333334028720856,0.20000000298023224,0.9463967680931091,0.05999999865889549,0.75,0.5252525210380554,-0.04970225319266319,0.13174541294574738,0.0378669798374176,-0.10986240953207016,-0.044116683304309845,1.0,-4.246712589636445
0.13333334028720856,0.20000000298023224,0.9460049867630005,0.05999999865889549,0.800000011920929,0.5252525210380554,-0.05048483610153198,0.13412994146347046,0.038219012320041656,-0.11048524081707001,-0.04538962244987488,1.0,-4.526736490428448
0.10000000149011612,0.23333333432674408,0.9456131458282471,0.07999999821186066,0.8500000238418579,0.5252525210380554,-0.05108000338077545,0.13631479442119598,0.03503229469060898,-0.11074601858854294,-0.04984382539987564,1.0,-156.0
0.06666667014360428,0.03333333507180214,0.9913391470909119,0.0,0.0,0.4747474789619446,-0.032999876886606216,0.10485222935676575,0.031913548707962036,-0.12194932252168655,-0.0460137203335762,1.0,-0.3904354888945818
0.06666667014360428,0.03333333507180214,0.9910630583763123,0.019999999552965164,0.05000000074505806,0.4747474789619446,-0.032933443784713745,0.10690908133983612,0.03230585902929306,-0.12149222940206528,-0.04635213315486908,1.0,-0.6084397193044424
0.03333333507180214,0.03333333507180214,0.9908669590950012,0.019999999552965164,0.10000000149011612,0.4747474789619446,-0.034751422703266144,0.11256901919841766,0.030798345804214478,-0.12234698981046677,-0.04621375352144241,1.0,-0.8604355156421661
0.0,0.06666667014360428,0.9905908703804016,0.0,0.15000000596046448,0.4747474789619446,-0.03670991584658623,0.11700765043497086,0.028226427733898163,-0.12206408381462097,-0.0455479696393013,1.0,-1.0640154033899307
0.06666667014360428,0.06666667014360428,0.9904308319091797,0.0,0.20000000298023224,0.4747474789619446,-0.03640973940491676,0.11423057317733765,0.033160895109176636,-0.11983021348714828,-0.0440240204334259,1.0,-1.4224312584847212
0.10000000149011612,0.06666667014360428,0.9900747537612915,0.019999999552965164,0.25,0.4747474789619446,-0.03678443282842636,0.11435479670763016,0.035656943917274475,-0.1176222711801529,-0.04258348047733307,1.0,-1.7044270914047956
0.1666666716337204,0.06666667014360428,0.9896386861801147,0.019999999552965164,0.30000001192092896,0.4747474789619446,-0.036785174161195755,0.11331204324960709,0.04131174832582474,-0.11560044437646866,-0.03997866436839104,1.0,-1.9204354546964169
0.1666666716337204,0.06666667014360428,0.9893625974655151,0.03999999910593033,0.3499999940395355,0.4747474789619446,-0.038130518049001694,0.11563220620155334,0.041679780930280685,-0.11443828046321869,-0.04014774411916733,1.0,-2.2024312876164913
0.20000000298023224,0.06666667014360428,0.989006519317627,0.03999999910593033,0.4000000059604645,0.4747474789619446,-0.039284005761146545,0.1167818158864975,0.04519318416714668,-0.1134251058101654,-0.039378080517053604,1.0,-2.450435424223542
0.1666666716337204,0.10000000149011612,0.9887304306030273,0.05999999865889549,0.44999998807907104,0.4747474789619446,-0.04083311930298805,0.11909262835979462,0.042179107666015625,-0.11237603425979614,-0.041370000690221786,1.0,-2.826446644961834
0.20000000298023224,0.1666666716337204,0.9882143139839172,0.07999999821186066,0.5,0.4747474789619446,-0.04244840890169144,0.11710132658481598,0.04375554621219635,-0.10846202075481415,-0.04230868071317673,1.0,-2.9804355427622795
0.1666666716337204,0.20000000298023224,0.9879382252693176,0.07999999821186066,0.550000011920929,0.4747474789619446,-0.04493572190403938,0.12026279419660568,0.04126892238855362,-0.10725413262844086,-0.04250805824995041,1.0,-3.262431375682354
0.1666666716337204,0.23333333432674408,0.9875821471214294,0.07999999821186066,0.6000000238418579,0.4747474789619446,-0.04580818861722946,0.12215083837509155,0.04000191390514374,-0.1068335697054863,-0.0439702533185482,1.0,-3.5104353688657284
0.1666666716337204,0.23333333432674408,0.9873060584068298,0.10000000149011612,0.6499999761581421,0.4747474789619446,-0.0468878448009491,0.1251121163368225,0.03885336220264435,-0.10682572424411774,-0.045394252985715866,1.0,-3.73043542355299
0.1666666716337204,0.23333333432674408,0.9870299696922302,0.07999999821186066,0.699999988079071,0.4747474789619446,-0.048514172434806824,0.1281004101037979,0.03897926211357117,-0.10739228129386902,-0.04462401568889618,1.0,-4.010435488075018
0.13333334028720856,0.2666666805744171,0.9867538809776306,0.10000000149011612,0.75,0.4747474789619446,-0.04917590320110321,0.13057464361190796,0.03572668880224228,-0.10777974128723145,-0.04847538471221924,1.0,-4.262431316077709
0.1666666716337204,0.2666666805744171,0.9863978028297424,0.07999999821186066,0.800000011920929,0.4747474789619446,-0.050399236381053925,0.13188055157661438,0.03814530000090599,-0.10813666880130768,-0.0473811998963356,1.0,-4.512431375682354
0.20000000298023224,0.2666666805744171,0.9860417246818542,0.07999999821186066,0.8500000238418579,0.4747474789619446,-0.05133325606584549,0.13320407271385193,0.040222227573394775,-0.10826213657855988,-0.04734734073281288,1.0,-4.762431137263775
0.20000000298023224,0.30000001192092896,0.9856856465339661,0.07999999821186066,0.8999999761581421,0.4747474789619446,-0.05204007774591446,0.13471285998821259,0.03961370512843132,-0.10828307271003723,-0.049640923738479614,1.0,-4.982455039396882
0.20000000298023224,0.3333333432674408,0.9853295087814331,0.05999999865889549,0.949999988079071,0.4747474789619446,-0.05289117991924286,0.1363532543182373,0.03958234190940857,-0.10861360281705856,-0.05067604035139084,1.0,-202.30993175506592
0.03333333507180214,0.0,0.9520546793937683,0.0,0.0,0.5252525210380554,-0.03352738171815872,0.10849516093730927,0.029051991179585457,-0.12493635714054108,-0.0430213026702404,1.0,-0.2051830291748047
0.03333333507180214,0.0,0.9515417218208313,0.0,0.0,0.5252525210380554,-0.033537838608026505,0.1084698811173439,0.029045069590210915,-0.12493830919265747,-0.043003253638744354,1.0,-0.26917457580566406
0.06666667014360428,0.03333333507180214,0.9508687853813171,0.0,0.0,0.5252525210380554,-0.03238394483923912,0.10479241609573364,0.030765879899263382,-0.12263599038124084,-0.04291049763560295,1.0,-0.5491984207183123
0.13333334028720856,0.03333333507180214,0.9501957893371582,0.019999999552965164,0.05000000074505806,0.5252525210380554,-0.031624291092157364,0.10335864126682281,0.03475954756140709,-0.11905830353498459,-0.04026299715042114,1.0,-0.735183035954833
0.10000000149011612,0.06666667014360428,0.9496828317642212,0.019999999552965164,0.10000000149011612,0.5252525210380554,-0.032440684735774994,0.10661712288856506,0.03329265117645264,-0.11966415494680405,-0.042151059955358505,1.0,-0.9831634424626827
0.06666667014360428,0.06666667014360428,0.9492499232292175,0.03999999910593033,0.15000000596046448,0.5252525210380554,-0.03435380011796951,0.10963104665279388,0.030740752816200256,-0.12073852121829987,-0.042629316449165344,1.0,-1.2951830420643091
0.06666667014360428,0.06666667014360428,0.9487369656562805,0.05999999865889549,0.20000000298023224,0.5252525210380554,-0.03500780463218689,0.11133585125207901,0.0304105281829834,-0.11985430121421814,-0.04262097179889679,1.0,-1.5171788018196821
0.03333333507180214,0.13333334028720856,0.9481440186500549,0.019999999552965164,0.25,0.5252525210380554,-0.037094585597515106,0.11386828124523163,0.02857704646885395,-0.11826565116643906,-0.040987614542245865,1.0,-1.7051830887794495
0.03333333507180214,0.13333334028720856,0.9476310610771179,0.0,0.30000001192092896,0.5252525210380554,-0.03846961259841919,0.1167362630367279,0.03010265715420246,-0.11784058809280396,-0.03980426490306854,1.0,-1.9231872260570526
0.0,0.13333334028720856,0.9471980929374695,0.0,0.3499999940395355,0.5252525210380554,-0.0398721769452095,0.1209980770945549,0.028136014938354492,-0.11831462383270264,-0.03995668888092041,1.0,-2.0000000298023224
0.0,0.13333334028720856,0.9471980929374695,0.0,0.4000000059604645,0.5252525210380554,-0.04080592095851898,0.12316234409809113,0.028895311057567596,-0.11761974543333054,-0.03946631774306297,1.0,-2.2500237822532654
0.0,0.13333334028720856,0.9471980333328247,0.0,0.44999998807907104,0.5252525210380554,-0.04192280396819115,0.12556807696819305,0.02969069965183735,-0.1169712096452713,-0.03970145434141159,1.0,-2.5319957733154297
0.0,0.1666666716337204,0.9471180438995361,0.0,0.5,0.5252525210380554,-0.04361191764473915,0.12618426978588104,0.029368147253990173,-0.11520079523324966,-0.04009144753217697,1.0,-2.8140154480934143
0.06666667014360428,0.1666666716337204,0.9469580054283142,0.0,0.550000011920929,0.5252525210380554,-0.045583419501781464,0.12604621052742004,0.03495321050286293,-0.1128520593047142,-0.03821232542395592,1.0,-3.2671789210289717
0.06666667014360428,0.20000000298023224,0.9463650584220886,0.019999999552965164,0.6000000238418579,0.5252525210380554,-0.047273099422454834,0.12661728262901306,0.03427226096391678,-0.11083212494850159,-0.03967195376753807,1.0,-3.485182909294963
0.03333333507180214,0.23333333432674408,0.9458521008491516,0.019999999552965164,0.6499999761581421,0.5252525210380554,-0.047635406255722046,0.12871375679969788,0.0313059538602829,-0.11144305765628815,-0.042938776314258575,1.0,-3.70518296957016
0.03333333507180214,0.23333333432674408,0.9453391432762146,0.0,0.699999988079071,0.5252525210380554,-0.04860776662826538,0.13131415843963623,0.0323546826839447,-0.11183293908834457,-0.04380590096116066,1.0,-4.019174575805664
0.10000000149011612,0.23333333432674408,0.9446662068367004,0.0,0.75,0.5252525210380554,-0.0496070459485054,0.13196250796318054,0.036118283867836,-0.1111171618103981,-0.04320666939020157,1.0,-4.267178861424327
0.10000000149011612,0.2666666805744171,0.9440732598304749,0.019999999552965164,0.800000011920929,0.5252525210380554,-0.05041849613189697,0.13303142786026,0.034922000020742416,-0.11070501804351807,-0.04594559594988823,1.0,-4.547178920358419
0.10000000149011612,0.30000001192092896,0.9434803128242493,0.03999999910593033,0.8500000238418579,0.5252525210380554,-0.05095015466213226,0.13454389572143555,0.033876869827508926,-0.11048038303852081,-0.04922281950712204,1.0,0.0
0.06666667014360428,0.0,0.9969498515129089,0.0,0.0,0.46464645862579346,-0.034041084349155426,0.10669948905706406,0.032417602837085724,-0.12253615260124207,-0.04514532908797264,1.0,-0.30437210015952587
0.03333333507180214,0.10000000149011612,0.9962639212608337,0.019999999552965164,0.0,0.46464645862579346,-0.03122677281498909,0.10401804000139236,0.028025250881910324,-0.12127949297428131,-0.050433963537216187,1.0,-0.4924001730978489
0.06666667014360428,0.10000000149011612,0.9956579208374023,0.0,0.05000000074505806,0.46464645862579346,-0.032037705183029175,0.10505437105894089,0.032228123396635056,-0.11947232484817505,-0.04743888974189758,1.0,-0.8363678809255362
0.06666667014360428,0.20000000298023224,0.9948920011520386,0.019999999552965164,0.10000000149011612,0.46464645862579346,-0.03178679198026657,0.10234256833791733,0.029581455513834953,-0.11605826020240784,-0.04800162836909294,1.0,-0.990404425188899
0.03333333507180214,0.23333333432674408,0.9943659901618958,0.019999999552965164,0.15000000596046448,0.46464645862579346,-0.03421527147293091,0.10512872040271759,0.02640509605407715,-0.1152518093585968,-0.046742282807826996,1.0,-1.21038056910038
0.03333333507180214,0.23333333432674408,0.9938400387763977,0.0,0.20000000298023224,0.46464645862579346,-0.036325983703136444,0.10831761360168457,0.027803894132375717,-0.11477313190698624,-0.04485089331865311,1.0,-1.4603805541992188
0.0,0.2666666805744171,0.9933140873908997,0.0,0.25,0.46464645862579346,-0.037795014679431915,0.11097109317779541,0.02576448768377304,-0.11343221366405487,-0.04407398775219917,1.0,-1.5000000596046448
0.0,0.2666666805744171,0.9933140873908997,0.0,0.30000001192092896,0.46464645862579346,-0.03895644098520279,0.11279955506324768,0.02642623707652092,-0.11271564662456512,-0.043237872421741486,1.0,-1.7820195853710175
0.03333333507180214,0.2666666805744171,0.9932340383529663,0.0,0.3499999940395355,0.46464645862579346,-0.039697885513305664,0.11268610507249832,0.029855482280254364,-0.11138642579317093,-0.04228230193257332,1.0,-2.1783848106861115
0.0,0.2666666805744171,0.9927880764007568,0.0,0.4000000059604645,0.46464645862579346,-0.04159162938594818,0.11663095653057098,0.02770775556564331,-0.11195886135101318,-0.04226750135421753,1.0,-2.378006875514984
0.10000000149011612,0.30000001192092896,0.9924680590629578,0.0,0.44999998807907104,0.46464645862579346,-0.04279858618974686,0.11288245022296906,0.036480121314525604,-0.10806313157081604,-0.041687920689582825,1.0,-2.772376326844096
0.13333334028720856,0.30000001192092896,0.9918621182441711,0.019999999552965164,0.5,0.46464645862579346,-0.04414378106594086,0.11451291292905807,0.03910757601261139,-0.10668560117483139,-0.0421881340444088,1.0,-3.020380612462759
0.13333334028720856,0.30000001192092896,0.9913361668586731,0.03999999910593033,0.550000011920929,0.46464645862579346,-0.044802844524383545,0.11768132448196411,0.0379737913608551,-0.10676400363445282,-0.044028833508491516,1.0,-3.270380672067404
0.13333334028720856,0.30000001192092896,0.990810215473175,0.03999999910593033,0.6000000238418579,0.46464645862579346,-0.04573136568069458,0.12095456570386887,0.03743990138173103,-0.1071486622095108,-0.04460638761520386,1.0,-3.5503804329782724
0.13333334028720856,0.30000001192092896,0.990284264087677,0.05999999865889549,0.6499999761581421,0.46464645862579346,-0.046696506440639496,0.12408435344696045,0.03636687994003296,-0.10726036131381989,-0.04586462676525116,1.0,-3.8643958810716867
0.1666666716337204,0.3333333432674408,0.989598274230957,0.05999999865889549,0.699999988079071,0.46464645862579346,-0.04714753478765488,0.12433942407369614,0.03761523216962814,-0.10701648890972137,-0.047064486891031265,1.0,-4.114372098818421
0.1666666716337204,0.4000000059604645,0.9889123439788818,0.05999999865889549,0.75,0.46464645862579346,-0.047165919095277786,0.1252526193857193,0.036211613565683365,-0.10673773288726807,-0.050197333097457886,1.0,-4.332400226965547
0.1666666716337204,0.4333333373069763,0.9883063435554504,0.05999999865889549,0.800000011920929,0.46464645862579346,-0.04782380908727646,0.12708890438079834,0.03554734215140343,-0.10679925978183746,-0.05234823003411293,1.0,-4.5503806713968515
0.1666666716337204,0.4333333373069763,0.9877803921699524,0.05999999865889549,0.8500000238418579,0.46464645862579346,-0.04922372102737427,0.12970323860645294,0.035893380641937256,-0.10748088359832764,-0.05386311560869217,1.0,-4.86237620562315
0.1666666716337204,0.46666666865348816,0.9871744513511658,0.07999999821186066,0.8999999761581421,0.46464645862579346,-0.04954777657985687,0.13147589564323425,0.03561927750706673,-0.10807514190673828,-0.058432724326848984,1.0,-198.19116497039795
0.10000000149011612,0.0,0.9266965389251709,0.0,0.0,0.5555555820465088,-0.0322473868727684,0.10460208356380463,0.032380133867263794,-0.12232477962970734,-0.03889891132712364,1.0,-0.2299139779061079
0.1666666716337204,0.0,0.9261967539787292,0.019999999552965164,0.0,0.5555555820465088,-0.03179757669568062,0.10047884285449982,0.0357169583439827,-0.11892703175544739,-0.03589475899934769,1.0,-0.19589858874678612
0.1666666716337204,0.0,0.9258570075035095,0.03999999910593033,0.0,0.5555555820465088,-0.03170900419354439,0.09946955740451813,0.03500990569591522,-0.11886588484048843,-0.036231666803359985,1.0,-0.29190975055098534
0.2666666805744171,0.0,0.9252772331237793,0.03999999910593033,0.0,0.5555555820465088,-0.031484298408031464,0.09472200274467468,0.04140111058950424,-0.11449195444583893,-0.03185362368822098,1.0,-0.22589858807623386
0.2666666805744171,0.0,0.9249374866485596,0.05999999865889549,0.0,0.5555555820465088,-0.03141398727893829,0.09382039308547974,0.04090511053800583,-0.1140955314040184,-0.03209247440099716,1.0,-0.2558985874056816
0.23333333432674408,0.03333333507180214,0.9245977401733398,0.07999999821186066,0.0,0.5555555820465088,-0.030047938227653503,0.0931282564997673,0.0384698286652565,-0.11448748409748077,-0.035111717879772186,1.0,-0.5379182063043118
0.2666666805744171,0.03333333507180214,0.9241779446601868,0.07999999821186066,0.05000000074505806,0.5555555820465088,-0.030864734202623367,0.09451279044151306,0.04114888608455658,-0.11308663338422775,-0.033766306936740875,1.0,-0.7558985948562622
0.2666666805744171,0.03333333507180214,0.923838198184967,0.07999999821186066,0.10000000149011612,0.5555555820465088,-0.0315127819776535,0.0977436974644661,0.04176921397447586,-0.11315397173166275,-0.03353900462388992,1.0,-1.0039028488099575
0.23333333432674408,0.03333333507180214,0.9235784411430359,0.10000000149011612,0.15000000596046448,0.5555555820465088,-0.03252442926168442,0.10128849744796753,0.039588913321495056,-0.11394495517015457,-0.0342700332403183,1.0,-1.3799139894545078
0.30000001192092896,0.03333333507180214,0.9230786561965942,0.11999999731779099,0.20000000298023224,0.5555555820465088,-0.03457760065793991,0.0996682420372963,0.04388175904750824,-0.1113017201423645,-0.03338706120848656,1.0,-1.6918859109282494
0.4000000059604645,0.03333333507180214,0.9224989414215088,0.14000000059604645,0.25,0.5555555820465088,-0.0369170606136322,0.095833420753479,0.05045478790998459,-0.10792921483516693,-0.03298557549715042,1.0,-1.877918265759945
0.4333333373069763,0.03333333507180214,0.9220791459083557,0.14000000059604645,0.30000001192092896,0.5555555820465088,-0.03784426301717758,0.09828071296215057,0.05440834164619446,-0.1060914695262909,-0.03200964257121086,1.0,-2.0658985562622547
0.4333333373069763,0.03333333507180214,0.921739399433136,0.11999999731779099,0.3499999940395355,0.5555555820465088,-0.0388866625726223,0.10285890847444534,0.05615881085395813,-0.10581283271312714,-0.03127235174179077,1.0,-2.3458986207842827
0.4333333373069763,0.03333333507180214,0.9213996529579163,0.14000000059604645,0.4000000059604645,0.5555555820465088,-0.04004912078380585,0.10618257522583008,0.05731977894902229,-0.10473773628473282,-0.03162684291601181,1.0,-2.6279181465506554
0.4333333373069763,0.06666667014360428,0.9209798574447632,0.14000000059604645,0.44999998807907104,0.5555555820465088,-0.04061533510684967,0.10714112222194672,0.0590033084154129,-0.10363443195819855,-0.03316866606473923,1.0,-2.8798901326954365
0.5,0.06666667014360428,0.9204801321029663,0.11999999731779099,0.5,0.5555555820465088,-0.042583249509334564,0.10967713594436646,0.0677047148346901,-0.10105400532484055,-0.03047819994390011,1.0,-3.0959224924445152
0.5,0.06666667014360428,0.9201403260231018,0.14000000059604645,0.550000011920929,0.5555555820465088,-0.04359607398509979,0.11271760612726212,0.06797279417514801,-0.1004687249660492,-0.0318465456366539,1.0,-3.3439029306173325
0.46666666865348816,0.06666667014360428,0.9198805689811707,0.1599999964237213,0.6000000238418579,0.5555555820465088,-0.043798089027404785,0.11637476086616516,0.06430479884147644,-0.10139496624469757,-0.034419432282447815,1.0,-3.6898900121450424
0.5,0.10000000149011612,0.9193808436393738,0.1599999964237213,0.6499999761581421,0.5555555820465088,-0.044632747769355774,0.11687244474887848,0.06754927337169647,-0.10061077028512955,-0.03610418736934662,1.0,-3.9379181563854218
0.5333333611488342,0.10000000149011612,0.9189610481262207,0.18000000715255737,0.699999988079071,0.5555555820465088,-0.04550483450293541,0.11928772181272507,0.07018841058015823,-0.09993813186883926,-0.036813583225011826,1.0,-210.0
0.03333333507180214,0.0,0.9499662518501282,0.0,0.0,0.5252525210380554,-0.03356993943452835,0.10839217901229858,0.029023779556155205,-0.1249442845582962,-0.04294779896736145,1.0,-0.19698143005371094
0.06666667014360428,0.0,0.9494737982749939,0.0,0.0,0.5252525210380554,-0.032906416803598404,0.10633495450019836,0.030939429998397827,-0.1234726831316948,-0.041950613260269165,1.0,-0.22695758752524853
0.10000000149011612,0.0,0.9489814043045044,0.019999999552965164,0.0,0.5252525210380554,-0.03252445533871651,0.10371611267328262,0.03223979473114014,-0.12177097797393799,-0.040701061487197876,1.0,-0.19496181420981884
0.10000000149011612,0.0,0.9485689997673035,0.019999999552965164,0.0,0.5252525210380554,-0.032532744109630585,0.1036992073059082,0.032238248735666275,-0.12177269160747528,-0.040684960782527924,1.0,-0.2569575868546963
0.13333334028720856,0.0,0.948076605796814,0.03999999910593033,0.0,0.5252525210380554,-0.03217673301696777,0.10111196339130402,0.033552736043930054,-0.1200595498085022,-0.039402905851602554,1.0,-0.2249618135392666
0.10000000149011612,0.03333333507180214,0.947664201259613,0.03999999910593033,0.0,0.5252525210380554,-0.03161129355430603,0.10087205469608307,0.03132248297333717,-0.12095294892787933,-0.04204046353697777,1.0,-0.4749618172645569
0.06666667014360428,0.06666667014360428,0.9472517967224121,0.03999999910593033,0.05000000074505806,0.5252525210380554,-0.031778596341609955,0.10447856783866882,0.03015979938209057,-0.12109388411045074,-0.04335866495966911,1.0,-0.7549856621772051
0.06666667014360428,0.06666667014360428,0.9468393325805664,0.05999999865889549,0.10000000149011612,0.5252525210380554,-0.032542794942855835,0.10631539672613144,0.03005165606737137,-0.12069618701934814,-0.043268609791994095,1.0,-1.0409491639584303
0.1666666716337204,0.06666667014360428,0.9461869597434998,0.019999999552965164,0.15000000596046448,0.5252525210380554,-0.03291042149066925,0.10585255920886993,0.03807292506098747,-0.11664032191038132,-0.03927870839834213,1.0,-1.19496182911098
0.13333334028720856,0.10000000149011612,0.9457745552062988,0.019999999552965164,0.20000000298023224,0.5252525210380554,-0.03481442108750343,0.10735592246055603,0.03596378117799759,-0.11649004369974136,-0.03935661166906357,1.0,-1.4749618135392666
0.10000000149011612,0.13333334028720856,0.9453621506690979,0.03999999910593033,0.25,0.5252525210380554,-0.03558871150016785,0.10918410122394562,0.033001601696014404,-0.11584489792585373,-0.04018534719944,1.0,-1.786981487646699
0.10000000149011612,0.1666666716337204,0.9448696970939636,0.05999999865889549,0.30000001192092896,0.5252525210380554,-0.03639107942581177,0.10960220545530319,0.03298148512840271,-0.11387170851230621,-0.04041050374507904,1.0,-2.0349617823958397
0.06666667014360428,0.20000000298023224,0.9444572925567627,0.07999999821186066,0.3499999940395355,0.5252525210380554,-0.03817635774612427,0.11287519335746765,0.030252989381551743,-0.11245636641979218,-0.04092520475387573,1.0,-2.224961843341589
0.06666667014360428,0.20000000298023224,0.9440448880195618,0.03999999910593033,0.4000000059604645,0.5252525210380554,-0.04051677882671356,0.11631020903587341,0.03192630410194397,-0.11273905634880066,-0.039468973875045776,1.0,-2.4769575279206038
0.06666667014360428,0.23333333432674408,0.9435524940490723,0.019999999552965164,0.44999998807907104,0.5252525210380554,-0.0423329621553421,0.11749093234539032,0.032439760863780975,-0.11160010099411011,-0.03872760385274887,1.0,-2.694961814209819
0.03333333507180214,0.2666666805744171,0.9431400895118713,0.019999999552965164,0.5,0.5252525210380554,-0.04425222426652908,0.12018793076276779,0.02954755537211895,-0.11092887073755264,-0.03945162892341614,1.0,-2.9469814896583557
0.03333333507180214,0.30000001192092896,0.9426476359367371,0.0,0.550000011920929,0.5252525210380554,-0.04523627460002899,0.12180420756340027,0.029190190136432648,-0.11067220568656921,-0.0401172935962677,1.0,-3.1649619340896606
0.03333333507180214,0.30000001192092896,0.9422352313995361,0.0,0.6000000238418579,0.5252525210380554,-0.04620442911982536,0.12440665066242218,0.029428642243146896,-0.11076702922582626,-0.041804298758506775,1.0,-3.4149616956710815
0.03333333507180214,0.30000001192092896,0.9418228268623352,0.0,0.6499999761581421,0.5252525210380554,-0.04719259589910507,0.12686747312545776,0.029765386134386063,-0.11087369173765182,-0.04358876124024391,1.0,-3.6649617552757263
0.03333333507180214,0.30000001192092896,0.9414104223251343,0.0,0.699999988079071,0.5252525210380554,-0.048100169748067856,0.12929843366146088,0.030221493914723396,-0.11098534613847733,-0.045473817735910416,1.0,-261.0
0.06666667014360428,0.0,0.957533597946167,0.0,0.0,0.5151515007019043,-0.0330083891749382,0.10636758804321289,0.031115084886550903,-0.12331509590148926,-0.04248225316405296,1.0,-0.27473667077720165
0.06666667014360428,0.0,0.9569217562675476,0.019999999552965164,0.0,0.5151515007019043,-0.03287592530250549,0.10534147173166275,0.030410241335630417,-0.12326305359601974,-0.04283700883388519,1.0,-0.27473667077720165
0.06666667014360428,0.0,0.9563099145889282,0.019999999552965164,0.0,0.5151515007019043,-0.032888222485780716,0.10531638562679291,0.03040793351829052,-0.1232655942440033,-0.04281315207481384,1.0,-0.2747605126351118
0.03333333507180214,0.03333333507180214,0.9556980133056641,0.019999999552965164,0.0,0.5151515007019043,-0.032800763845443726,0.10544560849666595,0.028335345908999443,-0.12374663352966309,-0.044747065752744675,1.0,-0.5267324484884739
0.03333333507180214,0.06666667014360428,0.9550061821937561,0.0,0.05000000074505806,0.5151515007019043,-0.03311164677143097,0.10871147364377975,0.029961200430989265,-0.12249742448329926,-0.044290341436862946,1.0,-0.7447605207562447
0.03333333507180214,0.06666667014360428,0.9543942809104919,0.0,0.10000000149011612,0.5151515007019043,-0.033946916460990906,0.11190921068191528,0.030258212238550186,-0.12215105444192886,-0.043655652552843094,1.0,-1.0587282478809357
0.10000000149011612,0.06666667014360428,0.9536224603652954,0.0,0.15000000596046448,0.5151515007019043,-0.034331463277339935,0.10977158695459366,0.03470444679260254,-0.11926917731761932,-0.041199155151844025,1.0,-1.3067563008517027
0.13333334028720856,0.06666667014360428,0.9529305696487427,0.019999999552965164,0.20000000298023224,0.5151515007019043,-0.035079121589660645,0.10970492660999298,0.03682421147823334,-0.11738468706607819,-0.03959287703037262,1.0,-1.6187282167375088
0.20000000298023224,0.06666667014360428,0.9521587491035461,0.03999999910593033,0.25,0.5151515007019043,-0.03494343161582947,0.1085236594080925,0.041291505098342896,-0.1145586296916008,-0.037336111068725586,1.0,-1.836756344884634
0.23333333432674408,0.06666667014360428,0.9514668583869934,0.03999999910593033,0.30000001192092896,0.5151515007019043,-0.036233071237802505,0.10984635353088379,0.04442508891224861,-0.1135430559515953,-0.03641156107187271,1.0,-2.0847366396337748
0.23333333432674408,0.06666667014360428,0.950855016708374,0.05999999865889549,0.3499999940395355,0.5151515007019043,-0.03743932396173477,0.11172620207071304,0.04499593377113342,-0.11247284710407257,-0.036817796528339386,1.0,-2.30274092592299
0.20000000298023224,0.06666667014360428,0.9503231644630432,0.05999999865889549,0.4000000059604645,0.5151515007019043,-0.039174340665340424,0.11532820016145706,0.04404502734541893,-0.11266863346099854,-0.03748273104429245,1.0,-2.6147366091609
0.20000000298023224,0.06666667014360428,0.9497113227844238,0.07999999821186066,0.44999998807907104,0.5151515007019043,-0.04054749384522438,0.11771523952484131,0.043996166437864304,-0.1117677390575409,-0.03867393732070923,1.0,-2.8947605155408382
0.20000000298023224,0.06666667014360428,0.9490994215011597,0.10000000149011612,0.5,0.5151515007019043,-0.0418974831700325,0.12042073905467987,0.04394296184182167,-0.11078056693077087,-0.039919354021549225,1.0,-3.112740959972143
0.1666666716337204,0.06666667014360428,0.9485675692558289,0.10000000149011612,0.550000011920929,0.5151515007019043,-0.043874941766262054,0.12510466575622559,0.042233679443597794,-0.11118019372224808,-0.041150759905576706,1.0,-3.42473678663373
0.13333334028720856,0.10000000149011612,0.9479557275772095,0.11999999731779099,0.6000000238418579,0.5151515007019043,-0.046246014535427094,0.12801936268806458,0.039319854229688644,-0.10942509770393372,-0.04247107356786728,1.0,-3.7067323215305805
0.13333334028720856,0.13333334028720856,0.9472638964653015,0.11999999731779099,0.6499999761581421,0.5151515007019043,-0.047498710453510284,0.12883317470550537,0.038499489426612854,-0.10907845199108124,-0.04376671835780144,1.0,-3.926756229251623
0.1666666716337204,0.13333334028720856,0.9465720057487488,0.10000000149011612,0.699999988079071,0.5151515007019043,-0.04865310713648796,0.12991398572921753,0.04143236204981804,-0.1092958003282547,-0.043227992951869965,1.0,-4.176732446998358
0.1666666716337204,0.1666666716337204,0.9458801746368408,0.10000000149011612,0.75,0.5151515007019043,-0.04952843114733696,0.13133718073368073,0.0404655821621418,-0.10909657925367355,-0.04484466463327408,1.0,-4.334760570898652
0.1666666716337204,0.1666666716337204,0.9452682733535767,0.05999999865889549,0.800000011920929,0.5151515007019043,-0.050644651055336,0.13422143459320068,0.041288018226623535,-0.11073366552591324,-0.044210035353899,1.0,0.0
0.06666667014360428,0.0,0.9963370561599731,0.0,0.0,0.46464645862579346,-0.034051671624183655,0.10667416453361511,0.03241364657878876,-0.12253841012716293,-0.045120496302843094,1.0,-0.2289841454476118
0.13333334028720856,0.0,0.9958395957946777,0.019999999552965164,0.0,0.46464645862579346,-0.032399047166109085,0.10212402045726776,0.03640494495630264,-0.11958767473697662,-0.04361860454082489,1.0,-0.13299682550132275
0.10000000149011612,0.0,0.995582103729248,0.019999999552965164,0.0,0.46464645862579346,-0.03324398025870323,0.10394134372472763,0.033976346254348755,-0.12083825469017029,-0.04436818137764931,1.0,-0.22701221331954002
0.13333334028720856,0.0,0.9951645731925964,0.03999999910593033,0.0,0.46464645862579346,-0.03228926658630371,0.10111658275127411,0.03572721406817436,-0.11943528056144714,-0.043971698731184006,1.0,-0.2889841441065073
0.1666666716337204,0.03333333507180214,0.994667112827301,0.05999999865889549,0.0,0.46464645862579346,-0.03049599751830101,0.09683452546596527,0.03777765855193138,-0.1174023374915123,-0.044908225536346436,1.0,-0.47698837518692017
0.1666666716337204,0.06666667014360428,0.9942496418952942,0.03999999910593033,0.05000000074505806,0.46464645862579346,-0.030583404004573822,0.09897851943969727,0.0389908030629158,-0.11687175929546356,-0.046049151569604874,1.0,-0.8210037667304277
0.2666666805744171,0.06666667014360428,0.9936721324920654,0.05999999865889549,0.10000000149011612,0.46464645862579346,-0.02974836155772209,0.09630417823791504,0.045953765511512756,-0.11344558000564575,-0.04346873611211777,1.0,-1.0390080157667398
0.30000001192092896,0.10000000149011612,0.9931746125221252,0.05999999865889549,0.15000000596046448,0.46464645862579346,-0.02959541231393814,0.09525429457426071,0.04878341406583786,-0.11153097450733185,-0.04339182376861572,1.0,-1.2869883850216866
0.3333333432674408,0.10000000149011612,0.9927571415901184,0.07999999821186066,0.20000000298023224,0.46464645862579346,-0.03142375871539116,0.09570281207561493,0.051317647099494934,-0.1104295626282692,-0.04307381063699722,1.0,-1.5049925968050957
0.3333333432674408,0.10000000149011612,0.9924196600914001,0.07999999821186066,0.25,0.46464645862579346,-0.03338096663355827,0.09819017350673676,0.05186023563146591,-0.1105210930109024,-0.04250556230545044,1.0,-1.7229968830943108
0.30000001192092896,0.10000000149011612,0.9921621680259705,0.07999999821186066,0.30000001192092896,0.46464645862579346,-0.03523065149784088,0.10263247042894363,0.05037291347980499,-0.11115284264087677,-0.04257649928331375,1.0,-2.0350164137780666
0.30000001192092896,0.10000000149011612,0.9918246269226074,0.10000000149011612,0.3499999940395355,0.46464645862579346,-0.03670642524957657,0.1053890585899353,0.051126498728990555,-0.11033588647842407,-0.04292753338813782,1.0,-2.378984171897173
0.36666667461395264,0.10000000149011612,0.991327166557312,0.11999999731779099,0.4000000059604645,0.46464645862579346,-0.03804926946759224,0.10475413501262665,0.05690822750329971,-0.10800013691186905,-0.042091257870197296,1.0,-2.5629967674613
0.3333333432674408,0.10000000149011612,0.9910696744918823,0.14000000059604645,0.44999998807907104,0.46464645862579346,-0.03934649005532265,0.10859544575214386,0.05459919944405556,-0.10756582021713257,-0.04319806769490242,1.0,-2.876988373696804
0.36666667461395264,0.10000000149011612,0.9906522035598755,0.14000000059604645,0.5,0.46464645862579346,-0.04097660630941391,0.1097242683172226,0.058057695627212524,-0.10602964460849762,-0.04251185432076454,1.0,-3.1250164955854416
0.3333333432674408,0.13333334028720856,0.9903146624565125,0.1599999964237213,0.550000011920929,0.46464645862579346,-0.042222362011671066,0.11294819414615631,0.054112136363983154,-0.10488897562026978,-0.044671546667814255,1.0,-3.374992713332176
0.30000001192092896,0.1666666716337204,0.9899771809577942,0.1599999964237213,0.6000000238418579,0.46464645862579346,-0.043619170784950256,0.11717577278614044,0.04952668398618698,-0.10468871891498566,-0.04583805799484253,1.0,-3.654992491006851
0.30000001192092896,0.1666666716337204,0.9896396994590759,0.18000000715255737,0.6499999761581421,0.46464645862579346,-0.044816240668296814,0.12045171856880188,0.048487648367881775,-0.10464733093976974,-0.04695102944970131,1.0,-3.904992550611496
0.30000001192092896,0.1666666716337204,0.9893022179603577,0.18000000715255737,0.699999988079071,0.46464645862579346,-0.04633498191833496,0.12389210611581802,0.04811892285943031,-0.10503455996513367,-0.04727008193731308,1.0,-4.1570122092962265
0.30000001192092896,0.20000000298023224,0.988884687423706,0.1599999964237213,0.75,0.46464645862579346,-0.047658730298280716,0.12573282420635223,0.04731561988592148,-0.10540630668401718,-0.04739469289779663,1.0,0.0
0.0,0.0,0.9962758421897888,0.0,0.0,0.46464645862579346,-0.03503044694662094,0.11096583306789398,0.028832370415329933,-0.12538355588912964,-0.047692254185676575,1.0,0.0
0.0,0.0,0.9962758421897888,0.0,0.0,0.46464645862579346,-0.03503044694662094,0.11096583306789398,0.028832370415329933,-0.12538355588912964,-0.047692254185676575,1.0,-0.03199577331542969
0.03333333507180214,0.0,0.9961958527565002,0.0,0.0,0.46464645862579346,-0.034353747963905334,0.10833562165498734,0.0305276270955801,-0.12419530749320984,-0.04674060642719269,1.0,-0.28095245361328125
0.10000000149011612,0.0,0.995493471622467,0.0,0.0,0.46464645862579346,-0.033353593200445175,0.10488523542881012,0.03461728245019913,-0.12100322544574738,-0.04402768984436989,1.0,-0.2789566796272993
0.13333334028720856,0.0,0.9948710799217224,0.019999999552965164,0.0,0.46464645862579346,-0.032414913177490234,0.1020837351679802,0.03639919310808182,-0.1195911318063736,-0.043580375611782074,1.0,-0.24496513232588768
0.10000000149011612,0.0,0.9944086670875549,0.03999999910593033,0.0,0.46464645862579346,-0.03310086578130722,0.10287752747535706,0.033357419073581696,-0.12079642713069916,-0.04481392726302147,1.0,-0.2769370637834072
0.10000000149011612,0.0,0.9938663244247437,0.03999999910593033,0.0,0.46464645862579346,-0.03310973197221756,0.10285495966672897,0.03335423767566681,-0.12079843878746033,-0.04479258507490158,1.0,-0.3389566782861948
0.13333334028720856,0.0,0.993243932723999,0.05999999865889549,0.0,0.46464645862579346,-0.03219989687204361,0.10005735605955124,0.035042088478803635,-0.11928734183311462,-0.044275619089603424,1.0,-0.24496513232588768
0.10000000149011612,0.0,0.9927815198898315,0.03999999910593033,0.0,0.46464645862579346,-0.033127449452877045,0.10280977189540863,0.03334788978099823,-0.12080246955156326,-0.04474993050098419,1.0,-0.3089328370988369
0.10000000149011612,0.03333333507180214,0.9921591877937317,0.03999999910593033,0.0,0.46464645862579346,-0.03213295713067055,0.10094168782234192,0.033298101276159286,-0.12009584158658981,-0.04620817303657532,1.0,-0.5569609086960554
0.10000000149011612,0.03333333507180214,0.9916167855262756,0.05999999865889549,0.05000000074505806,0.46464645862579346,-0.03215958923101425,0.10289466381072998,0.03358836844563484,-0.11966700851917267,-0.046635277569293976,1.0,-0.8089566864073277
0.10000000149011612,0.06666667014360428,0.990994393825531,0.03999999910593033,0.10000000149011612,0.46464645862579346,-0.03238309919834137,0.1048746109008789,0.03427256643772125,-0.11906494200229645,-0.04743494838476181,1.0,-1.0589567087590694
0.13333334028720856,0.06666667014360428,0.9903720021247864,0.03999999910593033,0.15000000596046448,0.46464645862579346,-0.032976143062114716,0.10618888586759567,0.03774726018309593,-0.11769995838403702,-0.04597224295139313,1.0,-1.3089566938579082
0.1666666716337204,0.06666667014360428,0.9897496104240417,0.03999999910593033,0.20000000298023224,0.46464645862579346,-0.03377319127321243,0.10711213946342468,0.040782734751701355,-0.11670935153961182,-0.04411912336945534,1.0,-1.558932837098837
0.20000000298023224,0.06666667014360428,0.9891272783279419,0.03999999910593033,0.25,0.46464645862579346,-0.03466283529996872,0.10783372074365616,0.04362543299794197,-0.11548573523759842,-0.041992660611867905,1.0,-1.80696096457541
0.1666666716337204,0.10000000149011612,0.9885848760604858,0.05999999865889549,0.30000001192092896,0.46464645862579346,-0.036036357283592224,0.10977292060852051,0.04011557623744011,-0.11398546397686005,-0.043530967086553574,1.0,-2.120952421799302
0.1666666716337204,0.1666666716337204,0.9878824949264526,0.05999999865889549,0.3499999940395355,0.46464645862579346,-0.03752906620502472,0.1093057319521904,0.04000672325491905,-0.110953189432621,-0.04373263567686081,1.0,-2.368956707417965
0.1666666716337204,0.20000000298023224,0.987260103225708,0.07999999821186066,0.4000000059604645,0.46464645862579346,-0.039035286754369736,0.11048988997936249,0.04005633294582367,-0.10844700783491135,-0.04396333545446396,1.0,-2.5549412295222282
0.13333334028720856,0.20000000298023224,0.9867977499961853,0.07999999821186066,0.44999998807907104,0.46464645862579346,-0.041328370571136475,0.1158764511346817,0.03820135444402695,-0.10857198387384415,-0.04369693994522095,1.0,-2.962948229163885
0.1666666716337204,0.2666666805744171,0.9860153794288635,0.10000000149011612,0.5,0.46464645862579346,-0.04223402589559555,0.11409150063991547,0.03974616527557373,-0.10571835190057755,-0.04559412598609924,1.0,-299.8550958633423
0.0,0.0,0.9413776397705078,0.0,0.0,0.5353535413742065,-0.034104518592357635,0.11025194823741913,0.027017226442694664,-0.12643292546272278,-0.04285349324345589,1.0,-0.06401538848876953
0.03333333507180214,0.03333333507180214,0.9412176012992859,0.0,0.0,0.5353535413742065,-0.03284190222620964,0.10647644102573395,0.028708212077617645,-0.1242237463593483,-0.04335968196392059,1.0,-0.4187765158712864
0.06666667014360428,0.03333333507180214,0.9407956600189209,0.0,0.05000000074505806,0.5353535413742065,-0.032868608832359314,0.10825379192829132,0.03144232928752899,-0.12220120429992676,-0.041326068341732025,1.0,-0.6667807456105947
0.06666667014360428,0.03333333507180214,0.9404537081718445,0.019999999552965164,0.10000000149011612,0.5353535413742065,-0.03332023322582245,0.1103767454624176,0.03143880516290665,-0.12174373120069504,-0.04106885939836502,1.0,-0.9167569261044264
0.06666667014360428,0.03333333507180214,0.9401118159294128,0.019999999552965164,0.15000000596046448,0.5353535413742065,-0.03478178009390831,0.11261960864067078,0.031557679176330566,-0.12167231738567352,-0.04046545922756195,1.0,-1.1667807530611753
0.03333333507180214,0.06666667014360428,0.9397698640823364,0.019999999552965164,0.20000000298023224,0.5353535413742065,-0.035973407328128815,0.11486238241195679,0.02929822728037834,-0.12124375998973846,-0.04135413095355034,1.0,-1.4827680587768555
0.10000000149011612,0.10000000149011612,0.9391879439353943,0.0,0.25,0.5353535413742065,-0.03686242923140526,0.11247926950454712,0.034468598663806915,-0.11705378443002701,-0.037595778703689575,1.0,-1.6987765710800886
0.13333334028720856,0.10000000149011612,0.9387660026550293,0.019999999552965164,0.30000001192092896,0.5353535413742065,-0.037133149802684784,0.11266634613275528,0.03745770454406738,-0.11476544290781021,-0.03623855113983154,1.0,-1.9787764810025692
0.10000000149011612,0.1666666716337204,0.9383440613746643,0.03999999910593033,0.3499999940395355,0.5353535413742065,-0.038207460194826126,0.11288329213857651,0.034284114837646484,-0.1135375127196312,-0.03864118829369545,1.0,-2.228776540607214
0.10000000149011612,0.20000000298023224,0.9379221200942993,0.03999999910593033,0.4000000059604645,0.5353535413742065,-0.0402275025844574,0.11426850408315659,0.0345301479101181,-0.11205308884382248,-0.03872961923480034,1.0,-2.444784903898835
0.06666667014360428,0.20000000298023224,0.9376601576805115,0.05999999865889549,0.44999998807907104,0.5353535413742065,-0.04218195751309395,0.11880998313426971,0.03165401518344879,-0.11168467998504639,-0.03999277576804161,1.0,-2.6967568956315517
0.06666667014360428,0.20000000298023224,0.9373182654380798,0.03999999910593033,0.5,0.5353535413742065,-0.043931011110544205,0.12144514918327332,0.03257317095994949,-0.11152742803096771,-0.03934747725725174,1.0,-2.9807723443955183
0.13333334028720856,0.20000000298023224,0.9368163347244263,0.019999999552965164,0.550000011920929,0.5353535413742065,-0.04540787637233734,0.12080780416727066,0.03861311450600624,-0.10989145934581757,-0.038006700575351715,1.0,-3.134785084053874
0.10000000149011612,0.20000000298023224,0.9365543723106384,0.019999999552965164,0.6000000238418579,0.5353535413742065,-0.04682948440313339,0.12525352835655212,0.03623265027999878,-0.11035904288291931,-0.03888802230358124,1.0,-3.4467806182801723
0.10000000149011612,0.20000000298023224,0.936212420463562,0.03999999910593033,0.6499999761581421,0.5353535413742065,-0.047510355710983276,0.1275956928730011,0.0357893630862236,-0.11029283702373505,-0.041420530527830124,1.0,-3.7587764505296946
0.13333334028720856,0.20000000298023224,0.935790479183197,0.05999999865889549,0.699999988079071,0.5353535413742065,-0.04836277291178703,0.1289510726928711,0.03748578578233719,-0.10969117283821106,-0.04288433492183685,1.0,-3.9787765108048916
0.13333334028720856,0.23333333432674408,0.935368537902832,0.03999999910593033,0.75,0.5353535413742065,-0.049344856292009354,0.13032017648220062,0.036933206021785736,-0.10996194183826447,-0.04396117106080055,1.0,-4.164761181920767
0.10000000149011612,0.23333333432674408,0.935106635093689,0.03999999910593033,0.800000011920929,0.5353535413742065,-0.050006203353405,0.1335391402244568,0.035514622926712036,-0.11107108741998672,-0.046500977128744125,1.0,-4.508776629343629
0.10000000149011612,0.2666666805744171,0.934684693813324,0.05999999865889549,0.8500000238418579,0.5353535413742065,-0.05069444328546524,0.13493147492408752,0.034204721450805664,-0.1108095794916153,-0.049828268587589264,1.0,-4.7907721642404795
0.1666666716337204,0.2666666805744171,0.9341827630996704,0.05999999865889549,0.8999999761581421,0.5353535413742065,-0.05159702152013779,0.135157972574234,0.0378868505358696,-0.11061403155326843,-0.048350125551223755,1.0,0.0
0.03333333507180214,0.03333333507180214,0.9953466653823853,0.0,0.0,0.46464645862579346,-0.033844318240880966,0.1066870242357254,0.030110014602541924,-0.12320880591869354,-0.04769303649663925,1.0,-0.5521240271627903
0.10000000149011612,0.03333333507180214,0.9945913553237915,0.0,0.05000000074505806,0.46464645862579346,-0.0327172577381134,0.10589510947465897,0.035406358540058136,-0.1200612336397171,-0.045508671551942825,1.0,-0.7681086417287588
0.06666667014360428,0.06666667014360428,0.9939960837364197,0.019999999552965164,0.10000000149011612,0.46464645862579346,-0.03342702239751816,0.10828753560781479,0.03249941021203995,-0.12018245458602905,-0.04721371829509735,1.0,-1.080104436725378
0.10000000149011612,0.06666667014360428,0.9933208227157593,0.03999999910593033,0.15000000596046448,0.46464645862579346,-0.03354649618268013,0.10821948945522308,0.034752897918224335,-0.11874158680438995,-0.04675466567277908,1.0,-1.3321001958101988
0.1666666716337204,0.06666667014360428,0.9925655722618103,0.019999999552965164,0.20000000298023224,0.46464645862579346,-0.03387415036559105,0.10779163241386414,0.041185975074768066,-0.11702313274145126,-0.04366408661007881,1.0,-1.548108633607626
0.1666666716337204,0.06666667014360428,0.9919703006744385,0.03999999910593033,0.25,0.46464645862579346,-0.0351095013320446,0.10973804444074631,0.0408736914396286,-0.11622416973114014,-0.04292462766170502,1.0,-1.8301283083856106
0.20000000298023224,0.06666667014360428,0.9912949800491333,0.03999999910593033,0.30000001192092896,0.46464645862579346,-0.036094680428504944,0.11083075404167175,0.04394540935754776,-0.11490459740161896,-0.04148591309785843,1.0,-2.110104376450181
0.20000000298023224,0.10000000149011612,0.9906197190284729,0.05999999865889549,0.3499999940395355,0.46464645862579346,-0.037196703255176544,0.1109955757856369,0.043577827513217926,-0.11297392100095749,-0.04280012845993042,1.0,-2.3901044353842735
0.23333333432674408,0.10000000149011612,0.9899444580078125,0.07999999821186066,0.4000000059604645,0.46464645862579346,-0.038250088691711426,0.11166289448738098,0.04667598754167557,-0.11155209690332413,-0.04283102601766586,1.0,-2.672123961150646
0.30000001192092896,0.10000000149011612,0.9891891479492188,0.07999999821186066,0.44999998807907104,0.46464645862579346,-0.03957260772585869,0.11125484108924866,0.05317100137472153,-0.10967604070901871,-0.041259072721004486,1.0,-2.922100178897381
0.36666667461395264,0.10000000149011612,0.9884338974952698,0.07999999821186066,0.5,0.46464645862579346,-0.04110831022262573,0.1106475368142128,0.059412695467472076,-0.1075395941734314,-0.04034996032714844,1.0,-3.1381086967885494
0.36666667461395264,0.10000000149011612,0.987838625907898,0.10000000149011612,0.550000011920929,0.46464645862579346,-0.04297822713851929,0.11350425332784653,0.05924535170197487,-0.10667119175195694,-0.04128606244921684,1.0,-3.4521003030240536
0.4000000059604645,0.13333334028720856,0.987083375453949,0.10000000149011612,0.6000000238418579,0.46464645862579346,-0.043869853019714355,0.1145438402891159,0.06204269826412201,-0.10532519221305847,-0.041548267006874084,1.0,-3.6381323598325253
0.4000000059604645,0.13333334028720856,0.9864880442619324,0.10000000149011612,0.6499999761581421,0.46464645862579346,-0.04480956494808197,0.11866120994091034,0.061763785779476166,-0.10579778999090195,-0.0418260395526886,1.0,-3.918108571320772
0.4000000059604645,0.13333334028720856,0.9858927726745605,0.11999999731779099,0.699999988079071,0.46464645862579346,-0.045552678406238556,0.12232964485883713,0.061029382050037384,-0.10570763796567917,-0.04271361231803894,1.0,-4.168108630925417
0.4000000059604645,0.13333334028720856,0.9852975010871887,0.11999999731779099,0.75,0.46464645862579346,-0.0464392714202404,0.12621665000915527,0.06068914383649826,-0.10602513700723648,-0.04275393858551979,1.0,-4.512100242078304
0.4333333373069763,0.1666666716337204,0.9845422506332397,0.14000000059604645,0.800000011920929,0.46464645862579346,-0.04648289084434509,0.12682192027568817,0.062329500913619995,-0.1048089936375618,-0.043983135372400284,1.0,-4.696112975478172
0.4000000059604645,0.1666666716337204,0.9840269684791565,0.1599999964237213,0.8500000238418579,0.46464645862579346,-0.04775472730398178,0.13117966055870056,0.05819573253393173,-0.10511327534914017,-0.04503413289785385,1.0,-5.074119672179222
0.46666666865348816,0.20000000298023224,0.9831916689872742,0.1599999964237213,0.8999999761581421,0.46464645862579346,-0.04803753271698952,0.13070125877857208,0.06389404833316803,-0.10396362096071243,-0.04609639197587967,1.0,-5.290104359388351
0.5,0.20000000298023224,0.9825164079666138,0.18000000715255737,0.949999988079071,0.46464645862579346,-0.04835931956768036,0.1336507648229599,0.06657617539167404,-0.1028880923986435,-0.04732419177889824,1.0,-151.60292434692383
0.06666667014360428,0.0,0.9485090970993042,0.0,0.0,0.5252525210380554,-0.032924260944128036,0.10629352182149887,0.03093496337532997,-0.12347737699747086,-0.041914910078048706,1.0,-0.28842189721763134
0.06666667014360428,0.03333333507180214,0.9478630423545837,0.019999999552965164,0.0,0.5252525210380554,-0.03209875524044037,0.10347287356853485,0.03003116138279438,-0.12260684370994568,-0.04321232810616493,1.0,-0.5704415161162615
0.10000000149011612,0.06666667014360428,0.9471369385719299,0.019999999552965164,0.05000000074505806,0.5252525210380554,-0.03129466995596886,0.10358299314975739,0.03273151069879532,-0.11974755674600601,-0.04214034974575043,1.0,-0.8524134512990713
0.13333334028720856,0.13333334028720856,0.9463309049606323,0.019999999552965164,0.10000000149011612,0.5252525210380554,-0.031191743910312653,0.1004696637392044,0.03466351330280304,-0.11666014045476913,-0.04205881059169769,1.0,-1.0364261530339718
0.13333334028720856,0.13333334028720856,0.9457648396492004,0.03999999910593033,0.15000000596046448,0.5252525210380554,-0.03267243504524231,0.10235422104597092,0.03435756638646126,-0.11626453697681427,-0.041388288140296936,1.0,-1.2864499799907207
0.13333334028720856,0.13333334028720856,0.9451987147331238,0.03999999910593033,0.20000000298023224,0.5252525210380554,-0.03400656208395958,0.1048421785235405,0.03464113548398018,-0.11544716358184814,-0.04024719074368477,1.0,-1.6304176691919565
0.20000000298023224,0.13333334028720856,0.9444726705551147,0.05999999865889549,0.25,0.5252525210380554,-0.034326449036598206,0.10338279604911804,0.040039315819740295,-0.11233265697956085,-0.03899407386779785,1.0,-1.8804415706545115
0.20000000298023224,0.20000000298023224,0.9437465667724609,0.05999999865889549,0.30000001192092896,0.5252525210380554,-0.03540375083684921,0.10269087553024292,0.040300000458955765,-0.1099967509508133,-0.03969462588429451,1.0,-2.130417639389634
0.20000000298023224,0.2666666805744171,0.9430205225944519,0.05999999865889549,0.3499999940395355,0.5252525210380554,-0.037054382264614105,0.10235565155744553,0.040696948766708374,-0.10756170749664307,-0.04024853557348251,1.0,-2.3164261523634195
0.20000000298023224,0.2666666805744171,0.94245445728302,0.05999999865889549,0.4000000059604645,0.5252525210380554,-0.03887677192687988,0.10538387298583984,0.04190501198172569,-0.10726898908615112,-0.040136173367500305,1.0,-2.62844567745924
0.20000000298023224,0.30000001192092896,0.9418083429336548,0.07999999821186066,0.44999998807907104,0.5252525210380554,-0.03989498317241669,0.1073182076215744,0.0408787727355957,-0.10646011680364609,-0.0426640547811985,1.0,-2.9084219001233578
0.23333333432674408,0.30000001192092896,0.9411622881889343,0.10000000149011612,0.5,0.5252525210380554,-0.04035721346735954,0.10866793990135193,0.04222632199525833,-0.10585512220859528,-0.04467032477259636,1.0,-3.1904415749013424
0.20000000298023224,0.4000000059604645,0.9404361844062805,0.10000000149011612,0.550000011920929,0.5252525210380554,-0.040894217789173126,0.10955723375082016,0.03669305145740509,-0.10610438138246536,-0.049462951719760895,1.0,-3.4084220193326473
0.20000000298023224,0.4333333373069763,0.9397901296615601,0.10000000149011612,0.6000000238418579,0.5252525210380554,-0.04180998355150223,0.11118142306804657,0.0354173481464386,-0.1061769425868988,-0.05099305510520935,1.0,-3.690441396087408
0.20000000298023224,0.5,0.9390640258789062,0.10000000149011612,0.6499999761581421,0.5252525210380554,-0.042271800339221954,0.11156724393367767,0.034133803099393845,-0.10598506033420563,-0.054712653160095215,1.0,-3.9404176138341427
0.23333333432674408,0.5333333611488342,0.9383379817008972,0.10000000149011612,0.699999988079071,0.5252525210380554,-0.042808033525943756,0.11209838092327118,0.03614216670393944,-0.10482468456029892,-0.056663598865270615,1.0,-4.190441515296698
0.2666666805744171,0.5666666626930237,0.9376118779182434,0.10000000149011612,0.75,0.5252525210380554,-0.042683154344558716,0.11307606101036072,0.03827831894159317,-0.10363902896642685,-0.058196086436510086,1.0,-4.406426180154085
0.23333333432674408,0.6000000238418579,0.9370458126068115,0.11999999731779099,0.800000011920929,0.5252525210380554,-0.043203309178352356,0.11725164949893951,0.03553532436490059,-0.10428566485643387,-0.06326713413000107,1.0,-4.594430472701788
0.20000000298023224,0.6000000238418579,0.9365597367286682,0.10000000149011612,0.8500000238418579,0.5252525210380554,-0.045076243579387665,0.1221645325422287,0.03344631940126419,-0.10605376958847046,-0.06418240070343018,1.0,-4.908421780914068
0.20000000298023224,0.6333333253860474,0.9359136819839478,0.10000000149011612,0.8999999761581421,0.5252525210380554,-0.044920917600393295,0.12490604817867279,0.03394500911235809,-0.10620397329330444,-0.0670306533575058,1.0,0.0
0.03333333507180214,0.0,0.9950089454650879,0.0,0.0,0.46464645862579346,-0.034365441650152206,0.10826507210731506,0.030512386932969093,-0.12421347200870514,-0.046713121235370636,1.0,-0.26514530181884766
0.03333333507180214,0.06666667014360428,0.9943460822105408,0.0,0.0,0.46464645862579346,-0.032825395464897156,0.10594239830970764,0.02947409264743328,-0.12224385142326355,-0.04863548278808594,1.0,-0.4511537589132786
0.0,0.10000000149011612,0.9938431978225708,0.0,0.05000000074505806,0.46464645862579346,-0.033829763531684875,0.11071331799030304,0.027112804353237152,-0.12153690308332443,-0.04837556183338165,1.0,-0.5960111692547798
0.10000000149011612,0.10000000149011612,0.9936031699180603,0.0,0.10000000149011612,0.46464645862579346,-0.03212472051382065,0.10489410161972046,0.034916553646326065,-0.11861516535282135,-0.04718928784132004,1.0,-1.013149557635188
0.13333334028720856,0.10000000149011612,0.9930202960968018,0.019999999552965164,0.15000000596046448,0.46464645862579346,-0.032608360052108765,0.10504374653100967,0.037455931305885315,-0.11715994030237198,-0.04630712419748306,1.0,-1.2611299268901348
0.13333334028720856,0.10000000149011612,0.9925174713134766,0.03999999910593033,0.20000000298023224,0.46464645862579346,-0.0341525673866272,0.10695324838161469,0.03699987754225731,-0.11650141328573227,-0.04542263597249985,1.0,-1.5751453004777431
0.1666666716337204,0.13333334028720856,0.9918546080589294,0.03999999910593033,0.25,0.46464645862579346,-0.03445056080818176,0.10567496716976166,0.039158739149570465,-0.11400734633207321,-0.04395545274019241,1.0,-1.823149586096406
0.1666666716337204,0.1666666716337204,0.9912717342376709,0.05999999865889549,0.30000001192092896,0.46464645862579346,-0.03581204637885094,0.10646381974220276,0.039212506264448166,-0.1119052916765213,-0.04451102018356323,1.0,-2.1051452700048685
0.20000000298023224,0.20000000298023224,0.9906088709831238,0.05999999865889549,0.3499999940395355,0.46464645862579346,-0.036926861852407455,0.10587717592716217,0.04218233749270439,-0.10967129468917847,-0.04420426860451698,1.0,-2.2911299411207438
0.20000000298023224,0.20000000298023224,0.9901060461997986,0.05999999865889549,0.4000000059604645,0.46464645862579346,-0.03872513771057129,0.10884636640548706,0.04299405589699745,-0.10883499681949615,-0.04347488284111023,1.0,-2.5711536929011345
0.20000000298023224,0.20000000298023224,0.9896031618118286,0.07999999821186066,0.44999998807907104,0.46464645862579346,-0.04053156077861786,0.11190150678157806,0.043272025883197784,-0.10754375904798508,-0.043398577719926834,1.0,-2.853149525821209
0.23333333432674408,0.20000000298023224,0.9890202879905701,0.07999999821186066,0.5,0.46464645862579346,-0.042038094252347946,0.11352631449699402,0.046354323625564575,-0.10685472935438156,-0.04318537563085556,1.0,-3.039134196937084
0.20000000298023224,0.20000000298023224,0.9885974526405334,0.07999999821186066,0.550000011920929,0.46464645862579346,-0.04437965154647827,0.11841683089733124,0.04406706243753433,-0.10675771534442902,-0.04302221164107323,1.0,-3.4151454232633114
0.2666666805744171,0.20000000298023224,0.9879345893859863,0.10000000149011612,0.6000000238418579,0.46464645862579346,-0.04462234675884247,0.11843983083963394,0.047930143773555756,-0.1058010533452034,-0.04419379681348801,1.0,-3.6331494115293026
0.30000001192092896,0.20000000298023224,0.9873517155647278,0.10000000149011612,0.6499999761581421,0.46464645862579346,-0.04565095901489258,0.11966797709465027,0.050243448466062546,-0.10592799633741379,-0.044321559369564056,1.0,-3.915145244449377
0.36666667461395264,0.20000000298023224,0.9866888523101807,0.10000000149011612,0.699999988079071,0.46464645862579346,-0.04589339345693588,0.11921443045139313,0.05577804893255234,-0.10603515058755875,-0.044766418635845184,1.0,-4.1011537574231625
0.36666667461395264,0.20000000298023224,0.9861859679222107,0.10000000149011612,0.75,0.46464645862579346,-0.046880632638931274,0.12302422523498535,0.055418044328689575,-0.1060343086719513,-0.04439621418714523,1.0,-4.381129968911409
0.36666667461395264,0.20000000298023224,0.9856831431388855,0.11999999731779099,0.800000011920929,0.46464645862579346,-0.047748398035764694,0.12669360637664795,0.054666668176651,-0.10559754073619843,-0.04480957239866257,1.0,-4.633149649947882
0.36666667461395264,0.23333333432674408,0.985100269317627,0.10000000149011612,0.8500000238418579,0.46464645862579346,-0.0488121435046196,0.12879301607608795,0.053793780505657196,-0.10585766285657883,-0.04486341029405594,1.0,-4.881153631955385
0.36666667461395264,0.23333333432674408,0.984597384929657,0.11999999731779099,0.8999999761581421,0.46464645862579346,-0.04949617758393288,0.13215288519859314,0.05326081067323685,-0.1060171127319336,-0.04607228562235832,1.0,-155.18241214752197
0.10000000149011612,0.0,0.979141354560852,0.0,0.0,0.4848484992980957,-0.03331772983074188,0.10489460080862045,0.03380979597568512,-0.12117505818605423,-0.042327769100666046,1.0,-0.24240711145102978
0.13333334028720856,0.0,0.9786103367805481,0.019999999552965164,0.0,0.4848484992980957,-0.03246871009469032,0.10216022282838821,0.035400040447711945,-0.11949069797992706,-0.04162846505641937,1.0,-0.2724309526383877
0.1666666716337204,0.0,0.9780792593955994,0.03999999910593033,0.0,0.4848484992980957,-0.03166224807500839,0.09970778226852417,0.037412162870168686,-0.11804704368114471,-0.04098319262266159,1.0,-0.2724309526383877
0.20000000298023224,0.0,0.9775481820106506,0.03999999910593033,0.0,0.4848484992980957,-0.03097515180706978,0.09820887446403503,0.0399305522441864,-0.11716533452272415,-0.040002934634685516,1.0,-0.2704113367944956
0.20000000298023224,0.0,0.9770971536636353,0.05999999865889549,0.0,0.4848484992980957,-0.03089088201522827,0.09737834334373474,0.039468567818403244,-0.11673899739980698,-0.040232181549072266,1.0,-0.3024309519678354
0.23333333432674408,0.0,0.9765660762786865,0.05999999865889549,0.0,0.4848484992980957,-0.03043752908706665,0.09577695280313492,0.04183661565184593,-0.11589833348989487,-0.03931090980768204,1.0,-0.3324309512972832
0.2666666805744171,0.0,0.9760349988937378,0.07999999821186066,0.0,0.4848484992980957,-0.030168816447257996,0.09313717484474182,0.04356934130191803,-0.11437094211578369,-0.03847797214984894,1.0,-0.332407109439373
0.2666666805744171,0.03333333507180214,0.9755039811134338,0.07999999821186066,0.0,0.4848484992980957,-0.029062345623970032,0.09123505651950836,0.043532922863960266,-0.11358338594436646,-0.040183354169130325,1.0,-0.6124309599399567
0.23333333432674408,0.10000000149011612,0.9749729037284851,0.10000000149011612,0.05000000074505806,0.4848484992980957,-0.02832481637597084,0.09198088943958282,0.04162730276584625,-0.11320723593235016,-0.0439629927277565,1.0,-0.8304113484919071
0.23333333432674408,0.10000000149011612,0.9745218753814697,0.10000000149011612,0.10000000149011612,0.4848484992980957,-0.02923806756734848,0.09504108130931854,0.04233738034963608,-0.11318667232990265,-0.04402640089392662,1.0,-1.080435212701559
0.23333333432674408,0.10000000149011612,0.9740707874298096,0.10000000149011612,0.15000000596046448,0.4848484992980957,-0.030605796724557877,0.09764067083597183,0.04271451756358147,-0.11310688406229019,-0.04360941797494888,1.0,-1.4564225114881992
0.30000001192092896,0.13333334028720856,0.9733797311782837,0.11999999731779099,0.20000000298023224,0.4848484992980957,-0.031850434839725494,0.09422067552804947,0.04735350236296654,-0.11022277921438217,-0.04362703859806061,1.0,-1.5784155614674091
0.2666666805744171,0.13333334028720856,0.9730086922645569,0.11999999731779099,0.25,0.4848484992980957,-0.03357066959142685,0.09896361082792282,0.04571356251835823,-0.11061467230319977,-0.04382319375872612,1.0,-1.9224310144782066
0.30000001192092896,0.13333334028720856,0.9724776148796082,0.14000000059604645,0.30000001192092896,0.4848484992980957,-0.0349651575088501,0.09969787299633026,0.04870274290442467,-0.10892701148986816,-0.04369640350341797,1.0,-2.1724070832133293
0.3333333432674408,0.13333334028720856,0.9719465970993042,0.14000000059604645,0.3499999940395355,0.4848484992980957,-0.03636511415243149,0.10059984773397446,0.05216044932603836,-0.10763158649206161,-0.04295982047915459,1.0,-2.3604352064430714
0.3333333432674408,0.13333334028720856,0.971495509147644,0.11999999731779099,0.4000000059604645,0.4848484992980957,-0.03783242404460907,0.10370960831642151,0.053248628973960876,-0.10748233646154404,-0.041879624128341675,1.0,-2.610411275178194
0.3333333432674408,0.13333334028720856,0.9710444808006287,0.11999999731779099,0.44999998807907104,0.4848484992980957,-0.039227381348609924,0.10663951188325882,0.053894318640232086,-0.10678679496049881,-0.041598841547966,1.0,-2.9244267232716084
0.36666667461395264,0.1666666716337204,0.9704334139823914,0.11999999731779099,0.5,0.4848484992980957,-0.04071979224681854,0.10656842589378357,0.05695043504238129,-0.10452702641487122,-0.04211895167827606,1.0,-3.140435241162777
0.36666667461395264,0.1666666716337204,0.9699823260307312,0.14000000059604645,0.550000011920929,0.4848484992980957,-0.04184555262327194,0.10959740728139877,0.055973850190639496,-0.10447519272565842,-0.04382406920194626,1.0,-3.420411452651024
0.3333333432674408,0.20000000298023224,0.9695312976837158,0.1599999964237213,0.6000000238418579,0.4848484992980957,-0.042714111506938934,0.11329568922519684,0.05068177357316017,-0.1042497456073761,-0.04632953181862831,1.0,-182.6752414703369
0.06666667014360428,0.0,0.9478431940078735,0.0,0.0,0.5252525210380554,-0.03293658792972565,0.10626493394374847,0.030931886285543442,-0.12348060309886932,-0.04189026355743408,1.0,-0.17791488580405712
0.06666667014360428,0.03333333507180214,0.947473406791687,0.019999999552965164,0.0,0.5252525210380554,-0.032106928527355194,0.10345643758773804,0.030029023066163063,-0.12260888516902924,-0.04319858178496361,1.0,-0.4599106628447771
0.10000000149011612,0.06666667014360428,0.9470236301422119,0.019999999552965164,0.05000000074505806,0.5252525210380554,-0.031295232474803925,0.1035783588886261,0.03273193538188934,-0.1197470873594284,-0.042135950177907944,1.0,-0.6779148932546377
0.10000000149011612,0.10000000149011612,0.9466538429260254,0.019999999552965164,0.10000000149011612,0.5252525210380554,-0.03212324529886246,0.10456550121307373,0.03309392184019089,-0.11889839917421341,-0.04258335009217262,1.0,-0.9579149149358273
0.13333334028720856,0.10000000149011612,0.9462840557098389,0.03999999910593033,0.15000000596046448,0.5252525210380554,-0.03293149918317795,0.10431024432182312,0.03510541468858719,-0.11714082956314087,-0.04126490652561188,1.0,-1.207914900034666
0.13333334028720856,0.13333334028720856,0.9459142684936523,0.03999999910593033,0.20000000298023224,0.5252525210380554,-0.0340137705206871,0.10486951470375061,0.0346316322684288,-0.11545277386903763,-0.0402618832886219,1.0,-1.4899106584489346
0.13333334028720856,0.20000000298023224,0.9454644918441772,0.03999999910593033,0.25,0.5252525210380554,-0.034615837037563324,0.10392259061336517,0.034575365483760834,-0.112778440117836,-0.0399002805352211,1.0,-1.673923397436738
0.10000000149011612,0.20000000298023224,0.9452546834945679,0.05999999865889549,0.30000001192092896,0.5252525210380554,-0.0363839715719223,0.10814841091632843,0.032494597136974335,-0.11271349340677261,-0.040505144745111465,1.0,-1.9238994661718607
0.06666667014360428,0.20000000298023224,0.9450449347496033,0.05999999865889549,0.3499999940395355,0.5252525210380554,-0.03836280107498169,0.11296422779560089,0.030892401933670044,-0.11281079053878784,-0.04028802365064621,1.0,-2.237914914265275
0.10000000149011612,0.20000000298023224,0.9446751475334167,0.05999999865889549,0.4000000059604645,0.5252525210380554,-0.039943307638168335,0.11435087770223618,0.034192416816949844,-0.11143805086612701,-0.03983277082443237,1.0,-2.4279148261994123
0.13333334028720856,0.20000000298023224,0.9443053603172302,0.019999999552965164,0.44999998807907104,0.5252525210380554,-0.04190949350595474,0.11543717980384827,0.03846627473831177,-0.11115311086177826,-0.03833046555519104,1.0,-2.7399106584489346
0.20000000298023224,0.20000000298023224,0.9438555836677551,0.03999999910593033,0.5,0.5252525210380554,-0.04311621934175491,0.11467840522527695,0.04350283369421959,-0.10889270156621933,-0.03899593651294708,1.0,-2.9579149447381496
0.20000000298023224,0.23333333432674408,0.9434857964515686,0.03999999910593033,0.550000011920929,0.5252525210380554,-0.04437876492738724,0.11653084307909012,0.04284348338842392,-0.10778525471687317,-0.03993048518896103,1.0,-3.2059192303568125
0.1666666716337204,0.2666666805744171,0.9431959986686707,0.05999999865889549,0.6000000238418579,0.5252525210380554,-0.04502803832292557,0.1198003739118576,0.03833040967583656,-0.10779387503862381,-0.042983636260032654,1.0,-3.4559189919382334
0.1666666716337204,0.2666666805744171,0.9429062008857727,0.05999999865889549,0.6499999761581421,0.5252525210380554,-0.046264324337244034,0.12283835560083389,0.03778817504644394,-0.10794015228748322,-0.04364925995469093,1.0,-3.703923277556896
0.13333334028720856,0.2666666805744171,0.9426963925361633,0.07999999821186066,0.699999988079071,0.5252525210380554,-0.047445714473724365,0.12682300806045532,0.03473494201898575,-0.10850229114294052,-0.046076700091362,1.0,-4.079910662025213
0.1666666716337204,0.30000001192092896,0.9422466158866882,0.10000000149011612,0.75,0.5252525210380554,-0.047717370092868805,0.1270247995853424,0.03518158197402954,-0.10804621130228043,-0.04811027646064758,1.0,-4.2658953331410885
0.1666666716337204,0.30000001192092896,0.9419568777084351,0.10000000149011612,0.800000011920929,0.5252525210380554,-0.04890624061226845,0.12941494584083557,0.035358741879463196,-0.1085500717163086,-0.04915005713701248,1.0,-4.48591922968626
0.1666666716337204,0.30000001192092896,0.9416670799255371,0.07999999821186066,0.8500000238418579,0.5252525210380554,-0.05029718950390816,0.13193491101264954,0.036149945110082626,-0.10925555974245071,-0.04916907846927643,1.0,-4.673923218622804
0.13333334028720856,0.30000001192092896,0.9414572715759277,0.05999999865889549,0.8999999761581421,0.5252525210380554,-0.051812995225191116,0.13565482199192047,0.03537249192595482,-0.11034597456455231,-0.05042589455842972,1.0,-222.0
0.0,0.0,0.9475554823875427,0.0,0.0,0.5252525210380554,-0.03423716500401497,0.11028340458869934,0.027195768430829048,-0.12628117203712463,-0.043431736528873444,1.0,-0.06401538848876953
0.06666667014360428,0.0,0.9473954439163208,0.0,0.0,0.5252525210380554,-0.03294488042593002,0.10624569654464722,0.030929818749427795,-0.12348277866840363,-0.04187370091676712,1.0,-0.24123886041343212
0.06666667014360428,0.03333333507180214,0.9468673467636108,0.019999999552965164,0.0,0.5252525210380554,-0.03211964666843414,0.10343089699745178,0.030025694519281387,-0.12261204421520233,-0.04317718744277954,1.0,-0.5232584793120623
0.10000000149011612,0.06666667014360428,0.9462592005729675,0.019999999552965164,0.05000000074505806,0.5252525210380554,-0.03129906207323074,0.10354705154895782,0.03273472189903259,-0.11974392831325531,-0.042106229811906815,1.0,-0.6772473212331533
0.06666667014360428,0.06666667014360428,0.9458910822868347,0.019999999552965164,0.10000000149011612,0.5252525210380554,-0.033189695328474045,0.10859869420528412,0.03142498433589935,-0.12092742323875427,-0.042455486953258514,1.0,-0.9892431162297726
0.06666667014360428,0.06666667014360428,0.9454429745674133,0.03999999910593033,0.15000000596046448,0.5252525210380554,-0.03432784974575043,0.10947281122207642,0.030809737741947174,-0.1206863671541214,-0.0424879752099514,1.0,-1.2412388753145933
0.10000000149011612,0.06666667014360428,0.9449148774147034,0.019999999552965164,0.20000000298023224,0.5252525210380554,-0.03547384589910507,0.11113844066858292,0.0341520681977272,-0.11873452365398407,-0.03983193635940552,1.0,-1.4592430870980024
0.10000000149011612,0.06666667014360428,0.944466769695282,0.019999999552965164,0.25,0.5252525210380554,-0.036647722125053406,0.11371271312236786,0.0347607359290123,-0.11783292144536972,-0.03856364265084267,1.0,-1.835230465978384
0.1666666716337204,0.10000000149011612,0.9437786936759949,0.03999999910593033,0.30000001192092896,0.5252525210380554,-0.03655025362968445,0.11028482764959335,0.039532337337732315,-0.11374826729297638,-0.03747936710715294,1.0,-2.0532584451138973
0.23333333432674408,0.10000000149011612,0.9431705474853516,0.03999999910593033,0.3499999940395355,0.5252525210380554,-0.03756226971745491,0.10993495583534241,0.045171525329351425,-0.11172164976596832,-0.03588142991065979,1.0,-2.2392431162297726
0.23333333432674408,0.10000000149011612,0.9427224397659302,0.03999999910593033,0.4000000059604645,0.5252525210380554,-0.03913171589374542,0.11245651543140411,0.046033553779125214,-0.11121104657649994,-0.03584654629230499,1.0,-2.519243026152253
0.23333333432674408,0.10000000149011612,0.9422743320465088,0.05999999865889549,0.44999998807907104,0.5252525210380554,-0.040472835302352905,0.11431991308927536,0.046179257333278656,-0.11053609848022461,-0.037177763879299164,1.0,-2.7992430850863457
0.23333333432674408,0.10000000149011612,0.9418262243270874,0.07999999821186066,0.5,0.5252525210380554,-0.041959699243307114,0.11702468246221542,0.046076059341430664,-0.10957817733287811,-0.03834450989961624,1.0,-3.11323469132185
0.30000001192092896,0.10000000149011612,0.9412181377410889,0.07999999821186066,0.550000011920929,0.5252525210380554,-0.04366791993379593,0.11610431224107742,0.05180917680263519,-0.10753984749317169,-0.03755728900432587,1.0,-3.393258597701788
0.36666667461395264,0.10000000149011612,0.9406099915504456,0.10000000149011612,0.6000000238418579,0.5252525210380554,-0.0440918505191803,0.11779491603374481,0.058518752455711365,-0.10509717464447021,-0.03693445771932602,1.0,-3.6092429645359516
0.36666667461395264,0.10000000149011612,0.9401618838310242,0.11999999731779099,0.6499999761581421,0.5252525210380554,-0.044650498777627945,0.12117123603820801,0.05822640284895897,-0.10515671223402023,-0.03869645297527313,1.0,-3.9552303440868855
0.4000000059604645,0.1666666716337204,0.9394738078117371,0.11999999731779099,0.699999988079071,0.5252525210380554,-0.04468845948576927,0.12057900428771973,0.059074051678180695,-0.10458521544933319,-0.04079829528927803,1.0,-4.109243083745241
0.4000000059604645,0.1666666716337204,0.9390257000923157,0.11999999731779099,0.75,0.5252525210380554,-0.0456259660422802,0.12439281493425369,0.059176646173000336,-0.10508013516664505,-0.041142307221889496,1.0,-4.391262758523226
0.4333333373069763,0.1666666716337204,0.9384975433349609,0.11999999731779099,0.800000011920929,0.5252525210380554,-0.046416353434324265,0.1275259554386139,0.06252523511648178,-0.10480455309152603,-0.0407741405069828,1.0,-4.64123897626996
0.46666666865348816,0.1666666716337204,0.937969446182251,0.11999999731779099,0.8500000238418579,0.5252525210380554,-0.04721594974398613,0.1304788589477539,0.06581568717956543,-0.10452441871166229,-0.040375497192144394,1.0,-245.87520599365234
0.0,0.03333333507180214,0.9232814311981201,0.0,0.0,0.5555555820465088,-0.03335444629192352,0.10794491320848465,0.026304878294467926,-0.12619560956954956,-0.04272642359137535,1.0,-0.28201961889863014
0.0,0.06666667014360428,0.9232013821601868,0.0,0.05000000074505806,0.5555555820465088,-0.033050715923309326,0.10995718836784363,0.027141503989696503,-0.1242695152759552,-0.042884524911642075,1.0,-0.5319957807660103
0.03333333507180214,0.06666667014360428,0.9231213927268982,0.0,0.10000000149011612,0.5555555820465088,-0.03350105881690979,0.11089908331632614,0.02949756756424904,-0.12250635772943497,-0.04086630046367645,1.0,-0.9423084557056427
0.03333333507180214,0.06666667014360428,0.9226406216621399,0.0,0.15000000596046448,0.5555555820465088,-0.03483857959508896,0.11310243606567383,0.029636910185217857,-0.12215637415647507,-0.040309756994247437,1.0,-1.224280372262001
0.03333333507180214,0.10000000149011612,0.9220799207687378,0.0,0.20000000298023224,0.5555555820465088,-0.03591829538345337,0.11362573504447937,0.02904195711016655,-0.12044383585453033,-0.039412014186382294,1.0,-1.4742803573608398
0.06666667014360428,0.10000000149011612,0.9215192198753357,0.0,0.25,0.5555555820465088,-0.037038642913103104,0.11392499506473541,0.03194647654891014,-0.11853888630867004,-0.03737194091081619,1.0,-1.7222846429795027
0.03333333507180214,0.13333334028720856,0.9210385084152222,0.019999999552965164,0.30000001192092896,0.5555555820465088,-0.03746607154607773,0.11533130705356598,0.029555421322584152,-0.11800768226385117,-0.039108939468860626,1.0,-1.9422845542430878
0.03333333507180214,0.13333334028720856,0.9205577969551086,0.0,0.3499999940395355,0.5555555820465088,-0.03904137760400772,0.11893966794013977,0.030966438353061676,-0.11766941845417023,-0.038208186626434326,1.0,-2.2242803871631622
0.06666667014360428,0.13333334028720856,0.9199970960617065,0.0,0.4000000059604645,0.5555555820465088,-0.04056014120578766,0.1199125126004219,0.03422503173351288,-0.11595335602760315,-0.03679269552230835,1.0,-2.472284523770213
0.06666667014360428,0.13333334028720856,0.919516384601593,0.019999999552965164,0.44999998807907104,0.5555555820465088,-0.041601136326789856,0.12158145755529404,0.03422169014811516,-0.11521999537944794,-0.0384860597550869,1.0,-2.722308425232768
0.06666667014360428,0.13333334028720856,0.9190356135368347,0.019999999552965164,0.5,0.5555555820465088,-0.04291648417711258,0.12408919632434845,0.034974291920661926,-0.11460193991661072,-0.03893924877047539,1.0,-3.0682719629257917
0.1666666716337204,0.13333334028720856,0.9183149337768555,0.019999999552965164,0.550000011920929,0.5555555820465088,-0.04508022218942642,0.1220746859908104,0.04261710122227669,-0.11166342347860336,-0.03634091839194298,1.0,-3.3182958643883467
0.23333333432674408,0.1666666716337204,0.9175941944122314,0.019999999552965164,0.6000000238418579,0.5555555820465088,-0.04612231254577637,0.12035782635211945,0.04654455929994583,-0.1090179830789566,-0.03652308136224747,1.0,-3.5662760101258755
0.30000001192092896,0.1666666716337204,0.9169535040855408,0.03999999910593033,0.6499999761581421,0.5555555820465088,-0.046005114912986755,0.12113473564386368,0.051200561225414276,-0.10768911987543106,-0.037295326590538025,1.0,-3.7822845224291086
0.30000001192092896,0.1666666716337204,0.9164727926254272,0.05999999865889549,0.699999988079071,0.5555555820465088,-0.046420540660619736,0.12429369986057281,0.0508732944726944,-0.1077999621629715,-0.03907519578933716,1.0,-4.126299969851971
0.3333333432674408,0.20000000298023224,0.9158320426940918,0.07999999821186066,0.75,0.5555555820465088,-0.04618004709482193,0.12489689886569977,0.05215661972761154,-0.10714779794216156,-0.04104539006948471,1.0,-4.344280414283276
0.36666667461395264,0.20000000298023224,0.9152713418006897,0.07999999821186066,0.800000011920929,0.5555555820465088,-0.04630352556705475,0.127450093626976,0.05548980087041855,-0.10698795318603516,-0.04066149890422821,1.0,-4.624280478805304
0.4000000059604645,0.20000000298023224,0.9147106409072876,0.10000000149011612,0.8500000238418579,0.5555555820465088,-0.0465552881360054,0.12934863567352295,0.058481670916080475,-0.10669781267642975,-0.04218678176403046,1.0,-4.936299849301577
0.46666666865348816,0.20000000298023224,0.9140698909759521,0.11999999731779099,0.8999999761581421,0.5555555820465088,-0.04748412221670151,0.13108021020889282,0.06494536995887756,-0.10522035509347916,-0.04235837981104851,1.0,-5.122284520417452
